device_id,churned_next_14d,predicted_churn,churn_probability,days_active_last_14d,total_playtime_last_14d,avg_playtime_per_day,avg_sessions_per_day,player_level,days_since_install,made_purchase_last_14d,revenue_last_14d,ad_views_last_14d,country_tier
100005,0,0,0.11911990124421536,3.0,80.2,26.733333333333334,5.0,6.0,18,0.0,0.0,4.0,3
100007,0,0,0.2598061949874533,4.0,44.7,11.175,2.5,5.0,11,0.0,0.0,2.0,4
100012,0,0,0.29409272451416024,3.0,19.9,6.633333333333333,2.6666666666666665,4.0,5,0.0,0.0,1.0,4
100023,0,0,0.2699739736568761,1.0,24.6,24.6,2.0,2.0,4,0.0,0.0,0.0,1
100033,0,0,0.022326088579522476,5.0,191.6,38.32,4.8,6.0,9,0.0,0.0,11.0,3
100043,0,0,0.2653683186052828,3.0,37.599999999999994,12.533333333333331,3.3333333333333335,4.0,4,0.0,0.0,0.0,3
100055,1,0,0.28712262857402054,6.0,58.4,9.733333333333333,2.8333333333333335,6.0,12,0.0,0.0,2.0,1
100059,0,0,0.1654900069726745,2.0,30.1,15.05,4.5,3.0,6,0.0,0.0,4.0,4
100061,0,0,0.21050723856790438,4.0,48.6,12.15,3.75,5.0,10,0.0,0.0,3.0,4
100064,0,0,0.22494994446781352,3.0,19.299999999999997,6.433333333333333,4.666666666666667,5.0,15,0.0,0.0,3.0,4
100068,0,0,0.15074023870007555,3.0,38.1,12.700000000000001,4.333333333333333,4.0,14,0.0,0.0,6.0,4
100083,0,0,0.2143071289453407,4.0,48.1,12.025,4.5,5.0,7,0.0,0.0,2.0,2
100091,0,0,0.2912450422293586,1.0,1.2,1.2,2.0,2.0,0,0.0,0.0,0.0,4
100093,0,0,0.18082832382181838,2.0,44.9,22.45,2.0,3.0,8,0.0,0.0,4.0,3
100101,0,0,0.2733207696933901,3.0,23.1,7.7,4.0,4.0,9,1.0,4.99,1.0,4
100107,0,0,0.20497937775366826,3.0,61.5,20.5,3.3333333333333335,4.0,7,0.0,0.0,1.0,4
100108,0,0,0.05355822227353954,4.0,121.4,30.35,4.5,5.0,6,0.0,0.0,9.0,4
100126,0,0,0.20209055741511917,3.0,36.1,12.033333333333333,4.0,4.0,10,0.0,0.0,3.0,2
100127,0,0,0.24006601820342205,3.0,24.9,8.299999999999999,4.333333333333333,5.0,18,0.0,0.0,2.0,1
100128,0,0,0.2917829079344018,5.0,52.2,10.440000000000001,3.0,6.0,11,1.0,9.99,1.0,4
100132,0,0,0.24625317412577002,2.0,37.900000000000006,18.950000000000003,3.0,3.0,3,0.0,0.0,0.0,4
100139,0,0,0.2671846283341628,2.0,16.6,8.3,4.0,3.0,6,0.0,0.0,0.0,4
100142,0,0,0.13297500967725479,3.0,73.1,24.366666666666664,5.0,4.0,3,0.0,0.0,3.0,3
100144,0,0,0.11159316537563928,3.0,124.6,41.53333333333333,2.6666666666666665,4.0,4,0.0,0.0,2.0,2
100145,0,0,0.18533980999828245,2.0,24.1,12.05,3.5,3.0,4,0.0,0.0,4.0,4
100147,0,0,0.20469440928936797,3.0,54.1,18.033333333333335,2.0,4.0,11,0.0,0.0,3.0,4
100149,0,0,0.15253655258524595,2.0,52.800000000000004,26.400000000000002,2.5,3.0,12,0.0,0.0,5.0,4
100153,0,0,0.17780190513261104,2.0,70.1,35.05,1.5,3.0,10,1.0,4.99,3.0,3
100159,0,0,0.26508426455863976,2.0,8.5,4.25,3.5,3.0,2,0.0,0.0,1.0,4
100162,0,0,0.019031848863202833,6.0,218.3,36.38333333333333,3.8333333333333335,8.0,18,0.0,0.0,12.0,4
100163,0,0,0.2141360699034565,2.0,25.9,12.95,3.0,5.0,17,0.0,0.0,3.0,2
100165,0,0,0.183878277366749,2.0,40.3,20.15,3.5,3.0,9,0.0,0.0,3.0,4
100175,1,0,0.2728735123861979,3.0,25.1,8.366666666666667,3.6666666666666665,4.0,14,0.0,0.0,1.0,4
100179,1,0,0.2712227984876761,3.0,28.200000000000003,9.4,2.3333333333333335,4.0,16,0.0,0.0,2.0,4
100187,0,0,0.09498774736756627,4.0,108.4,27.1,4.5,5.0,13,0.0,0.0,5.0,4
100193,0,0,0.3024545315125666,3.0,14.799999999999999,4.933333333333333,1.6666666666666667,4.0,6,0.0,0.0,2.0,4
100204,0,0,0.0829935699012813,4.0,112.1,28.025,5.5,5.0,10,0.0,0.0,5.0,4
100210,0,0,0.22893781474043082,2.0,59.2,29.6,2.0,3.0,3,0.0,0.0,0.0,4
100220,0,0,0.24470800464139664,3.0,25.9,8.633333333333333,2.3333333333333335,4.0,6,0.0,0.0,3.0,3
100239,0,0,0.21197298282546406,1.0,9.8,9.8,6.0,2.0,0,0.0,0.0,0.0,2
100242,0,0,0.11489684036664881,5.0,91.1,18.22,3.6,7.0,18,0.0,0.0,7.0,4
100244,1,0,0.2505457524880251,1.0,13.3,13.3,4.0,2.0,9,0.0,0.0,0.0,3
100245,0,0,0.11403720220933933,3.0,56.8,18.933333333333334,4.333333333333333,4.0,10,0.0,0.0,7.0,4
100248,1,0,0.2837113333948229,1.0,37.8,37.8,1.0,2.0,11,0.0,0.0,0.0,2
100256,0,0,0.06738166473366206,4.0,155.4,38.85,5.0,5.0,6,0.0,0.0,3.0,4
100257,0,0,0.06657203462469609,5.0,109.8,21.96,3.0,7.0,18,0.0,0.0,11.0,4
100258,1,0,0.10351923952003536,3.0,89.5,29.833333333333332,5.666666666666667,6.0,17,0.0,0.0,4.0,4
100261,0,0,0.13455353858852187,3.0,52.5,17.5,5.0,4.0,7,0.0,0.0,5.0,4
100264,0,0,0.2554868052278567,1.0,24.9,24.9,2.0,2.0,9,0.0,0.0,1.0,4
100265,0,0,0.22033941406272553,1.0,20.1,20.1,5.0,2.0,0,0.0,0.0,0.0,3
100269,1,0,0.23559155315847644,3.0,31.7,10.566666666666666,2.3333333333333335,4.0,9,0.0,0.0,3.0,2
100276,0,0,0.23656133245187796,1.0,24.8,24.8,2.0,2.0,14,1.0,49.99,1.0,2
100281,0,0,0.05531436032587031,4.0,161.8,40.45,3.0,5.0,7,0.0,0.0,6.0,4
100283,1,0,0.2900328563316452,1.0,4.5,4.5,2.0,2.0,4,0.0,0.0,0.0,2
100289,0,0,0.19434439122579575,1.0,15.0,15.0,7.0,2.0,0,0.0,0.0,0.0,4
100305,0,0,0.13352716608447593,3.0,100.89999999999999,33.63333333333333,3.3333333333333335,4.0,9,0.0,0.0,2.0,2
100306,1,0,0.16244439745850742,4.0,83.5,20.875,3.25,6.0,17,0.0,0.0,3.0,2
100313,0,0,0.25662027604426524,2.0,20.3,10.15,3.0,3.0,5,0.0,0.0,1.0,4
100314,0,0,0.1392446644539274,4.0,64.2,16.05,4.75,5.0,7,0.0,0.0,5.0,4
100325,0,0,0.2538133170645678,1.0,26.4,26.4,3.0,2.0,5,0.0,0.0,0.0,4
100326,0,0,0.3067776417861769,1.0,4.4,4.4,1.0,2.0,2,0.0,0.0,0.0,1
100339,0,0,0.14385143411875734,3.0,125.4,41.800000000000004,2.3333333333333335,4.0,12,0.0,0.0,0.0,4
100356,0,0,0.31978934960816735,5.0,41.5,8.3,1.6,6.0,13,0.0,0.0,2.0,4
100369,0,0,0.09264437701224941,4.0,154.0,38.5,2.75,5.0,9,0.0,0.0,2.0,3
100378,1,0,0.140382471715187,4.0,90.8,22.7,4.25,5.0,14,0.0,0.0,3.0,4
100382,0,0,0.16279891098765198,3.0,66.10000000000001,22.033333333333335,3.6666666666666665,5.0,15,0.0,0.0,3.0,1
100386,0,0,0.19309822325449552,3.0,49.5,16.5,2.0,4.0,9,0.0,0.0,4.0,4
100395,0,0,0.23292401500619475,3.0,50.3,16.766666666666666,3.0,5.0,15,0.0,0.0,1.0,1
100404,0,0,0.18273535725634893,1.0,22.2,22.2,4.0,2.0,2,0.0,0.0,3.0,4
100411,0,0,0.2326608018399915,1.0,25.0,25.0,4.0,2.0,0,0.0,0.0,0.0,3
100413,0,0,0.27571737880614866,2.0,10.9,5.45,2.0,4.0,15,0.0,0.0,2.0,2
100414,1,0,0.28127595051263937,1.0,6.3,6.3,3.0,3.0,16,0.0,0.0,0.0,4
100416,0,0,0.24938172093569322,2.0,37.6,18.8,3.0,3.0,6,0.0,0.0,0.0,4
100421,0,0,0.1592047722351395,3.0,60.0,20.0,4.333333333333333,4.0,5,0.0,0.0,3.0,4
100422,0,0,0.1152936182732109,2.0,64.4,32.2,4.5,3.0,5,0.0,0.0,5.0,4
100424,0,0,0.18791757397072448,3.0,69.0,23.0,3.6666666666666665,4.0,7,0.0,0.0,1.0,4
100426,0,0,0.10852003841718194,5.0,116.2,23.240000000000002,4.4,6.0,9,0.0,0.0,4.0,4
100430,0,0,0.22425255217937937,4.0,69.4,17.35,3.75,5.0,8,0.0,0.0,0.0,1
100432,1,0,0.1707631876927176,3.0,79.9,26.633333333333336,2.3333333333333335,4.0,3,0.0,0.0,2.0,4
100434,0,0,0.16914503841324874,4.0,91.7,22.925,3.75,5.0,6,0.0,0.0,1.0,4
100442,0,0,0.04212836175140816,8.0,197.4,24.675,3.125,8.0,14,0.0,0.0,10.0,4
100444,0,0,0.21813207013771793,7.0,104.60000000000001,14.942857142857145,4.0,7.0,13,0.0,0.0,1.0,2
100448,0,0,0.04916182013756743,7.0,179.6,25.657142857142855,4.142857142857143,7.0,9,0.0,0.0,8.0,4
100459,0,0,0.13326894372355558,2.0,31.900000000000002,15.950000000000001,7.0,3.0,5,0.0,0.0,4.0,4
100476,1,0,0.16619098123780235,3.0,88.0,29.333333333333332,3.3333333333333335,4.0,13,0.0,0.0,1.0,1
100492,0,0,0.1534704855635238,3.0,42.7,14.233333333333334,4.333333333333333,4.0,6,0.0,0.0,5.0,3
100493,0,0,0.2151803028355573,3.0,33.5,11.166666666666666,3.3333333333333335,4.0,6,0.0,0.0,3.0,4
100498,0,0,0.15131281322625748,5.0,99.8,19.96,3.4,6.0,10,0.0,0.0,3.0,1
100505,0,0,0.19873729207116964,3.0,45.1,15.033333333333333,3.3333333333333335,4.0,10,0.0,0.0,3.0,4
100521,0,0,0.18534497032841682,3.0,51.1,17.033333333333335,5.666666666666667,4.0,7,0.0,0.0,1.0,1
100524,1,0,0.28933535747426536,2.0,22.299999999999997,11.149999999999999,1.5,3.0,15,0.0,0.0,1.0,3
100525,0,0,0.28254545405056425,1.0,10.2,10.2,2.0,2.0,0,0.0,0.0,0.0,4
100539,0,0,0.04949244975497935,7.0,156.9,22.414285714285715,4.714285714285714,8.0,16,0.0,0.0,10.0,1
100541,0,0,0.029275239487051432,10.0,156.0,15.6,5.4,10.0,16,0.0,0.0,19.0,3
100546,0,0,0.20483905245356943,1.0,25.2,25.2,3.0,4.0,18,0.0,0.0,3.0,4
100550,0,0,0.28605608150464673,3.0,30.1,10.033333333333333,2.3333333333333335,6.0,18,0.0,0.0,1.0,1
100551,0,0,0.15664781900505792,2.0,48.7,24.35,5.0,4.0,15,0.0,0.0,3.0,4
100552,0,0,0.13203560145273938,5.0,92.4,18.48,2.8,6.0,16,0.0,0.0,6.0,2
100567,0,0,0.01353752328398526,8.0,246.0,30.75,5.75,8.0,14,0.0,0.0,13.0,3
100575,0,0,0.33412196486849577,3.0,24.7,8.233333333333333,1.3333333333333333,4.0,5,0.0,0.0,0.0,4
100577,0,0,0.19514848730187298,1.0,34.8,34.8,3.0,2.0,12,0.0,0.0,3.0,4
100582,0,0,0.17186598389408778,2.0,33.9,16.95,7.0,3.0,2,0.0,0.0,1.0,4
100583,1,0,0.12246433408283663,4.0,94.2,23.55,3.25,6.0,18,0.0,0.0,5.0,3
100594,0,0,0.07960929197688964,5.0,149.4,29.880000000000003,5.2,6.0,9,0.0,0.0,3.0,4
100597,0,0,0.2758854873732919,1.0,18.2,18.2,2.0,2.0,1,0.0,0.0,0.0,4
100601,0,0,0.2901340627803047,3.0,27.1,9.033333333333333,3.6666666666666665,4.0,13,0.0,0.0,0.0,4
100603,0,0,0.3182818735416187,4.0,24.2,6.05,1.75,5.0,9,0.0,0.0,2.0,4
100620,0,0,0.08593535591540925,4.0,147.3,36.825,5.25,5.0,3,0.0,0.0,1.0,2
100628,0,0,0.10778919731442449,5.0,87.69999999999999,17.54,4.6,6.0,13,0.0,0.0,7.0,4
100632,0,0,0.29479978713880245,3.0,24.3,8.1,3.3333333333333335,4.0,7,0.0,0.0,0.0,2
100640,0,0,0.28768836217965754,1.0,10.9,10.9,2.0,2.0,8,0.0,0.0,0.0,2
100641,0,0,0.27243451994411827,3.0,40.2,13.4,2.6666666666666665,4.0,6,0.0,0.0,0.0,1
100643,0,0,0.07522013107347042,4.0,132.5,33.125,4.0,5.0,5,0.0,0.0,5.0,4
100662,0,0,0.20063436289304704,1.0,6.6,6.6,7.0,2.0,0,0.0,0.0,0.0,4
100666,0,0,0.24198267300063742,3.0,31.7,10.566666666666666,4.0,6.0,17,1.0,1.99,2.0,4
100672,0,0,0.2204788186943773,2.0,41.7,20.85,3.0,3.0,4,0.0,0.0,1.0,3
100674,0,0,0.08276481044745167,5.0,128.7,25.74,5.0,6.0,11,0.0,0.0,5.0,4
100696,0,0,0.1153463715940768,6.0,116.0,19.333333333333332,2.8333333333333335,6.0,6,0.0,0.0,6.0,4
100697,0,0,0.08102473774648984,5.0,134.7,26.939999999999998,5.6,6.0,9,0.0,0.0,4.0,4
100702,0,0,0.24974454806183208,3.0,27.2,9.066666666666666,2.3333333333333335,5.0,15,0.0,0.0,3.0,4
100708,0,0,0.09536339248629207,4.0,81.6,20.4,6.5,5.0,8,1.0,4.99,6.0,3
100710,0,0,0.09699670680166704,7.0,93.6,13.37142857142857,4.571428571428571,7.0,12,1.0,59.980000000000004,9.0,4
100716,0,0,0.0767330180130605,4.0,140.8,35.2,3.25,5.0,14,0.0,0.0,5.0,4
100719,0,0,0.2689610759271855,3.0,43.0,14.333333333333334,1.6666666666666667,4.0,12,0.0,0.0,1.0,1
100722,0,0,0.24709015065897827,3.0,11.3,3.766666666666667,4.0,4.0,10,0.0,0.0,3.0,3
100723,0,0,0.04107366949302483,9.0,256.2,28.466666666666665,4.333333333333333,9.0,12,0.0,0.0,4.0,1
100731,0,0,0.25259079115359045,1.0,27.8,27.8,3.0,2.0,6,0.0,0.0,0.0,3
100732,0,0,0.10430878897122885,5.0,114.9,22.98,4.0,6.0,12,0.0,0.0,5.0,4
100737,0,0,0.3102928640061531,2.0,16.6,8.3,1.5,3.0,1,0.0,0.0,0.0,4
100739,0,0,0.040703595476931,4.0,192.6,48.15,5.0,5.0,3,0.0,0.0,4.0,4
100740,0,0,0.28079331030179777,1.0,11.1,11.1,2.0,2.0,1,0.0,0.0,0.0,2
100753,0,0,0.08226692904452422,6.0,151.4,25.233333333333334,2.8333333333333335,6.0,14,0.0,0.0,6.0,4
100756,1,0,0.24456041782021337,1.0,12.1,12.1,4.0,2.0,0,0.0,0.0,0.0,4
100762,0,0,0.04928281963309372,5.0,137.3,27.46,5.0,6.0,8,0.0,0.0,9.0,4
100763,1,0,0.26177961261759175,4.0,49.599999999999994,12.399999999999999,2.0,6.0,17,0.0,0.0,2.0,3
100769,1,0,0.3135582353606507,3.0,18.1,6.033333333333334,3.6666666666666665,4.0,17,0.0,0.0,0.0,4
100771,0,0,0.26938972886353235,1.0,8.7,8.7,2.0,2.0,8,0.0,0.0,1.0,4
100779,0,0,0.16308537393962447,5.0,49.5,9.9,3.0,6.0,14,0.0,0.0,8.0,4
100784,0,0,0.3236414792867923,3.0,19.299999999999997,6.433333333333333,2.3333333333333335,4.0,3,0.0,0.0,0.0,4
100785,0,0,0.1869875709683232,2.0,35.7,17.85,4.5,3.0,3,0.0,0.0,2.0,2
100788,0,0,0.19388861089208123,3.0,33.1,11.033333333333333,5.333333333333333,4.0,18,0.0,0.0,3.0,3
100802,0,0,0.09280004920939351,5.0,137.3,27.46,3.8,6.0,14,0.0,0.0,4.0,1
100803,0,0,0.19201420516070483,1.0,33.4,33.4,5.0,2.0,1,0.0,0.0,1.0,2
100804,0,0,0.308885116864108,1.0,5.2,5.2,1.0,2.0,2,0.0,0.0,0.0,4
100806,0,0,0.15761005844000736,5.0,95.69999999999999,19.139999999999997,2.2,6.0,10,0.0,0.0,4.0,1
100807,0,0,0.13450882222863436,4.0,85.5,21.375,5.25,5.0,11,0.0,0.0,3.0,4
100811,0,0,0.08675134868218848,4.0,146.2,36.55,3.0,5.0,3,0.0,0.0,3.0,4
100813,0,0,0.12002114972897333,2.0,90.7,45.35,2.5,3.0,3,0.0,0.0,4.0,2
100824,0,0,0.24697229130174397,2.0,31.2,15.6,3.0,4.0,18,0.0,0.0,1.0,2
100827,0,0,0.23323263521312573,1.0,5.5,5.5,5.0,2.0,0,0.0,0.0,0.0,4
100837,0,0,0.24426276920260032,2.0,16.0,8.0,5.5,3.0,11,0.0,0.0,0.0,2
100839,0,0,0.2535737532544131,1.0,1.9,1.9,4.0,2.0,0,0.0,0.0,0.0,4
100847,0,0,0.02072830395807678,6.0,201.9,33.65,3.5,6.0,11,0.0,0.0,13.0,3
100870,1,0,0.13250614255640372,3.0,42.7,14.233333333333334,4.0,4.0,9,0.0,0.0,7.0,4
100886,0,0,0.2978069025920142,4.0,33.7,8.425,3.0,5.0,13,0.0,0.0,1.0,3
100892,0,0,0.23865655379719367,1.0,23.9,23.9,4.0,2.0,5,0.0,0.0,0.0,4
100894,0,0,0.2831019506215387,1.0,14.6,14.6,2.0,2.0,5,0.0,0.0,0.0,4
100898,0,0,0.10620049089137766,2.0,66.19999999999999,33.099999999999994,6.5,3.0,5,0.0,0.0,4.0,4
100899,0,0,0.1226013390715091,2.0,69.0,34.5,4.5,3.0,5,0.0,0.0,4.0,4
100900,1,0,0.25140126359885,2.0,28.5,14.25,3.0,4.0,16,0.0,0.0,1.0,4
100907,0,0,0.2687073739905549,1.0,9.1,9.1,3.0,2.0,5,0.0,0.0,0.0,3
100910,0,0,0.2723094684385525,2.0,34.2,17.1,2.0,3.0,5,0.0,0.0,0.0,4
100911,0,0,0.2911399703108945,1.0,3.3,3.3,2.0,2.0,2,0.0,0.0,0.0,4
100912,1,0,0.2988158847694876,2.0,31.2,15.6,1.0,3.0,10,0.0,0.0,0.0,1
100916,0,0,0.25681357468850713,2.0,17.2,8.6,2.0,3.0,3,0.0,0.0,2.0,4
100922,0,0,0.16829697452519116,3.0,72.7,24.233333333333334,3.6666666666666665,4.0,12,0.0,0.0,2.0,2
100931,0,0,0.1921597770482709,3.0,76.8,25.599999999999998,2.6666666666666665,4.0,10,0.0,0.0,1.0,4
100937,0,0,0.23397220904940413,1.0,44.2,44.2,3.0,2.0,0,0.0,0.0,0.0,4
100939,0,0,0.18476403744507822,3.0,47.4,15.799999999999999,4.0,4.0,12,0.0,0.0,3.0,1
100940,0,0,0.03817769261223437,6.0,156.6,26.099999999999998,4.833333333333333,6.0,11,0.0,0.0,11.0,4
100943,1,0,0.24653637808809906,5.0,48.7,9.74,3.6,7.0,18,0.0,0.0,3.0,4
100957,0,0,0.14780921334518446,5.0,83.7,16.740000000000002,2.2,6.0,9,0.0,0.0,6.0,4
100959,0,0,0.2931331703533461,2.0,6.5,3.25,2.5,3.0,8,0.0,0.0,1.0,4
100962,0,0,0.19042517088012492,2.0,51.599999999999994,25.799999999999997,3.0,3.0,7,0.0,0.0,2.0,3
100969,0,0,0.2557774097858737,1.0,18.6,18.6,2.0,2.0,3,0.0,0.0,1.0,4
100980,0,0,0.30299681491273794,2.0,15.2,7.6,2.0,3.0,1,0.0,0.0,0.0,4
100989,0,0,0.2737721243229021,3.0,30.1,10.033333333333333,2.6666666666666665,4.0,6,0.0,0.0,1.0,4
100990,0,0,0.162468879842898,3.0,44.0,14.666666666666666,3.6666666666666665,4.0,9,0.0,0.0,5.0,4
100993,0,0,0.11989533225071848,3.0,113.8,37.93333333333333,4.0,6.0,18,1.0,1.99,2.0,1
101002,1,0,0.10900950842094362,3.0,107.7,35.9,3.0,6.0,16,0.0,0.0,4.0,4
101008,0,0,0.20605887878710585,1.0,19.3,19.3,6.0,2.0,0,0.0,0.0,0.0,4
101011,0,0,0.2578414075404764,4.0,42.8,10.7,1.75,5.0,13,0.0,0.0,3.0,4
101013,0,0,0.3296567932117616,5.0,36.599999999999994,7.3199999999999985,2.8,6.0,13,0.0,0.0,1.0,2
101015,0,0,0.24862945408421736,4.0,42.4,10.6,2.5,6.0,18,0.0,0.0,3.0,4
101022,0,0,0.27070129035590523,2.0,17.2,8.6,3.5,3.0,1,0.0,0.0,0.0,4
101023,0,0,0.16148224265777064,1.0,61.7,61.7,7.0,2.0,0,0.0,0.0,0.0,3
101044,0,0,0.11802637209735027,3.0,58.9,19.633333333333333,2.6666666666666665,6.0,16,0.0,0.0,8.0,4
101046,0,0,0.07571368695534196,5.0,126.4,25.28,4.2,6.0,16,0.0,0.0,7.0,4
101048,0,0,0.25197265287534276,1.0,43.3,43.3,2.0,2.0,1,0.0,0.0,0.0,3
101060,0,0,0.260281780329671,1.0,42.7,42.7,1.0,4.0,18,0.0,0.0,1.0,1
101075,0,0,0.05042397007096891,6.0,136.4,22.733333333333334,3.1666666666666665,8.0,16,0.0,0.0,12.0,4
101083,0,0,0.30550183709631695,1.0,7.6,7.6,1.0,2.0,2,0.0,0.0,0.0,3
101102,0,0,0.23940942148357583,4.0,60.2,15.05,2.0,5.0,14,0.0,0.0,2.0,4
101103,0,0,0.20841544192118028,3.0,33.5,11.166666666666666,5.0,4.0,7,0.0,0.0,2.0,4
101107,0,0,0.26523510501917763,4.0,60.2,15.05,3.0,5.0,8,1.0,1.99,0.0,2
101113,0,0,0.1646910138241626,3.0,59.6,19.866666666666667,4.0,4.0,9,0.0,0.0,3.0,1
101117,0,0,0.3191205790504697,2.0,10.1,5.05,1.0,3.0,11,0.0,0.0,1.0,4
101123,0,0,0.17674054897688515,2.0,71.5,35.75,2.5,5.0,17,0.0,0.0,2.0,4
101126,0,0,0.06482678966595651,4.0,125.2,31.3,4.25,5.0,6,0.0,0.0,7.0,4
101131,0,0,0.16830070859557084,4.0,89.4,22.35,2.75,5.0,3,0.0,0.0,2.0,4
101135,1,0,0.2468107574473611,1.0,8.9,8.9,3.0,2.0,3,0.0,0.0,1.0,4
101138,0,0,0.25048933156603465,1.0,3.8,3.8,3.0,2.0,4,0.0,0.0,1.0,2
101157,0,0,0.23090026563896707,4.0,59.3,14.825,3.75,5.0,9,1.0,9.99,1.0,4
101165,0,0,0.29531139049758703,1.0,13.6,13.6,2.0,3.0,18,0.0,0.0,0.0,4
101169,0,0,0.30954777392481736,0.0,0.0,0.0,0.0,1.0,16,0.0,0.0,0.0,4
101172,0,0,0.15412312702862685,5.0,60.2,12.040000000000001,3.6,6.0,14,0.0,0.0,7.0,4
101180,0,0,0.234699111834594,1.0,3.8,3.8,5.0,2.0,1,0.0,0.0,0.0,3
101188,0,0,0.09776326109401005,3.0,107.39999999999999,35.8,6.333333333333333,4.0,6,0.0,0.0,2.0,4
101191,0,0,0.23416581327709024,1.0,2.5,2.5,5.0,2.0,1,0.0,0.0,0.0,1
101199,0,0,0.14812287523237513,4.0,96.0,24.0,3.75,5.0,6,0.0,0.0,2.0,4
101200,0,0,0.28252321636757144,1.0,16.2,16.2,2.0,2.0,6,0.0,0.0,0.0,4
101203,0,0,0.2539499153567278,3.0,58.6,19.533333333333335,1.6666666666666667,4.0,6,0.0,0.0,0.0,1
101230,0,0,0.2720882683983839,2.0,22.400000000000002,11.200000000000001,2.0,3.0,6,0.0,0.0,1.0,4
101242,0,0,0.12943141237021552,3.0,79.2,26.400000000000002,6.0,4.0,8,0.0,0.0,2.0,1
101255,0,0,0.038642843915128205,7.0,151.2,21.599999999999998,4.571428571428571,7.0,11,0.0,0.0,13.0,3
101269,0,0,0.312437060972564,3.0,37.599999999999994,12.533333333333331,1.3333333333333333,4.0,14,0.0,0.0,0.0,2
101274,0,0,0.13199788553557906,6.0,108.7,18.116666666666667,2.5,6.0,14,0.0,0.0,6.0,4
101275,0,0,0.025071487211631535,7.0,200.8,28.685714285714287,5.428571428571429,7.0,10,0.0,0.0,11.0,4
101281,0,0,0.020715926744044422,8.0,270.9,33.8625,4.875,8.0,12,0.0,0.0,7.0,2
101285,0,0,0.23230116144642687,1.0,7.6,7.6,5.0,2.0,1,0.0,0.0,0.0,4
101286,0,0,0.07013605765252215,5.0,125.0,25.0,4.8,6.0,7,0.0,0.0,7.0,4
101288,0,0,0.2500677265629473,3.0,38.6,12.866666666666667,3.3333333333333335,5.0,16,0.0,0.0,1.0,1
101291,1,0,0.25524164420493434,4.0,43.9,10.975,2.75,5.0,10,0.0,0.0,2.0,3
101296,0,0,0.2816879335449691,2.0,22.6,11.3,2.5,3.0,3,0.0,0.0,0.0,4
101303,0,0,0.23193952700354964,6.0,68.89999999999999,11.483333333333333,2.5,8.0,18,0.0,0.0,4.0,3
101314,0,0,0.06251997030269142,5.0,157.5,31.5,3.8,6.0,16,0.0,0.0,6.0,4
101317,0,0,0.28912302097208475,4.0,36.5,9.125,3.25,6.0,16,0.0,0.0,1.0,4
101321,1,0,0.2735175737848358,1.0,7.0,7.0,3.0,2.0,10,0.0,0.0,0.0,1
101328,0,0,0.1303815697016064,6.0,105.5,17.583333333333332,3.0,6.0,13,0.0,0.0,6.0,4
101349,0,0,0.20344084593181502,7.0,104.7,14.957142857142857,2.7142857142857144,7.0,14,0.0,0.0,3.0,4
101353,1,0,0.1503608465719211,4.0,98.4,24.6,2.25,5.0,10,0.0,0.0,3.0,3
101357,0,0,0.25362809170963385,2.0,30.5,15.25,2.0,3.0,2,0.0,0.0,1.0,3
101360,0,0,0.23672103924219856,3.0,42.3,14.1,3.6666666666666665,4.0,11,0.0,0.0,1.0,4
101363,0,0,0.22672315899920015,1.0,16.3,16.3,5.0,2.0,4,0.0,0.0,0.0,3
101374,0,0,0.05102775142132962,8.0,166.39999999999998,20.799999999999997,3.75,9.0,15,0.0,0.0,11.0,4
101378,0,0,0.1124520692389974,3.0,141.8,47.26666666666667,3.0,4.0,2,0.0,0.0,0.0,3
101379,0,0,0.12851470956191524,3.0,65.4,21.8,4.0,4.0,5,0.0,0.0,5.0,3
101388,0,0,0.23174743519086255,2.0,39.2,19.6,3.0,3.0,12,0.0,0.0,1.0,4
101389,0,0,0.31028339499564317,1.0,7.8,7.8,1.0,2.0,6,0.0,0.0,0.0,4
101390,0,0,0.1409253689623167,5.0,89.3,17.86,3.6,6.0,15,0.0,0.0,5.0,4
101395,0,0,0.29236291423995037,2.0,9.4,4.7,2.5,4.0,16,0.0,0.0,1.0,2
101398,0,0,0.2564095508359283,2.0,33.8,16.9,1.0,3.0,14,0.0,0.0,2.0,4
101403,0,0,0.25713567640459073,4.0,71.3,17.825,1.75,5.0,10,0.0,0.0,0.0,2
101404,0,0,0.24957004064220825,3.0,37.9,12.633333333333333,3.0,4.0,3,0.0,0.0,1.0,4
101405,0,0,0.20862421187859378,1.0,31.0,31.0,2.0,2.0,9,0.0,0.0,3.0,1
101415,0,0,0.20761803171956836,2.0,45.1,22.55,4.0,3.0,15,0.0,0.0,1.0,2
101427,0,0,0.2885792346583544,1.0,14.5,14.5,1.0,4.0,17,0.0,0.0,1.0,4
101432,0,0,0.21056220812438411,3.0,54.7,18.233333333333334,3.6666666666666665,4.0,6,0.0,0.0,1.0,4
101433,1,0,0.08268977267872622,6.0,136.2,22.7,3.3333333333333335,6.0,11,0.0,0.0,7.0,4
101437,0,0,0.03190839401454884,7.0,217.5,31.071428571428573,5.142857142857143,7.0,8,0.0,0.0,7.0,1
101452,0,0,0.09690311317938,5.0,86.9,17.380000000000003,3.6,6.0,13,0.0,0.0,9.0,4
101454,0,0,0.2709555538075555,1.0,12.0,12.0,2.0,2.0,13,0.0,0.0,1.0,4
101462,0,0,0.25044608964243215,1.0,8.4,8.4,4.0,2.0,3,0.0,0.0,0.0,4
101464,0,0,0.13571382068712673,4.0,68.2,17.05,3.75,6.0,15,0.0,0.0,6.0,4
101476,0,0,0.2280641983870988,1.0,10.7,10.7,5.0,2.0,0,0.0,0.0,0.0,3
101484,0,0,0.17559794577182436,3.0,85.6,28.53333333333333,3.6666666666666665,4.0,5,0.0,0.0,0.0,1
101496,0,0,0.08284958434566314,6.0,193.0,32.166666666666664,3.3333333333333335,6.0,12,0.0,0.0,1.0,3
101502,0,0,0.18624338997623138,2.0,50.6,25.3,5.5,3.0,1,0.0,0.0,0.0,4
101517,0,0,0.26141506201624337,3.0,41.4,13.799999999999999,2.0,4.0,4,0.0,0.0,1.0,4
101541,0,0,0.03957962171145747,5.0,178.6,35.72,4.6,6.0,7,0.0,0.0,7.0,1
101551,0,0,0.2556971595788739,1.0,24.3,24.3,3.0,2.0,5,0.0,0.0,0.0,4
101554,0,0,0.22071241016191345,2.0,41.0,20.5,3.0,3.0,2,0.0,0.0,1.0,4
101577,0,0,0.14908518103809706,4.0,86.5,21.625,3.75,5.0,9,0.0,0.0,3.0,4
101582,1,0,0.266084922375792,4.0,48.0,12.0,3.0,5.0,12,0.0,0.0,1.0,4
101584,0,0,0.25516865868190386,3.0,8.2,2.733333333333333,3.0,4.0,16,0.0,0.0,4.0,3
101587,0,0,0.03113381033959754,6.0,229.4,38.233333333333334,4.666666666666667,6.0,8,1.0,19.97,5.0,1
101589,1,0,0.04487577070007661,6.0,182.9,30.483333333333334,4.666666666666667,7.0,16,0.0,0.0,7.0,4
101620,0,0,0.30310437359798176,3.0,12.7,4.233333333333333,3.0,4.0,7,0.0,0.0,1.0,2
101621,0,0,0.2173977298366842,6.0,64.6,10.766666666666666,2.8333333333333335,6.0,16,0.0,0.0,5.0,4
101632,0,0,0.11939331778740597,3.0,89.5,29.833333333333332,4.0,6.0,18,0.0,0.0,4.0,4
101658,0,0,0.24627833527280107,2.0,37.6,18.8,2.0,3.0,9,0.0,0.0,1.0,1
101669,0,0,0.3090145665491745,2.0,26.3,13.15,1.0,3.0,11,0.0,0.0,0.0,1
101674,0,0,0.21858187009192007,3.0,25.2,8.4,3.0,4.0,10,0.0,0.0,4.0,3
101675,0,0,0.3016810097697859,2.0,15.399999999999999,7.699999999999999,1.5,4.0,15,0.0,0.0,1.0,4
101684,0,0,0.25864268487049524,1.0,8.9,8.9,4.0,3.0,16,0.0,0.0,0.0,2
101685,0,0,0.20799328341345044,3.0,40.9,13.633333333333333,5.0,4.0,2,0.0,0.0,1.0,1
101696,0,0,0.23306030269760597,2.0,23.6,11.8,4.0,3.0,4,0.0,0.0,1.0,4
101705,1,0,0.17491751446256756,2.0,41.900000000000006,20.950000000000003,3.0,4.0,15,0.0,0.0,4.0,3
101710,0,0,0.13575906775179378,5.0,117.1,23.419999999999998,2.6,6.0,9,0.0,0.0,3.0,1
101720,0,0,0.23728078591851703,1.0,2.1,2.1,4.0,2.0,5,0.0,0.0,1.0,4
101723,0,0,0.15574124015667115,4.0,78.0,19.5,4.25,5.0,13,0.0,0.0,3.0,1
101736,0,0,0.12190153263084745,4.0,69.5,17.375,3.5,5.0,9,0.0,0.0,7.0,4
101743,0,0,0.21128753196932906,2.0,47.5,23.75,2.5,3.0,16,0.0,0.0,2.0,4
101744,0,0,0.1590767056597981,2.0,65.8,32.9,2.5,3.0,3,0.0,0.0,3.0,1
101746,0,0,0.08279144311829051,2.0,63.5,31.75,6.5,3.0,12,0.0,0.0,7.0,4
101751,1,0,0.24914848771458967,3.0,52.1,17.366666666666667,1.6666666666666667,4.0,7,0.0,0.0,1.0,4
101765,0,0,0.15699546954264368,4.0,106.69999999999999,26.674999999999997,3.0,5.0,10,0.0,0.0,1.0,1
101767,0,0,0.16968921342962132,3.0,62.3,20.766666666666666,2.3333333333333335,4.0,10,0.0,0.0,4.0,4
101768,0,0,0.21608637503167646,3.0,46.5,15.5,2.0,4.0,9,0.0,0.0,3.0,4
101776,0,0,0.298083767855354,3.0,35.8,11.933333333333332,2.0,4.0,7,0.0,0.0,0.0,4
101784,0,0,0.18440040882938735,5.0,35.2,7.040000000000001,3.0,6.0,12,0.0,0.0,8.0,3
101785,0,0,0.1519381594540277,3.0,74.5,24.833333333333332,3.3333333333333335,4.0,5,0.0,0.0,3.0,4
101788,0,0,0.23552306410701265,2.0,23.5,11.75,5.0,3.0,6,0.0,0.0,0.0,1
101792,0,0,0.12430983274879767,3.0,105.4,35.13333333333333,2.3333333333333335,4.0,5,0.0,0.0,3.0,2
101799,0,0,0.08202666797321932,5.0,132.7,26.54,4.8,7.0,16,0.0,0.0,5.0,4
101804,0,0,0.19593078544868472,2.0,46.4,23.2,4.0,3.0,3,0.0,0.0,1.0,1
101811,0,0,0.24296774231616988,4.0,60.4,15.1,2.5,5.0,6,0.0,0.0,1.0,3
101833,0,0,0.17883514785809265,6.0,66.1,11.016666666666666,2.8333333333333335,6.0,15,0.0,0.0,7.0,4
101835,0,0,0.10627131918511812,5.0,124.7,24.94,4.8,6.0,9,0.0,0.0,3.0,4
101839,0,0,0.12578320987067512,4.0,64.4,16.1,4.75,5.0,8,0.0,0.0,6.0,2
101841,0,0,0.09211491421761421,7.0,136.6,19.514285714285712,3.7142857142857144,7.0,12,0.0,0.0,7.0,4
101850,0,0,0.24847567708725732,1.0,8.1,8.1,3.0,2.0,7,0.0,0.0,1.0,1
101854,0,0,0.19845474625440496,2.0,68.6,34.3,3.0,3.0,2,0.0,0.0,0.0,4
101858,0,0,0.1536277049701808,4.0,87.0,21.75,3.5,6.0,17,0.0,0.0,3.0,1
101878,0,0,0.10452866286770135,7.0,127.6,18.228571428571428,5.571428571428571,7.0,10,0.0,0.0,5.0,3
101879,0,0,0.021528793333446445,5.0,221.3,44.260000000000005,4.0,6.0,9,0.0,0.0,9.0,4
101882,0,0,0.25747373695329967,1.0,4.9,4.9,3.0,2.0,11,0.0,0.0,1.0,4
101883,0,0,0.18568451404095576,5.0,76.1,15.219999999999999,4.0,6.0,15,0.0,0.0,3.0,3
101886,0,0,0.2758854873732919,1.0,18.2,18.2,2.0,2.0,1,0.0,0.0,0.0,4
101887,1,0,0.3004267842852399,4.0,49.9,12.475,2.25,5.0,14,0.0,0.0,0.0,4
101888,0,0,0.20873961445048336,1.0,11.6,11.6,4.0,2.0,3,0.0,0.0,2.0,4
101896,0,0,0.24327178714496042,2.0,20.6,10.3,2.5,3.0,4,0.0,0.0,2.0,4
101902,0,0,0.2882284167773599,3.0,38.6,12.866666666666667,2.0,4.0,3,0.0,0.0,0.0,4
101903,0,0,0.24863852213232357,1.0,11.9,11.9,3.0,2.0,11,0.0,0.0,1.0,1
101907,0,0,0.17380345347017243,4.0,55.1,13.775,7.0,6.0,16,1.0,9.99,2.0,1
101917,0,0,0.2957349711381901,4.0,32.2,8.05,2.0,5.0,12,0.0,0.0,2.0,2
101927,0,0,0.24061536754622986,4.0,68.0,17.0,2.0,5.0,12,0.0,0.0,1.0,2
101936,0,0,0.275230056070351,1.0,1.1,1.1,3.0,2.0,3,0.0,0.0,0.0,4
101937,0,0,0.22462573946778927,2.0,23.4,11.7,3.5,3.0,8,0.0,0.0,2.0,3
101940,0,0,0.18001596387718197,3.0,48.2,16.066666666666666,5.333333333333333,4.0,9,0.0,0.0,2.0,2
101946,0,0,0.29557129418313377,2.0,15.600000000000001,7.800000000000001,3.0,3.0,17,0.0,0.0,0.0,1
101949,0,0,0.20437476303788246,3.0,58.2,19.400000000000002,2.3333333333333335,4.0,4,1.0,49.99,1.0,4
101955,0,0,0.10008352439752077,5.0,78.7,15.74,5.6,6.0,18,0.0,0.0,8.0,3
101957,0,0,0.03315640204249096,4.0,153.2,38.3,5.25,5.0,12,0.0,0.0,10.0,4
101963,0,0,0.15607729390840452,2.0,37.8,18.9,6.0,3.0,12,0.0,0.0,3.0,4
101965,0,0,0.11463249572379072,3.0,58.8,19.599999999999998,2.6666666666666665,4.0,6,0.0,0.0,8.0,4
101975,0,0,0.2824259331796597,3.0,45.5,15.166666666666666,2.0,4.0,12,0.0,0.0,0.0,4
101986,0,0,0.2851986059637046,1.0,8.8,8.8,1.0,2.0,5,0.0,0.0,1.0,4
101989,0,0,0.08791567795956864,3.0,92.4,30.8,6.0,6.0,17,0.0,0.0,5.0,2
101991,0,0,0.27242232891432266,1.0,1.1,1.1,3.0,2.0,0,0.0,0.0,0.0,4
101995,0,0,0.048767492772287986,5.0,111.89999999999999,22.38,6.2,6.0,11,1.0,9.99,11.0,4
101997,0,0,0.2900496561516506,1.0,9.4,9.4,2.0,2.0,7,0.0,0.0,0.0,4
102004,0,0,0.29037474231206634,3.0,23.799999999999997,7.933333333333333,2.3333333333333335,4.0,5,0.0,0.0,1.0,2
102012,0,0,0.25058194335662826,1.0,43.9,43.9,2.0,2.0,1,0.0,0.0,0.0,2
102015,0,0,0.12696158041355357,5.0,104.0,20.8,3.0,6.0,13,0.0,0.0,5.0,4
102020,0,0,0.12993624986837374,2.0,57.5,28.75,4.0,3.0,11,0.0,0.0,5.0,4
102024,0,0,0.051700647687029005,4.0,143.29999999999998,35.824999999999996,4.75,5.0,8,0.0,0.0,7.0,3
102025,0,0,0.15241766975630228,4.0,59.599999999999994,14.899999999999999,4.0,5.0,7,1.0,19.99,5.0,4
102033,0,0,0.19966657938457652,3.0,81.6,27.2,2.6666666666666665,4.0,10,0.0,0.0,0.0,1
102037,0,0,0.15472339819420303,2.0,27.0,13.5,5.5,3.0,3,0.0,0.0,4.0,4
102040,0,0,0.21773266764725238,2.0,26.3,13.15,3.5,3.0,4,0.0,0.0,2.0,4
102041,0,0,0.25824836898953724,1.0,22.5,22.5,3.0,2.0,7,0.0,0.0,0.0,3
102043,0,0,0.19448102670089873,2.0,56.7,28.35,4.5,3.0,4,0.0,0.0,0.0,4
102047,0,0,0.22703934022884253,1.0,12.3,12.3,4.0,2.0,4,0.0,0.0,1.0,3
102063,0,0,0.19890030871380412,6.0,80.5,13.416666666666666,3.1666666666666665,7.0,16,0.0,0.0,4.0,4
102065,1,0,0.2053409753784844,5.0,76.60000000000001,15.320000000000002,2.6,6.0,14,0.0,0.0,3.0,4
102071,0,0,0.26422173829783646,4.0,29.8,7.45,3.75,5.0,6,0.0,0.0,2.0,4
102072,0,0,0.06454809248339828,5.0,163.4,32.68,3.8,6.0,14,0.0,0.0,5.0,4
102081,0,0,0.0935730440091333,4.0,123.4,30.85,3.75,5.0,6,0.0,0.0,4.0,4
102087,0,0,0.22381283330889926,5.0,57.6,11.52,3.8,8.0,18,0.0,0.0,3.0,4
102089,0,0,0.2847975146461682,4.0,38.0,9.5,3.25,6.0,15,0.0,0.0,1.0,4
102103,0,0,0.23424489127272047,1.0,5.3,5.3,5.0,2.0,1,0.0,0.0,0.0,4
102108,0,0,0.2325221456830488,3.0,23.8,7.933333333333334,3.3333333333333335,4.0,8,0.0,0.0,3.0,2
102119,0,0,0.17270454595030116,3.0,87.4,29.133333333333336,3.0,4.0,12,0.0,0.0,1.0,4
102121,1,0,0.23955117049615024,1.0,4.1,4.1,5.0,2.0,7,0.0,0.0,0.0,3
102130,0,0,0.19549189007952622,2.0,62.3,31.15,4.0,3.0,6,0.0,0.0,0.0,4
102133,0,0,0.22672679245326807,2.0,24.2,12.1,3.5,3.0,14,0.0,0.0,2.0,1
102139,0,0,0.2638291134421468,4.0,46.8,11.7,3.25,6.0,16,0.0,0.0,1.0,1
102144,0,0,0.2558874951121888,1.0,21.1,21.1,3.0,2.0,2,0.0,0.0,0.0,4
102154,1,0,0.2687430211107213,2.0,15.9,7.95,3.0,3.0,10,0.0,0.0,1.0,4
102156,0,0,0.2118075359527096,2.0,52.2,26.1,2.5,3.0,3,0.0,0.0,1.0,3
102158,0,0,0.17026093821350421,2.0,65.9,32.95,3.0,3.0,4,0.0,0.0,2.0,4
102159,0,0,0.264454755204232,2.0,23.299999999999997,11.649999999999999,1.5,3.0,13,0.0,0.0,2.0,4
102166,1,0,0.31055463833229996,0.0,0.0,0.0,0.0,1.0,17,0.0,0.0,0.0,4
102167,0,0,0.15930302467795843,2.0,91.9,45.95,3.5,3.0,1,0.0,0.0,0.0,2
102173,0,0,0.27568578786465,1.0,21.4,21.4,2.0,2.0,4,0.0,0.0,0.0,4
102179,0,0,0.13783288905999871,2.0,102.3,51.15,3.5,3.0,8,0.0,0.0,1.0,2
102187,0,0,0.23485354699849018,3.0,38.6,12.866666666666667,2.0,5.0,16,0.0,0.0,3.0,4
102205,0,0,0.07344140903768484,5.0,114.2,22.84,4.4,6.0,7,0.0,0.0,8.0,4
102210,0,0,0.22184713630326644,2.0,31.0,15.5,3.0,3.0,9,0.0,0.0,2.0,3
102227,0,0,0.13198046904637137,3.0,61.2,20.400000000000002,4.666666666666667,5.0,16,0.0,0.0,5.0,4
102231,0,0,0.11639177767614166,3.0,89.3,29.766666666666666,5.0,4.0,6,0.0,0.0,3.0,3
102237,0,0,0.19568353809893588,4.0,80.00000000000001,20.000000000000004,4.25,5.0,5,0.0,0.0,0.0,2
102241,0,0,0.12849656066376752,4.0,112.5,28.125,2.75,5.0,13,0.0,0.0,3.0,4
102242,0,0,0.1912780055325466,2.0,40.8,20.4,5.0,3.0,5,0.0,0.0,1.0,2
102243,1,0,0.28631823293180075,4.0,35.8,8.95,2.25,6.0,18,0.0,0.0,2.0,1
102250,0,0,0.22729694059833133,3.0,21.5,7.166666666666667,2.6666666666666665,4.0,6,0.0,0.0,4.0,3
102252,0,0,0.11961176522003195,4.0,97.5,24.375,4.25,5.0,14,0.0,0.0,4.0,4
102253,0,0,0.12817609066577496,7.0,83.9,11.985714285714286,3.857142857142857,7.0,8,0.0,0.0,9.0,4
102264,0,0,0.24147771891310846,2.0,28.2,14.1,4.0,3.0,1,0.0,0.0,0.0,2
102274,0,0,0.020327917226497898,7.0,250.29999999999998,35.75714285714285,4.0,8.0,15,0.0,0.0,9.0,4
102278,0,0,0.12545334951928538,4.0,122.39999999999999,30.599999999999998,3.0,6.0,15,0.0,0.0,2.0,2
102287,0,0,0.2620942713245812,2.0,15.5,7.75,3.0,3.0,2,0.0,0.0,1.0,4
102294,0,0,0.09464679776922713,6.0,121.60000000000001,20.26666666666667,6.0,8.0,18,0.0,0.0,5.0,1
102301,0,0,0.12421808847809497,3.0,59.6,19.866666666666667,4.333333333333333,6.0,16,0.0,0.0,6.0,4
102308,0,0,0.24981536977974086,2.0,11.2,5.6,3.5,4.0,15,0.0,0.0,2.0,4
102310,0,0,0.1529120700886557,4.0,51.800000000000004,12.950000000000001,7.5,5.0,11,0.0,0.0,3.0,2
102317,0,0,0.1623492067320088,4.0,59.4,14.85,5.75,5.0,10,0.0,0.0,3.0,1
102324,0,0,0.20290888326666207,2.0,23.900000000000002,11.950000000000001,3.5,3.0,4,0.0,0.0,3.0,4
102329,0,0,0.14997778823848343,3.0,56.099999999999994,18.7,3.0,4.0,2,0.0,0.0,5.0,4
102332,0,0,0.21224813263278297,3.0,39.0,13.0,4.0,4.0,5,0.0,0.0,2.0,3
102334,0,0,0.2931768451723781,1.0,5.2,5.2,2.0,2.0,6,0.0,0.0,0.0,4
102335,0,0,0.19660147279415738,2.0,8.2,4.1,6.5,3.0,5,0.0,0.0,2.0,1
102338,0,0,0.17771676814918308,6.0,119.6,19.933333333333334,4.333333333333333,6.0,14,0.0,0.0,0.0,1
102339,0,0,0.1639513590830357,7.0,78.4,11.200000000000001,2.857142857142857,7.0,12,0.0,0.0,8.0,4
102354,0,0,0.16968521930746241,1.0,32.7,32.7,7.0,2.0,7,0.0,0.0,1.0,3
102359,1,0,0.16944205034350748,6.0,97.5,16.25,3.0,6.0,13,1.0,49.99,3.0,4
102363,0,0,0.2681824744107406,1.0,10.0,10.0,2.0,2.0,8,0.0,0.0,1.0,4
102374,0,0,0.2055397328706491,3.0,38.7,12.9,5.0,5.0,16,0.0,0.0,2.0,4
102379,0,0,0.2782952179325145,3.0,34.6,11.533333333333333,2.3333333333333335,4.0,14,0.0,0.0,1.0,4
102394,0,0,0.2445768710052046,2.0,25.799999999999997,12.899999999999999,3.5,4.0,15,0.0,0.0,1.0,2
102398,0,0,0.1518567444273176,4.0,94.9,23.725,4.5,5.0,3,0.0,0.0,1.0,2
102400,0,0,0.2551379949569209,3.0,45.8,15.266666666666666,3.0,4.0,3,0.0,0.0,0.0,4
102402,0,0,0.279968127578118,2.0,27.799999999999997,13.899999999999999,2.5,3.0,11,0.0,0.0,0.0,4
102403,0,0,0.17017568017564078,4.0,45.7,11.425,3.5,5.0,13,0.0,0.0,6.0,4
102406,1,0,0.23964064397171467,2.0,32.0,16.0,4.0,3.0,7,0.0,0.0,0.0,1
102416,0,0,0.12612535266342775,3.0,98.6,32.86666666666667,3.0,4.0,5,0.0,0.0,3.0,4
102433,0,0,0.1645849521872135,2.0,44.0,22.0,6.5,3.0,2,0.0,0.0,1.0,2
102434,0,0,0.14417131415042914,4.0,47.0,11.75,5.25,5.0,9,0.0,0.0,6.0,4
102439,0,0,0.15560996080422862,4.0,77.89999999999999,19.474999999999998,4.5,6.0,16,0.0,0.0,3.0,4
102467,0,0,0.2834181764087547,2.0,15.4,7.7,3.5,3.0,14,0.0,0.0,0.0,1
102476,0,0,0.15747997985615877,3.0,81.9,27.3,5.666666666666667,4.0,6,0.0,0.0,0.0,4
102482,1,0,0.2515824466867689,2.0,22.099999999999998,11.049999999999999,3.5,4.0,16,0.0,0.0,1.0,2
102490,0,0,0.06625582728490956,5.0,90.0,18.0,4.2,6.0,16,0.0,0.0,12.0,3
102507,0,0,0.10417665352902922,3.0,79.3,26.433333333333334,4.333333333333333,4.0,14,0.0,0.0,6.0,4
102508,0,0,0.26704654707867836,1.0,8.9,8.9,3.0,2.0,3,0.0,0.0,0.0,3
102509,0,0,0.2909607862561545,1.0,7.5,7.5,2.0,2.0,7,0.0,0.0,0.0,3
102510,0,0,0.11118186952397781,5.0,137.0,27.4,4.0,6.0,13,0.0,0.0,2.0,1
102517,0,0,0.16442537430489088,3.0,90.39999999999999,30.13333333333333,1.6666666666666667,4.0,3,0.0,0.0,2.0,4
102531,0,0,0.20858283216779314,2.0,23.7,11.85,3.5,3.0,11,0.0,0.0,3.0,4
102532,0,0,0.13317795235830662,3.0,64.6,21.53333333333333,4.0,4.0,11,0.0,0.0,5.0,4
102535,0,0,0.2724150809779141,1.0,3.1,3.1,3.0,2.0,2,0.0,0.0,0.0,4
102542,0,0,0.281849348442086,1.0,8.4,8.4,1.0,2.0,4,0.0,0.0,1.0,1
102544,0,0,0.27535301498994186,1.0,17.8,17.8,2.0,2.0,1,0.0,0.0,0.0,3
102550,0,0,0.2781000308767862,2.0,10.4,5.2,4.0,3.0,6,0.0,0.0,0.0,4
102551,0,0,0.2105776278032253,1.0,12.6,12.6,6.0,2.0,2,0.0,0.0,0.0,1
102552,0,0,0.2395948709540769,3.0,30.6,10.200000000000001,4.333333333333333,4.0,5,0.0,0.0,1.0,1
102556,0,0,0.1070619737481366,4.0,126.9,31.725,5.75,5.0,13,1.0,9.99,1.0,2
102563,0,0,0.1759287552501852,2.0,62.5,31.25,3.0,3.0,6,0.0,0.0,2.0,4
102569,0,0,0.2517582811289881,2.0,52.5,26.25,1.5,3.0,7,0.0,0.0,0.0,4
102572,0,0,0.2412310211504168,3.0,41.4,13.799999999999999,3.0,4.0,3,0.0,0.0,1.0,2
102575,0,0,0.1418709223627338,4.0,86.4,21.6,3.25,5.0,10,0.0,0.0,4.0,4
102587,0,0,0.22283508566400245,3.0,59.1,19.7,2.6666666666666665,4.0,14,0.0,0.0,1.0,1
102588,0,0,0.24121527519274358,2.0,20.5,10.25,1.5,3.0,7,0.0,0.0,3.0,2
102593,0,0,0.22062810466367508,3.0,39.5,13.166666666666666,3.6666666666666665,4.0,9,0.0,0.0,2.0,4
102598,0,0,0.022417464305910167,7.0,250.1,35.72857142857143,5.142857142857143,7.0,12,0.0,0.0,7.0,2
102601,1,0,0.31472425345616895,2.0,15.7,7.85,2.0,4.0,15,0.0,0.0,0.0,4
102602,0,0,0.3190033858180022,4.0,37.7,9.425,2.75,5.0,14,0.0,0.0,0.0,4
102622,0,0,0.23183116604388285,2.0,26.0,13.0,4.0,3.0,9,0.0,0.0,1.0,2
102625,0,0,0.20938958091714155,1.0,35.8,35.8,5.0,2.0,1,0.0,0.0,0.0,4
102627,0,0,0.25687057069752384,2.0,20.9,10.45,2.5,3.0,12,1.0,1.99,2.0,2
102647,0,0,0.06987586979100807,5.0,159.5,31.9,4.4,6.0,13,0.0,0.0,4.0,2
102672,0,0,0.25894902845264955,1.0,3.9,3.9,4.0,2.0,8,0.0,0.0,0.0,4
102673,0,0,0.22911903062522856,2.0,57.0,28.5,2.5,3.0,9,0.0,0.0,0.0,4
102681,0,0,0.2373876850091668,1.0,20.4,20.4,4.0,2.0,0,0.0,0.0,0.0,4
102683,0,0,0.08577120539869551,6.0,116.4,19.400000000000002,4.333333333333333,9.0,18,0.0,0.0,8.0,4
102686,0,0,0.0852856616427113,5.0,136.1,27.22,3.8,6.0,12,0.0,0.0,5.0,4
102704,0,0,0.12294626186290109,3.0,69.7,23.233333333333334,6.333333333333333,4.0,2,0.0,0.0,3.0,4
102712,0,0,0.2153960183035133,3.0,62.10000000000001,20.700000000000003,1.6666666666666667,4.0,13,0.0,0.0,2.0,3
102713,0,0,0.2777393010337549,4.0,32.4,8.1,3.75,5.0,6,0.0,0.0,1.0,1
102716,0,0,0.2233337646926033,1.0,14.5,14.5,5.0,2.0,0,0.0,0.0,0.0,1
102724,0,0,0.24832922597001464,1.0,7.9,7.9,4.0,2.0,3,0.0,0.0,0.0,1
102727,0,0,0.0006876424396673298,12.0,435.4,36.28333333333333,5.583333333333333,10.0,14,0.0,0.0,25.0,4
102740,0,0,0.1570885755464995,3.0,82.4,27.46666666666667,4.666666666666667,4.0,13,0.0,0.0,1.0,1
102744,0,0,0.24417628767119373,2.0,46.6,23.3,2.5,3.0,10,0.0,0.0,0.0,1
102748,0,0,0.09587315075892995,6.0,89.1,14.85,2.8333333333333335,6.0,13,0.0,0.0,11.0,4
102750,0,0,0.30635345728808133,4.0,30.4,7.6,2.5,5.0,4,0.0,0.0,1.0,3
102764,0,0,0.1116880775984739,5.0,117.2,23.44,2.8,6.0,10,0.0,0.0,5.0,4
102771,0,0,0.2537280218569514,3.0,35.0,11.666666666666666,2.0,4.0,5,0.0,0.0,2.0,4
102773,0,0,0.21957110304625566,2.0,20.9,10.45,4.0,3.0,7,0.0,0.0,2.0,3
102775,0,0,0.2693557659483492,2.0,13.8,6.9,4.5,3.0,13,0.0,0.0,0.0,4
102777,0,0,0.29748522243235087,1.0,12.7,12.7,1.0,2.0,0,0.0,0.0,0.0,2
102782,0,0,0.26227204618996,1.0,12.1,12.1,3.0,2.0,1,0.0,0.0,0.0,3
102788,0,0,0.14512064635212335,3.0,57.0,19.0,3.6666666666666665,4.0,9,0.0,0.0,5.0,4
102797,0,0,0.2846296490550439,1.0,6.1,6.1,2.0,2.0,0,0.0,0.0,0.0,2
102798,0,0,0.18324338377478364,2.0,41.8,20.9,6.5,3.0,1,0.0,0.0,0.0,3
102800,0,0,0.1701032470647191,2.0,81.0,40.5,4.0,3.0,1,1.0,9.99,0.0,4
102807,0,0,0.17317142324157705,4.0,64.5,16.125,5.75,5.0,3,1.0,1.99,2.0,3
102814,0,0,0.26990102235260893,1.0,3.8,3.8,3.0,2.0,0,0.0,0.0,0.0,4
102815,1,0,0.1685715689558592,4.0,47.6,11.9,3.5,5.0,15,0.0,0.0,6.0,4
102818,0,0,0.25360209800965156,1.0,1.9,1.9,4.0,2.0,1,0.0,0.0,0.0,3
102819,0,0,0.21373901782739824,2.0,46.2,23.1,3.0,3.0,6,0.0,0.0,1.0,1
102823,0,0,0.2691362223138848,2.0,12.0,6.0,3.5,3.0,13,0.0,0.0,1.0,4
102827,0,0,0.27188679169696717,1.0,2.7,2.7,3.0,2.0,2,0.0,0.0,0.0,3
102844,0,0,0.3626615816643943,3.0,10.5,3.5,2.0,4.0,14,0.0,0.0,0.0,4
102865,1,0,0.13378663007453676,4.0,84.5,21.125,3.25,6.0,16,0.0,0.0,5.0,4
102866,0,0,0.22246806421056495,2.0,14.8,7.4,4.5,3.0,9,0.0,0.0,2.0,3
102867,1,0,0.215700141806239,2.0,26.8,13.4,2.5,3.0,7,0.0,0.0,3.0,3
102884,0,0,0.11779308042218288,2.0,77.3,38.65,4.0,3.0,3,0.0,0.0,4.0,2
102885,0,0,0.2762847267294677,2.0,9.3,4.65,4.0,3.0,2,0.0,0.0,0.0,4
102892,0,0,0.08241579530942544,3.0,104.3,34.766666666666666,5.333333333333333,4.0,10,0.0,0.0,5.0,4
102897,0,0,0.09222691834048266,3.0,137.8,45.93333333333334,4.666666666666667,4.0,2,0.0,0.0,1.0,4
102899,0,0,0.22668729042804078,1.0,19.3,19.3,5.0,2.0,6,0.0,0.0,0.0,4
102904,0,0,0.191040031741238,5.0,58.099999999999994,11.62,3.4,6.0,15,0.0,0.0,5.0,2
102913,0,0,0.16412926660486532,2.0,69.8,34.9,3.0,3.0,2,0.0,0.0,2.0,4
102914,0,0,0.2093384363057103,3.0,35.7,11.9,4.0,5.0,18,0.0,0.0,3.0,4
102920,0,0,0.22348789818530457,4.0,31.7,7.925,2.25,5.0,7,0.0,0.0,5.0,1
102921,0,0,0.0939740595409411,3.0,117.6,39.199999999999996,3.6666666666666665,4.0,5,1.0,1.99,4.0,2
102924,0,0,0.30742924424161,2.0,15.0,7.5,2.0,3.0,7,0.0,0.0,0.0,2
102925,0,0,0.29428909065590736,4.0,43.199999999999996,10.799999999999999,2.75,5.0,5,0.0,0.0,0.0,1
102926,0,0,0.18328323062829402,3.0,41.8,13.933333333333332,4.666666666666667,4.0,9,0.0,0.0,3.0,3
102937,0,0,0.30954777392481736,0.0,0.0,0.0,0.0,1.0,16,0.0,0.0,0.0,4
102943,0,0,0.15298015213089608,3.0,87.69999999999999,29.23333333333333,3.3333333333333335,4.0,12,0.0,0.0,2.0,4
102946,0,0,0.15225882587862505,2.0,58.8,29.4,5.0,3.0,3,0.0,0.0,2.0,3
102950,0,0,0.2647351258855327,2.0,27.5,13.75,3.0,3.0,5,0.0,0.0,0.0,3
102963,0,0,0.2816657094747983,1.0,16.1,16.1,2.0,2.0,5,0.0,0.0,0.0,4
102970,0,0,0.2584835963037241,3.0,34.4,11.466666666666667,2.3333333333333335,5.0,17,0.0,0.0,2.0,4
102978,0,0,0.20456790652162246,1.0,21.6,21.6,5.0,2.0,4,0.0,0.0,1.0,4
102989,1,0,0.29532035686461927,1.0,7.0,7.0,2.0,2.0,10,0.0,0.0,0.0,4
103001,0,0,0.13943496804506345,5.0,111.4,22.28,3.6,6.0,12,1.0,4.99,3.0,3
103010,0,0,0.09179672052039595,4.0,113.1,28.275,4.0,5.0,6,0.0,0.0,5.0,4
103011,0,0,0.03531166068074698,7.0,177.3,25.32857142857143,4.428571428571429,7.0,6,0.0,0.0,11.0,4
103012,0,0,0.10390958032376435,5.0,123.8,24.759999999999998,4.0,6.0,12,0.0,0.0,4.0,1
103016,0,0,0.2824155631675022,2.0,6.3999999999999995,3.1999999999999997,4.0,3.0,3,0.0,0.0,0.0,4
103038,0,0,0.3048929116817125,1.0,10.2,10.2,1.0,2.0,4,0.0,0.0,0.0,3
103050,0,0,0.15885962087991468,3.0,85.8,28.599999999999998,4.0,4.0,10,0.0,0.0,1.0,1
103056,0,0,0.19758170016205248,2.0,37.0,18.5,3.0,4.0,16,0.0,0.0,3.0,1
103068,0,0,0.29550265813024823,1.0,2.2,2.2,1.0,2.0,9,0.0,0.0,1.0,4
103076,0,0,0.08492535652455313,7.0,135.2,19.314285714285713,3.7142857142857144,7.0,14,0.0,0.0,8.0,3
103077,0,0,0.2150556882278822,4.0,64.4,16.1,4.5,6.0,17,1.0,4.99,1.0,1
103081,0,0,0.24031279015231882,3.0,19.6,6.533333333333334,4.666666666666667,4.0,11,0.0,0.0,2.0,2
103084,1,0,0.21873212789071333,4.0,61.8,15.45,4.25,5.0,15,0.0,0.0,1.0,3
103106,0,0,0.15177864556456813,6.0,92.2,15.366666666666667,4.0,6.0,15,0.0,0.0,5.0,3
103109,0,0,0.2562153787689618,2.0,47.2,23.6,1.5,3.0,2,0.0,0.0,0.0,4
103114,0,0,0.11186494442792855,4.0,84.8,21.2,3.5,5.0,15,1.0,1.99,7.0,3
103117,0,0,0.2506752348739032,1.0,26.0,26.0,3.0,2.0,3,0.0,0.0,0.0,2
103125,0,0,0.2884553809077095,1.0,4.1,4.1,2.0,2.0,1,0.0,0.0,0.0,3
103134,0,0,0.1872793596313878,4.0,72.9,18.225,3.75,5.0,14,0.0,0.0,2.0,2
103135,0,0,0.18209851780072892,3.0,22.2,7.3999999999999995,3.6666666666666665,6.0,17,0.0,0.0,6.0,4
103150,0,0,0.24987188078704836,2.0,24.900000000000002,12.450000000000001,3.0,3.0,9,0.0,0.0,1.0,1
103153,0,0,0.1763938291945562,3.0,55.900000000000006,18.633333333333336,2.3333333333333335,4.0,6,0.0,0.0,4.0,4
103159,0,0,0.16833744199177067,4.0,94.1,23.525,2.25,5.0,6,0.0,0.0,2.0,2
103165,0,0,0.26723717109459116,2.0,24.5,12.25,3.0,3.0,4,0.0,0.0,0.0,1
103167,0,0,0.2702628017925352,1.0,6.4,6.4,3.0,2.0,3,0.0,0.0,0.0,4
103168,0,0,0.04537963820813739,8.0,196.29999999999998,24.537499999999998,4.75,8.0,13,0.0,0.0,8.0,4
103175,1,0,0.26073404282651785,2.0,41.400000000000006,20.700000000000003,2.0,3.0,6,0.0,0.0,0.0,4
103176,0,0,0.05677324206620681,6.0,161.1,26.849999999999998,3.5,7.0,15,0.0,0.0,8.0,4
103179,0,0,0.16984726787039994,3.0,68.4,22.8,3.6666666666666665,4.0,4,0.0,0.0,2.0,3
103185,0,0,0.06210866683423772,6.0,152.1,25.349999999999998,4.5,6.0,8,0.0,0.0,7.0,4
103192,0,0,0.2632383351744752,5.0,78.5,15.7,2.2,6.0,9,0.0,0.0,0.0,4
103200,0,0,0.15323054234651923,4.0,105.9,26.475,3.25,5.0,7,0.0,0.0,1.0,1
103213,0,0,0.2854847231264249,3.0,34.0,11.333333333333334,2.0,5.0,15,0.0,0.0,1.0,4
103215,0,0,0.23057060883086788,2.0,31.5,15.75,3.5,3.0,6,0.0,0.0,1.0,4
103240,0,0,0.3035506545710249,2.0,20.7,10.35,1.5,3.0,2,0.0,0.0,0.0,4
103256,0,0,0.26677159565523684,3.0,33.1,11.033333333333333,2.6666666666666665,4.0,5,0.0,0.0,1.0,4
103258,0,0,0.06189503851999762,6.0,184.8,30.8,4.166666666666667,6.0,12,0.0,0.0,4.0,3
103263,0,0,0.18221656634324992,4.0,64.2,16.05,3.0,6.0,15,1.0,9.99,4.0,3
103269,0,0,0.12572245645061533,6.0,111.5,18.583333333333332,4.666666666666667,6.0,8,0.0,0.0,4.0,1
103283,0,0,0.0872685284984334,5.0,146.5,29.3,3.6,6.0,15,0.0,0.0,4.0,4
103286,0,0,0.09007259514983292,4.0,126.4,31.6,3.75,5.0,6,0.0,0.0,4.0,2
103287,0,0,0.214453030136935,1.0,8.6,8.6,6.0,2.0,0,0.0,0.0,0.0,4
103289,0,0,0.22844005534803558,1.0,31.0,31.0,4.0,2.0,0,0.0,0.0,0.0,4
103290,0,0,0.24730903846689067,2.0,36.2,18.1,3.0,3.0,1,0.0,0.0,0.0,4
103296,0,0,0.23831911313084866,2.0,45.1,22.55,2.0,3.0,12,0.0,0.0,1.0,3
103305,0,0,0.21754806403398458,3.0,32.0,10.666666666666666,4.333333333333333,4.0,4,0.0,0.0,2.0,2
103329,0,0,0.16925114567620209,2.0,36.0,18.0,3.5,3.0,3,0.0,0.0,4.0,4
103337,0,0,0.29412604458587194,1.0,8.2,8.2,1.0,3.0,15,0.0,0.0,1.0,4
103344,0,0,0.1764121150740826,2.0,61.4,30.7,4.0,3.0,1,0.0,0.0,1.0,4
103353,0,0,0.14900334839110616,6.0,76.8,12.799999999999999,2.5,6.0,12,0.0,0.0,8.0,4
103369,0,0,0.2071983421515381,3.0,61.7,20.566666666666666,4.0,4.0,2,0.0,0.0,0.0,2
103372,0,0,0.15583358511496057,6.0,83.1,13.85,4.5,6.0,10,0.0,0.0,5.0,2
103376,0,0,0.29585444389684507,2.0,14.3,7.15,2.5,3.0,2,0.0,0.0,0.0,4
103379,0,0,0.2229888974708234,4.0,23.0,5.75,3.5,5.0,10,0.0,0.0,5.0,2
103397,0,0,0.2948944906956058,3.0,40.5,13.5,2.0,4.0,14,0.0,0.0,0.0,4
103405,0,0,0.13813164903511266,5.0,98.6,19.72,3.8,6.0,13,0.0,0.0,4.0,4
103410,0,0,0.10241835333509641,5.0,115.3,23.06,5.0,6.0,5,0.0,0.0,4.0,4
103412,0,0,0.1893642453770965,2.0,46.900000000000006,23.450000000000003,4.5,3.0,2,0.0,0.0,1.0,4
103423,0,0,0.15849872733749504,3.0,93.3,31.099999999999998,4.333333333333333,4.0,6,0.0,0.0,0.0,4
103438,1,0,0.1207437823410497,7.0,124.10000000000001,17.72857142857143,3.142857142857143,7.0,10,0.0,0.0,6.0,4
103441,0,0,0.29356486280556393,1.0,5.8,5.8,2.0,2.0,7,0.0,0.0,0.0,4
103445,0,0,0.13449767951233532,2.0,90.0,45.0,6.0,3.0,3,0.0,0.0,0.0,4
103449,0,0,0.3893794163903554,4.0,21.1,5.275,1.25,5.0,14,0.0,0.0,0.0,1
103467,0,0,0.017278015838680067,5.0,232.4,46.480000000000004,5.2,6.0,12,0.0,0.0,9.0,4
103471,0,0,0.2334252015873405,1.0,6.3,6.3,5.0,2.0,2,0.0,0.0,0.0,3
103477,0,0,0.11220074772611739,3.0,109.69999999999999,36.56666666666666,3.6666666666666665,6.0,17,0.0,0.0,3.0,4
103482,0,0,0.22711637676596177,4.0,65.3,16.325,4.0,5.0,4,0.0,0.0,0.0,4
103485,0,0,0.16908299522006415,3.0,50.400000000000006,16.8,3.3333333333333335,4.0,3,0.0,0.0,4.0,4
103498,0,0,0.248569358958881,1.0,6.6,6.6,4.0,2.0,1,0.0,0.0,0.0,2
103522,0,0,0.21549687586382996,5.0,43.8,8.76,4.4,6.0,7,0.0,0.0,4.0,4
103524,0,0,0.2918376465080894,1.0,23.4,23.4,1.0,2.0,4,0.0,0.0,0.0,3
103526,0,0,0.2885097468520967,1.0,19.6,19.6,2.0,3.0,18,0.0,0.0,0.0,3
103541,0,0,0.11944115627085329,4.0,83.0,20.75,3.5,5.0,12,0.0,0.0,6.0,4
103546,0,0,0.14206098963887542,2.0,25.5,12.75,4.5,3.0,6,0.0,0.0,6.0,4
103547,1,0,0.2407560808796987,3.0,13.7,4.566666666666666,2.0,6.0,17,0.0,0.0,5.0,4
103558,0,0,0.20061581735209244,1.0,29.4,29.4,6.0,2.0,3,0.0,0.0,0.0,4
103559,0,0,0.28814952424805174,1.0,8.4,8.4,2.0,2.0,5,0.0,0.0,0.0,3
103568,0,0,0.16454801449816042,4.0,61.6,15.4,3.0,5.0,8,0.0,0.0,5.0,4
103579,0,0,0.2707253821329429,1.0,6.9,6.9,3.0,2.0,4,0.0,0.0,0.0,4
103580,0,0,0.16164218150532988,3.0,46.1,15.366666666666667,4.333333333333333,4.0,3,0.0,0.0,4.0,3
103587,0,0,0.2210446177905347,1.0,23.0,23.0,2.0,3.0,18,0.0,0.0,3.0,1
103606,0,0,0.14268575594259952,5.0,87.2,17.44,3.6,6.0,13,0.0,0.0,5.0,4
103617,0,0,0.07785021460277262,5.0,142.1,28.419999999999998,3.0,6.0,13,0.0,0.0,6.0,4
103628,0,0,0.08760189773347596,4.0,72.6,18.15,6.0,5.0,12,0.0,0.0,8.0,3
103659,0,0,0.22489743225422804,1.0,54.1,54.1,3.0,2.0,0,0.0,0.0,0.0,3
103660,0,0,0.21000440731529355,1.0,5.4,5.4,3.0,2.0,3,0.0,0.0,3.0,3
103679,0,0,0.1430148306408278,3.0,62.0,20.666666666666668,3.0,4.0,4,0.0,0.0,5.0,3
103686,0,0,0.2321635859119656,2.0,27.700000000000003,13.850000000000001,1.5,3.0,8,0.0,0.0,3.0,4
103687,0,0,0.026404974413055633,7.0,222.89999999999998,31.842857142857138,4.428571428571429,7.0,12,0.0,0.0,9.0,2
103693,0,0,0.2849605453809176,2.0,20.5,10.25,1.5,3.0,9,0.0,0.0,1.0,1
103699,0,0,0.055174593366795636,6.0,175.9,29.316666666666666,4.166666666666667,6.0,12,0.0,0.0,6.0,2
103707,0,0,0.20648418383571657,2.0,30.4,15.2,2.5,3.0,3,0.0,0.0,3.0,2
103711,0,0,0.2227695946213138,2.0,51.599999999999994,25.799999999999997,3.0,3.0,2,0.0,0.0,0.0,3
103720,0,0,0.036300689107121295,6.0,229.3,38.21666666666667,4.666666666666667,6.0,12,0.0,0.0,4.0,4
103749,0,0,0.27051591163786814,1.0,17.7,17.7,3.0,3.0,16,0.0,0.0,0.0,4
103750,0,0,0.2567354406131043,4.0,37.9,9.475,4.25,5.0,4,0.0,0.0,1.0,3
103764,1,0,0.26470100083365705,4.0,34.300000000000004,8.575000000000001,3.5,5.0,13,0.0,0.0,2.0,3
103789,0,0,0.21759527670221965,1.0,11.0,11.0,4.0,3.0,15,0.0,0.0,2.0,4
103795,0,0,0.2101478526543666,1.0,9.8,9.8,4.0,2.0,3,0.0,0.0,2.0,4
103803,0,0,0.15796474264848565,4.0,88.1,22.025,4.25,6.0,17,0.0,0.0,2.0,2
103807,0,0,0.23337726713182969,1.0,3.4,3.4,5.0,2.0,0,0.0,0.0,0.0,2
103812,0,0,0.2791751630547065,3.0,27.0,9.0,2.0,6.0,18,0.0,0.0,2.0,4
103816,0,0,0.26911919132228174,4.0,39.9,9.975,2.5,5.0,10,0.0,0.0,2.0,4
103825,0,0,0.2222550976201138,5.0,40.5,8.1,3.6,6.0,16,0.0,0.0,5.0,3
103827,0,0,0.18997327417104787,3.0,58.0,19.333333333333332,5.666666666666667,4.0,5,0.0,0.0,0.0,1
103829,0,0,0.16477706532743577,3.0,96.7,32.233333333333334,2.6666666666666665,5.0,16,0.0,0.0,1.0,3
103831,0,0,0.2816338350625689,2.0,22.099999999999998,11.049999999999999,2.5,3.0,2,0.0,0.0,0.0,4
103835,0,0,0.054886963654775696,4.0,128.2,32.05,5.25,6.0,16,1.0,9.99,8.0,4
103842,0,0,0.23881532592174695,2.0,41.400000000000006,20.700000000000003,3.0,3.0,1,0.0,0.0,0.0,4
103845,0,0,0.07795915420220187,6.0,127.80000000000001,21.3,3.8333333333333335,6.0,11,0.0,0.0,8.0,3
103847,0,0,0.2575109544539761,3.0,40.7,13.566666666666668,1.6666666666666667,4.0,16,0.0,0.0,2.0,3
103856,0,0,0.10592333655314864,5.0,99.7,19.94,3.4,6.0,14,0.0,0.0,7.0,4
103864,0,0,0.008803361941565214,7.0,297.1,42.44285714285714,4.714285714285714,9.0,17,0.0,0.0,11.0,2
103865,0,0,0.20519110187153713,2.0,18.799999999999997,9.399999999999999,6.0,3.0,1,0.0,0.0,1.0,3
103877,0,0,0.24704235160731436,1.0,12.7,12.7,2.0,3.0,15,0.0,0.0,2.0,1
103880,0,0,0.1351784745318402,3.0,81.6,27.2,2.0,4.0,12,0.0,0.0,5.0,4
103883,0,0,0.2649492462480305,1.0,29.0,29.0,2.0,2.0,2,0.0,0.0,0.0,2
103884,0,0,0.27920514479740244,1.0,13.7,13.7,2.0,2.0,0,0.0,0.0,0.0,4
103885,0,0,0.19476625852177354,2.0,70.7,35.35,3.0,3.0,1,0.0,0.0,0.0,4
103887,0,0,0.2865943839838741,3.0,18.0,6.0,2.3333333333333335,4.0,10,0.0,0.0,2.0,4
103896,0,0,0.3091103390388786,2.0,8.3,4.15,2.5,3.0,5,0.0,0.0,0.0,3
103898,0,0,0.284260305351016,3.0,42.8,14.266666666666666,2.0,4.0,9,0.0,0.0,0.0,3
103899,0,0,0.22753593999518157,1.0,12.3,12.3,5.0,2.0,0,0.0,0.0,0.0,4
103901,0,0,0.20306796950232406,3.0,52.2,17.400000000000002,3.0,4.0,4,0.0,0.0,2.0,1
103904,0,0,0.2266783715051935,1.0,13.7,13.7,4.0,2.0,4,0.0,0.0,1.0,4
103910,0,0,0.11616882200985461,4.0,66.1,16.525,3.25,5.0,8,0.0,0.0,8.0,4
103923,0,0,0.2510304309330724,1.0,10.1,10.1,3.0,2.0,9,0.0,0.0,1.0,4
103924,0,0,0.2473578356092104,1.0,10.9,10.9,4.0,2.0,2,0.0,0.0,0.0,4
103929,0,0,0.2267014044817828,1.0,30.2,30.2,4.0,2.0,0,0.0,0.0,0.0,1
103932,0,0,0.24278692305371755,1.0,14.2,14.2,4.0,2.0,2,0.0,0.0,0.0,2
103962,0,0,0.26167701840134866,4.0,28.599999999999998,7.1499999999999995,2.0,6.0,15,0.0,0.0,4.0,3
103964,0,0,0.23709549961400297,1.0,23.1,23.1,3.0,2.0,6,0.0,0.0,1.0,4
103966,0,0,0.17053334233723957,2.0,26.599999999999998,13.299999999999999,4.5,3.0,9,0.0,0.0,4.0,2
103981,0,0,0.1498835824545289,2.0,47.900000000000006,23.950000000000003,5.0,3.0,2,0.0,0.0,3.0,3
104004,0,0,0.059049011718957066,7.0,161.8,23.114285714285717,4.428571428571429,7.0,12,0.0,0.0,8.0,3
104025,1,0,0.25957007078208233,2.0,33.3,16.65,1.5,3.0,3,0.0,0.0,1.0,4
104047,0,0,0.1709110937597215,6.0,92.9,15.483333333333334,3.3333333333333335,6.0,12,0.0,0.0,4.0,1
104053,0,0,0.23026663632863897,1.0,48.6,48.6,3.0,2.0,0,0.0,0.0,0.0,4
104055,0,0,0.04830395861951097,6.0,160.5,26.75,4.166666666666667,7.0,15,0.0,0.0,9.0,3
104062,0,0,0.22618664404788014,3.0,30.3,10.1,3.0,4.0,6,0.0,0.0,3.0,4
104063,0,0,0.05720717978118832,9.0,235.9,26.211111111111112,3.3333333333333335,9.0,11,0.0,0.0,4.0,4
104064,0,0,0.21077292897559669,1.0,10.0,10.0,4.0,2.0,4,0.0,0.0,2.0,4
104069,0,0,0.016697063701752893,10.0,280.3,28.03,3.6,10.0,15,0.0,0.0,12.0,4
104070,0,0,0.1141282846956232,7.0,114.2,16.314285714285713,2.7142857142857144,7.0,10,0.0,0.0,8.0,4
104075,0,0,0.24265266784583506,2.0,28.7,14.35,3.0,3.0,5,0.0,0.0,1.0,4
104088,0,0,0.1716599021935998,4.0,60.3,15.075,3.75,5.0,5,1.0,9.99,4.0,2
104091,0,0,0.17947005762192494,3.0,64.8,21.599999999999998,2.6666666666666665,4.0,13,0.0,0.0,3.0,4
104092,1,0,0.14799123359849228,5.0,71.8,14.36,2.6,6.0,12,0.0,0.0,7.0,4
104104,0,0,0.11414824017223933,5.0,127.5,25.5,3.6,6.0,9,0.0,0.0,3.0,4
104118,0,0,0.21090400776653506,3.0,53.8,17.933333333333334,4.0,4.0,14,0.0,0.0,1.0,1
104124,0,0,0.28994107487548904,1.0,12.5,12.5,2.0,2.0,10,0.0,0.0,0.0,4
104127,0,0,0.21740131532517154,2.0,39.7,19.85,2.5,3.0,9,0.0,0.0,2.0,4
104128,0,0,0.2752776771240943,2.0,12.2,6.1,3.0,3.0,11,0.0,0.0,1.0,3
104133,0,0,0.26122128397109917,1.0,0.5,0.5,4.0,2.0,10,0.0,0.0,0.0,1
104139,0,0,0.2998137982655252,1.0,14.3,14.3,1.0,2.0,3,0.0,0.0,0.0,3
104141,0,0,0.21662956248555604,3.0,43.8,14.6,4.666666666666667,4.0,3,1.0,4.99,1.0,3
104148,0,0,0.22355881522258028,2.0,36.0,18.0,3.5,3.0,6,0.0,0.0,1.0,4
104153,0,0,0.2763479212241242,1.0,3.9,3.9,3.0,2.0,7,0.0,0.0,0.0,4
104154,0,0,0.10523452585057982,3.0,77.1,25.7,3.3333333333333335,6.0,18,0.0,0.0,7.0,4
104155,0,0,0.3151015527533056,2.0,8.0,4.0,1.0,3.0,6,0.0,0.0,1.0,1
104159,1,0,0.2961482319181706,1.0,7.1,7.1,2.0,5.0,18,0.0,0.0,0.0,1
104160,0,0,0.12203086453698539,6.0,122.7,20.45,3.8333333333333335,6.0,10,0.0,0.0,4.0,3
104168,0,0,0.13747759530426076,4.0,61.3,15.325,3.25,5.0,8,1.0,6.98,7.0,4
104172,1,0,0.1266342703273645,4.0,46.2,11.55,3.5,5.0,11,0.0,0.0,9.0,4
104177,0,0,0.15980207483951595,4.0,88.4,22.1,2.75,5.0,11,0.0,0.0,3.0,4
104211,0,0,0.27813484055912396,1.0,4.1,4.1,3.0,2.0,12,0.0,0.0,0.0,1
104212,0,0,0.007371095824053781,5.0,307.5,61.5,3.8,6.0,6,0.0,0.0,10.0,4
104218,1,0,0.08311372683888785,5.0,122.9,24.580000000000002,5.4,6.0,10,1.0,19.99,5.0,3
104220,0,0,0.16600862806907005,5.0,81.6,16.32,3.6,6.0,14,0.0,0.0,4.0,4
104224,0,0,0.22996385570300495,2.0,24.5,12.25,4.0,3.0,2,0.0,0.0,1.0,4
104225,0,0,0.12456550920934485,5.0,105.1,21.02,3.2,6.0,15,0.0,0.0,5.0,4
104226,0,0,0.2434881800543942,1.0,12.7,12.7,3.0,2.0,3,0.0,0.0,1.0,4
104227,0,0,0.08947972912487279,5.0,112.7,22.54,4.6,6.0,7,0.0,0.0,6.0,3
104228,0,0,0.26592594469870395,6.0,79.8,13.299999999999999,3.6666666666666665,6.0,12,0.0,0.0,0.0,1
104231,0,0,0.3054372413992341,1.0,6.7,6.7,1.0,2.0,2,0.0,0.0,0.0,2
104232,0,0,0.006163075813872354,6.0,341.4,56.9,6.5,6.0,14,0.0,0.0,7.0,3
104247,1,0,0.24246157714233812,3.0,43.3,14.433333333333332,4.0,4.0,3,0.0,0.0,0.0,4
104252,0,0,0.2129252185811288,2.0,45.3,22.65,2.0,3.0,4,0.0,0.0,2.0,4
104253,0,0,0.2911198788250138,1.0,25.1,25.1,1.0,2.0,4,0.0,0.0,0.0,4
104254,0,0,0.27350402936450857,1.0,11.9,11.9,3.0,2.0,12,0.0,0.0,0.0,4
104259,0,0,0.29787271516756114,1.0,14.3,14.3,1.0,2.0,2,0.0,0.0,0.0,2
104263,0,0,0.2713572004883498,1.0,12.2,12.2,3.0,2.0,10,0.0,0.0,0.0,4
104268,1,0,0.10184964282505933,5.0,153.8,30.76,2.8,6.0,6,0.0,0.0,2.0,4
104270,0,0,0.08644194752117902,5.0,120.7,24.14,3.2,6.0,13,0.0,0.0,7.0,4
104271,0,0,0.19239521973915183,1.0,12.4,12.4,5.0,2.0,2,0.0,0.0,2.0,4
104276,0,0,0.19800925315584764,4.0,72.4,18.1,3.75,5.0,4,0.0,0.0,1.0,2
104278,0,0,0.2361656459425835,1.0,20.3,20.3,3.0,2.0,5,0.0,0.0,1.0,1
104281,0,0,0.2972222781600584,2.0,7.8,3.9,3.0,3.0,3,0.0,0.0,0.0,2
104302,0,0,0.25103630143903155,3.0,43.4,14.466666666666667,2.6666666666666665,4.0,11,0.0,0.0,1.0,3
104307,0,0,0.2376196407137106,4.0,74.89999999999999,18.724999999999998,2.25,5.0,7,0.0,0.0,0.0,1
104312,0,0,0.21121275055053063,2.0,42.3,21.15,2.5,3.0,9,0.0,0.0,2.0,1
104319,0,0,0.07623674229733612,5.0,117.5,23.5,4.8,6.0,8,0.0,0.0,7.0,4
104339,0,0,0.0977405237850892,3.0,119.9,39.96666666666667,4.666666666666667,4.0,3,0.0,0.0,2.0,1
104342,0,0,0.15898266689970994,4.0,69.9,17.475,3.75,5.0,10,0.0,0.0,4.0,4
104345,1,0,0.2593500982676187,2.0,35.6,17.8,1.5,3.0,10,0.0,0.0,1.0,1
104353,0,0,0.26078714931012187,4.0,35.4,8.85,2.0,5.0,4,0.0,0.0,3.0,4
104360,0,0,0.3139420692711173,2.0,7.8999999999999995,3.9499999999999997,2.5,3.0,10,0.0,0.0,0.0,2
104365,0,0,0.23898405521885166,3.0,57.3,19.099999999999998,2.6666666666666665,4.0,3,0.0,0.0,0.0,4
104371,0,0,0.025600432589583062,6.0,238.4,39.733333333333334,3.8333333333333335,9.0,18,0.0,0.0,7.0,2
104380,1,0,0.18345424212444528,4.0,67.1,16.775,3.5,6.0,16,0.0,0.0,3.0,1
104401,0,0,0.2567741770862124,4.0,45.3,11.325,2.75,5.0,14,0.0,0.0,2.0,4
104402,0,0,0.1863652322413462,5.0,60.9,12.18,2.2,6.0,13,0.0,0.0,6.0,4
104405,0,0,0.09469792193933423,8.0,156.4,19.55,3.5,8.0,9,0.0,0.0,6.0,2
104410,0,0,0.19438467067340043,3.0,53.4,17.8,2.6666666666666665,4.0,9,0.0,0.0,3.0,4
104413,1,0,0.33331902296744564,2.0,17.4,8.7,1.0,3.0,15,0.0,0.0,0.0,4
104422,0,0,0.12072834763002042,3.0,98.30000000000001,32.76666666666667,2.3333333333333335,4.0,4,0.0,0.0,4.0,4
104431,0,0,0.05757731709233452,4.0,123.8,30.95,3.5,5.0,8,0.0,0.0,9.0,4
104434,0,0,0.18781522385493668,2.0,53.5,26.75,3.0,3.0,6,0.0,0.0,2.0,4
104436,0,0,0.22770172202618333,3.0,8.700000000000001,2.9000000000000004,4.0,4.0,7,0.0,0.0,4.0,1
104439,0,0,0.2941670983812065,1.0,18.0,18.0,1.0,2.0,0,0.0,0.0,0.0,4
104440,0,0,0.19441255741432284,6.0,54.5,9.083333333333334,4.166666666666667,6.0,14,0.0,0.0,6.0,1
104443,0,0,0.22533869623764338,4.0,54.6,13.65,3.25,5.0,10,0.0,0.0,2.0,3
104446,0,0,0.133652388054165,3.0,53.699999999999996,17.9,3.0,6.0,18,0.0,0.0,7.0,4
104451,0,0,0.20147954415120317,7.0,73.19999999999999,10.457142857142856,3.7142857142857144,7.0,15,1.0,99.99,3.0,2
104452,0,0,0.2521638978458782,2.0,8.9,4.45,3.0,3.0,2,0.0,0.0,2.0,4
104458,0,0,0.10969396532997211,6.0,142.3,23.71666666666667,2.8333333333333335,6.0,14,0.0,0.0,4.0,2
104467,0,0,0.2284834049566348,4.0,62.2,15.55,3.5,5.0,12,0.0,0.0,1.0,4
104478,0,0,0.2566160183825487,1.0,1.5,1.5,4.0,2.0,3,0.0,0.0,0.0,4
104489,0,0,0.1717287382159892,4.0,76.1,19.025,4.25,5.0,7,0.0,0.0,2.0,4
104497,0,0,0.09151071546843967,5.0,118.2,23.64,4.2,7.0,18,0.0,0.0,6.0,4
104507,0,0,0.14611365292916814,4.0,114.10000000000001,28.525000000000002,1.75,5.0,5,0.0,0.0,2.0,4
104510,0,0,0.1082882054332957,5.0,123.0,24.6,3.8,6.0,13,0.0,0.0,4.0,4
104518,0,0,0.026223815689657204,7.0,216.70000000000002,30.95714285714286,4.285714285714286,8.0,15,0.0,0.0,10.0,4
104524,0,0,0.24240072706464988,2.0,7.3,3.65,5.5,3.0,14,0.0,0.0,1.0,4
104526,0,0,0.08716866111555326,4.0,115.9,28.975,5.75,6.0,16,0.0,0.0,4.0,1
104529,0,0,0.26013653012315646,1.0,0.6,0.6,4.0,2.0,6,0.0,0.0,0.0,4
104546,0,0,0.2358985940664326,2.0,55.0,27.5,1.0,3.0,7,0.0,0.0,1.0,4
104551,0,0,0.21434878190428014,2.0,38.4,19.2,3.0,4.0,15,0.0,0.0,2.0,3
104555,0,0,0.24770525954359296,2.0,14.9,7.45,5.0,3.0,1,0.0,0.0,0.0,4
104557,0,0,0.3119553815450339,1.0,1.2,1.2,1.0,2.0,2,0.0,0.0,0.0,3
104560,0,0,0.26999316160489856,1.0,2.8,2.8,3.0,2.0,2,0.0,0.0,0.0,1
104561,0,0,0.056503309133367624,5.0,132.0,26.4,4.0,6.0,6,0.0,0.0,9.0,4
104566,0,0,0.2166423800745007,5.0,75.7,15.14,3.8,6.0,6,0.0,0.0,1.0,1
104570,1,0,0.324932541848712,4.0,20.0,5.0,3.25,5.0,12,0.0,0.0,1.0,4
104589,1,0,0.24208585138377592,1.0,26.5,26.5,3.0,4.0,18,0.0,0.0,1.0,4
104595,0,0,0.23832990360853884,1.0,19.3,19.3,4.0,2.0,0,0.0,0.0,0.0,4
104602,0,0,0.21972480132491135,1.0,19.2,19.2,4.0,2.0,1,0.0,0.0,1.0,4
104603,0,0,0.1733113672561331,5.0,69.1,13.819999999999999,2.2,6.0,14,0.0,0.0,6.0,4
104612,0,0,0.05178325835212109,4.0,166.3,41.575,4.25,5.0,4,0.0,0.0,5.0,4
104613,0,0,0.0847549725878964,5.0,114.1,22.82,5.4,7.0,16,0.0,0.0,6.0,2
104617,0,0,0.1782081449550288,3.0,50.6,16.866666666666667,3.0,6.0,16,0.0,0.0,4.0,1
104619,0,0,0.2265159625363975,1.0,12.9,12.9,4.0,2.0,3,0.0,0.0,1.0,4
104620,0,0,0.2368533287842113,2.0,16.7,8.35,3.5,3.0,10,0.0,0.0,2.0,3
104621,0,0,0.22206761265234204,2.0,37.5,18.75,3.5,3.0,7,0.0,0.0,1.0,4
104622,0,0,0.2721340003436415,3.0,28.5,9.5,3.3333333333333335,4.0,14,0.0,0.0,1.0,4
104630,0,0,0.2687937449590464,3.0,28.6,9.533333333333333,3.0,4.0,4,0.0,0.0,1.0,4
104639,0,0,0.23296510075670188,1.0,26.6,26.6,4.0,2.0,1,0.0,0.0,0.0,4
104648,0,0,0.23368869077413143,2.0,22.0,11.0,5.0,3.0,1,0.0,0.0,0.0,1
104653,0,0,0.200416085668399,3.0,44.7,14.9,5.333333333333333,4.0,7,0.0,0.0,1.0,1
104657,0,0,0.2605664521634092,1.0,15.3,15.3,2.0,2.0,5,0.0,0.0,1.0,4
104671,0,0,0.2884121703401735,1.0,23.9,23.9,1.0,2.0,0,0.0,0.0,0.0,4
104679,0,0,0.05958356442292175,5.0,113.9,22.78,5.8,6.0,10,0.0,0.0,9.0,4
104680,0,0,0.20675954324800833,2.0,51.8,25.9,4.0,3.0,4,0.0,0.0,0.0,1
104686,0,0,0.09205954811234683,5.0,94.2,18.84,4.4,6.0,11,0.0,0.0,8.0,4
104700,0,0,0.13367831762089635,4.0,88.0,22.0,3.75,5.0,9,0.0,0.0,4.0,4
104704,0,0,0.2976495037591276,3.0,24.299999999999997,8.1,1.3333333333333333,6.0,18,0.0,0.0,2.0,4
104708,0,0,0.2041577990047852,3.0,23.3,7.766666666666667,3.3333333333333335,5.0,18,0.0,0.0,5.0,4
104710,0,0,0.042928158468548396,4.0,111.5,27.875,5.0,5.0,14,0.0,0.0,12.0,4
104712,0,0,0.2722876550542474,1.0,29.0,29.0,2.0,2.0,8,0.0,0.0,0.0,4
104726,0,0,0.19075924033899294,2.0,65.4,32.7,2.5,3.0,2,0.0,0.0,1.0,1
104744,0,0,0.2277674698995118,2.0,15.6,7.8,4.0,3.0,8,0.0,0.0,2.0,2
104746,0,0,0.06295867620685981,4.0,93.19999999999999,23.299999999999997,5.25,7.0,18,0.0,0.0,10.0,4
104754,0,0,0.19692119508165531,3.0,46.5,15.5,3.0,4.0,4,0.0,0.0,3.0,4
104759,0,0,0.2914321125156176,4.0,36.5,9.125,3.0,5.0,13,0.0,0.0,1.0,3
104765,0,0,0.3060250534823245,3.0,34.1,11.366666666666667,2.0,6.0,16,0.0,0.0,0.0,2
104773,0,0,0.17457516366809475,2.0,33.2,16.6,4.5,3.0,3,0.0,0.0,3.0,3
104775,0,0,0.2616713661133152,1.0,2.9,2.9,4.0,2.0,10,0.0,0.0,0.0,4
104782,0,0,0.19628151772409755,2.0,48.800000000000004,24.400000000000002,4.0,3.0,8,0.0,0.0,1.0,1
104789,0,0,0.21270246351344899,2.0,42.8,21.4,4.0,5.0,18,0.0,0.0,1.0,4
104792,0,0,0.13504806077945805,4.0,51.4,12.85,5.75,5.0,14,0.0,0.0,6.0,3
104800,0,0,0.12800496841349499,3.0,102.4,34.13333333333333,4.666666666666667,4.0,3,0.0,0.0,1.0,4
104803,0,0,0.16812307359232564,2.0,52.7,26.35,5.5,3.0,3,0.0,0.0,1.0,3
104812,0,0,0.2725915500049332,1.0,5.9,5.9,3.0,2.0,5,0.0,0.0,0.0,4
104816,0,0,0.23194239610034045,4.0,40.8,10.2,5.5,5.0,8,0.0,0.0,1.0,2
104819,0,0,0.2352729088418448,1.0,25.9,25.9,4.0,2.0,4,0.0,0.0,0.0,3
104829,0,0,0.10690546954180978,5.0,106.6,21.32,2.4,6.0,13,0.0,0.0,7.0,4
104831,0,0,0.319461488179859,1.0,5.8,5.8,1.0,2.0,14,0.0,0.0,0.0,3
104843,0,0,0.0504930840753259,5.0,155.9,31.18,4.0,6.0,15,0.0,0.0,8.0,4
104844,0,0,0.0894879466910888,3.0,95.80000000000001,31.933333333333337,4.333333333333333,6.0,17,0.0,0.0,6.0,4
104845,0,0,0.11191199401994537,4.0,125.4,31.35,5.25,7.0,18,0.0,0.0,1.0,1
104849,0,0,0.21244600547688117,4.0,43.0,10.75,3.25,5.0,13,0.0,0.0,4.0,4
104863,0,0,0.1182697265237656,4.0,112.6,28.15,3.5,5.0,9,0.0,0.0,3.0,3
104870,0,0,0.29610207370334785,3.0,29.6,9.866666666666667,3.0,6.0,17,0.0,0.0,0.0,1
104874,0,0,0.08730951196764629,5.0,105.19999999999999,21.04,6.0,6.0,10,0.0,0.0,6.0,4
104878,0,0,0.08115621517685742,5.0,117.4,23.48,4.4,8.0,17,0.0,0.0,7.0,4
104882,0,0,0.020314785869253258,7.0,236.20000000000002,33.74285714285715,4.428571428571429,7.0,10,0.0,0.0,10.0,4
104900,0,0,0.14459049545170993,3.0,76.1,25.366666666666664,3.0,4.0,13,0.0,0.0,4.0,4
104903,0,0,0.16362745626822842,3.0,62.2,20.733333333333334,4.0,4.0,6,1.0,9.99,3.0,4
104904,1,0,0.15377976517951042,4.0,76.60000000000001,19.150000000000002,2.5,5.0,12,1.0,104.97999999999999,2.0,2
104910,1,0,0.17448188279304874,4.0,55.9,13.975,4.0,5.0,9,0.0,0.0,4.0,1
104912,0,0,0.28831638173129603,4.0,33.6,8.4,3.25,5.0,8,0.0,0.0,1.0,3
104930,1,0,0.30460878379559997,4.0,30.3,7.575,2.0,6.0,16,0.0,0.0,2.0,4
104941,0,0,0.13962486212348071,3.0,89.3,29.766666666666666,2.0,6.0,17,0.0,0.0,4.0,3
104942,0,0,0.16368533672189964,2.0,35.8,17.9,4.0,3.0,5,0.0,0.0,4.0,3
104948,0,0,0.24286760826567425,2.0,40.0,20.0,3.5,3.0,13,0.0,0.0,0.0,4
104952,0,0,0.06449425475158603,4.0,118.6,29.65,4.0,5.0,8,0.0,0.0,8.0,4
104957,0,0,0.2928940500113718,2.0,13.5,6.75,1.5,3.0,4,0.0,0.0,1.0,1
104958,1,0,0.17601923724877294,5.0,61.699999999999996,12.34,2.8,6.0,13,0.0,0.0,6.0,3
104961,0,0,0.19686642951508027,2.0,52.9,26.45,4.0,4.0,15,0.0,0.0,1.0,4
104970,0,0,0.26076924233646676,1.0,33.9,33.9,1.0,2.0,5,0.0,0.0,1.0,3
104972,0,0,0.1745961326125348,4.0,50.0,12.5,3.5,5.0,9,0.0,0.0,5.0,1
104973,0,0,0.2807593774884558,1.0,12.1,12.1,2.0,2.0,1,0.0,0.0,0.0,3
104977,0,0,0.2124724501660006,2.0,37.0,18.5,4.0,3.0,4,0.0,0.0,1.0,4
104998,0,0,0.2016424293183458,2.0,28.3,14.15,4.5,3.0,7,0.0,0.0,2.0,4
105000,0,0,0.2926048430706851,1.0,1.8,1.8,2.0,2.0,2,0.0,0.0,0.0,4
105003,0,0,0.27175276992110187,1.0,5.8,5.8,3.0,2.0,4,0.0,0.0,0.0,4
105005,0,0,0.30951499401702615,2.0,18.6,9.3,1.5,3.0,4,0.0,0.0,0.0,4
105021,0,0,0.23041499417934752,1.0,4.6,4.6,3.0,2.0,3,0.0,0.0,2.0,4
105037,0,0,0.25437255429962746,1.0,3.0,3.0,4.0,2.0,2,0.0,0.0,0.0,4
105061,0,0,0.27871791093566217,1.0,16.3,16.3,2.0,2.0,5,0.0,0.0,0.0,1
105082,0,0,0.19976959565350436,2.0,31.400000000000002,15.700000000000001,3.5,3.0,14,0.0,0.0,3.0,4
105087,0,0,0.3047632443335315,3.0,20.9,6.966666666666666,1.3333333333333333,4.0,15,0.0,0.0,2.0,4
105091,0,0,0.2419785185340183,1.0,15.1,15.1,4.0,2.0,1,0.0,0.0,0.0,3
105094,0,0,0.2685030780123945,1.0,6.3,6.3,3.0,2.0,1,0.0,0.0,0.0,4
105095,0,0,0.19831928287681044,1.0,9.7,9.7,7.0,2.0,1,0.0,0.0,0.0,3
105098,0,0,0.2083822004411746,3.0,27.9,9.299999999999999,4.333333333333333,4.0,5,0.0,0.0,3.0,4
105100,0,0,0.32857564918650484,4.0,23.6,5.9,2.5,5.0,9,0.0,0.0,1.0,4
105112,0,0,0.14642269813233186,4.0,73.1,18.275,4.5,6.0,16,0.0,0.0,4.0,1
105122,0,0,0.046318309066927,3.0,161.0,53.666666666666664,4.666666666666667,6.0,17,0.0,0.0,6.0,3
105141,0,0,0.07954566571481855,5.0,113.6,22.72,3.8,6.0,12,0.0,0.0,8.0,4
105143,0,0,0.052937098553126054,5.0,113.3,22.66,5.2,6.0,17,0.0,0.0,11.0,4
105144,0,0,0.2918615459826038,1.0,0.6,0.6,2.0,2.0,1,0.0,0.0,0.0,3
105155,1,0,0.3238356479818217,6.0,51.5,8.583333333333334,2.0,8.0,16,0.0,0.0,2.0,3
105160,0,0,0.27004724621730103,1.0,22.8,22.8,1.0,2.0,3,0.0,0.0,1.0,4
105170,0,0,0.010968960755813733,7.0,239.6,34.22857142857143,3.857142857142857,9.0,18,0.0,0.0,16.0,4
105177,1,0,0.212250120037839,4.0,65.0,16.25,3.0,5.0,12,0.0,0.0,2.0,4
105183,0,0,0.12626363459625498,6.0,94.89999999999999,15.816666666666665,3.3333333333333335,6.0,11,0.0,0.0,7.0,2
105186,0,0,0.2787428899870217,2.0,31.1,15.55,2.0,3.0,6,0.0,0.0,0.0,4
105189,0,0,0.17025344309922183,1.0,44.0,44.0,5.0,2.0,2,0.0,0.0,2.0,4
105210,0,0,0.09171439893063246,7.0,111.2,15.885714285714286,3.2857142857142856,7.0,10,0.0,0.0,10.0,3
105219,0,0,0.169823054046086,3.0,67.2,22.400000000000002,4.0,4.0,7,0.0,0.0,2.0,4
105223,0,0,0.004018396081584946,8.0,425.1,53.1375,4.0,8.0,13,0.0,0.0,6.0,1
105238,1,0,0.22462389285371503,2.0,31.3,15.65,3.0,3.0,12,0.0,0.0,2.0,4
105252,0,0,0.3063939306269722,2.0,22.9,11.45,1.5,3.0,9,0.0,0.0,0.0,4
105255,0,0,0.27304214054606984,3.0,11.2,3.733333333333333,2.6666666666666665,4.0,11,0.0,0.0,3.0,4
105259,0,0,0.028699234288508128,6.0,222.2,37.03333333333333,5.833333333333333,6.0,6,1.0,1.99,6.0,1
105260,0,0,0.11375833964224608,3.0,100.5,33.5,4.0,4.0,7,0.0,0.0,3.0,1
105263,0,0,0.3315392432768403,5.0,39.0,7.8,3.6,6.0,13,0.0,0.0,0.0,2
105284,0,0,0.2533568821780772,1.0,13.1,13.1,4.0,2.0,11,0.0,0.0,0.0,4
105285,0,0,0.15308655905708513,4.0,48.4,12.1,3.25,5.0,11,0.0,0.0,7.0,4
105286,0,0,0.22814767385990917,1.0,11.3,11.3,3.0,2.0,7,0.0,0.0,2.0,4
105288,0,0,0.1362484449551292,5.0,71.89999999999999,14.379999999999999,4.6,6.0,8,0.0,0.0,6.0,4
105291,0,0,0.17724996046180666,3.0,74.3,24.766666666666666,2.6666666666666665,4.0,7,0.0,0.0,2.0,4
105305,0,0,0.22825273534711518,1.0,12.8,12.8,4.0,2.0,5,0.0,0.0,1.0,4
105307,1,0,0.13600092268578748,2.0,53.5,26.75,5.0,3.0,11,0.0,0.0,4.0,4
105310,0,0,0.20993578309303054,4.0,51.9,12.975,2.5,6.0,17,0.0,0.0,4.0,4
105312,0,0,0.11125400291109613,6.0,95.3,15.883333333333333,4.666666666666667,6.0,7,0.0,0.0,7.0,3
105324,0,0,0.22176645819121,3.0,53.6,17.866666666666667,3.3333333333333335,4.0,12,0.0,0.0,1.0,3
105335,0,0,0.2895271020234768,1.0,2.0,2.0,2.0,2.0,0,0.0,0.0,0.0,3
105342,0,0,0.039447252436444674,7.0,147.9,21.12857142857143,6.142857142857143,7.0,14,0.0,0.0,12.0,4
105348,0,0,0.16930069778128928,2.0,24.9,12.45,4.5,3.0,2,0.0,0.0,4.0,4
105352,0,0,0.15322351675520468,3.0,44.7,14.9,3.0,4.0,6,0.0,0.0,6.0,4
105355,0,0,0.1922033618778579,1.0,34.8,34.8,6.0,2.0,0,0.0,0.0,0.0,1
105361,0,0,0.09104394728161949,5.0,79.8,15.959999999999999,5.0,6.0,10,0.0,0.0,9.0,3
105369,0,0,0.28935287461488113,4.0,34.4,8.6,3.0,5.0,5,0.0,0.0,1.0,4
105375,0,0,0.20467234579496965,4.0,72.6,18.15,2.5,5.0,10,0.0,0.0,2.0,4
105389,0,0,0.27901926317813935,1.0,8.7,8.7,3.0,3.0,17,0.0,0.0,0.0,3
105391,0,0,0.14669210688626463,3.0,76.4,25.46666666666667,2.3333333333333335,4.0,4,0.0,0.0,4.0,4
105394,0,0,0.2629067388713319,4.0,34.7,8.675,3.5,5.0,11,0.0,0.0,2.0,4
105409,0,0,0.29301436348923554,2.0,16.9,8.45,2.5,3.0,4,0.0,0.0,0.0,4
105411,0,0,0.23306068023994334,1.0,22.9,22.9,3.0,2.0,2,0.0,0.0,1.0,3
105412,0,0,0.22771404090400357,4.0,63.2,15.8,2.5,5.0,18,0.0,0.0,2.0,3
105413,0,0,0.28849362378801663,1.0,2.1,2.1,2.0,2.0,0,0.0,0.0,0.0,2
105418,0,0,0.25348395999511275,2.0,16.4,8.2,4.0,3.0,14,0.0,0.0,1.0,4
105420,0,0,0.1585756665302045,7.0,137.4,19.62857142857143,2.857142857142857,7.0,13,0.0,0.0,2.0,2
105422,0,0,0.29790125092716707,1.0,16.2,16.2,1.0,2.0,2,0.0,0.0,0.0,4
105426,0,0,0.1662325797417803,2.0,63.400000000000006,31.700000000000003,4.0,3.0,14,0.0,0.0,2.0,3
105439,0,0,0.23879416009361978,3.0,28.299999999999997,9.433333333333332,2.6666666666666665,4.0,11,0.0,0.0,3.0,3
105449,0,0,0.10251051250408462,3.0,129.6,43.199999999999996,4.666666666666667,4.0,9,0.0,0.0,1.0,4
105453,0,0,0.23119443820926847,2.0,39.9,19.95,3.5,3.0,2,0.0,0.0,0.0,1
105458,0,0,0.006306305774789357,8.0,394.2,49.275,4.0,8.0,7,0.0,0.0,5.0,1
105460,0,0,0.07399316498002485,4.0,118.5,29.625,4.75,5.0,8,0.0,0.0,6.0,3
105475,0,0,0.06335118198081023,4.0,113.8,28.45,6.0,5.0,9,0.0,0.0,7.0,4
105485,0,0,0.27930292560775827,1.0,11.7,11.7,2.0,2.0,1,0.0,0.0,0.0,1
105486,0,0,0.05643292684371188,4.0,125.6,31.4,4.75,5.0,9,0.0,0.0,8.0,4
105496,0,0,0.1435040652178944,2.0,72.6,36.3,3.5,3.0,7,0.0,0.0,3.0,4
105503,0,0,0.2857002403788796,1.0,3.1,3.1,3.0,2.0,17,0.0,0.0,0.0,3
105504,0,0,0.053209484247124794,5.0,140.9,28.18,4.0,6.0,14,0.0,0.0,9.0,4
105514,0,0,0.21312442585264957,1.0,11.1,11.1,4.0,2.0,11,0.0,0.0,2.0,1
105521,0,0,0.24867410409180785,2.0,17.9,8.95,2.5,3.0,8,0.0,0.0,2.0,1
105528,0,0,0.03501342052511474,6.0,237.5,39.583333333333336,4.0,6.0,14,0.0,0.0,4.0,1
105534,0,0,0.13337805857657944,4.0,90.8,22.7,3.5,5.0,10,0.0,0.0,4.0,4
105536,0,0,0.2041330635012142,2.0,25.700000000000003,12.850000000000001,3.5,3.0,9,0.0,0.0,3.0,4
105540,0,0,0.16169839234641437,4.0,73.6,18.4,3.0,5.0,8,0.0,0.0,4.0,4
105543,0,0,0.15338779528495675,2.0,83.1,41.55,2.5,3.0,2,0.0,0.0,2.0,2
105548,0,0,0.24990130357782453,1.0,4.4,4.4,3.0,2.0,2,0.0,0.0,1.0,4
105550,1,0,0.19242095661259037,2.0,60.5,30.25,3.0,3.0,4,0.0,0.0,1.0,2
105556,0,0,0.24788942342194045,1.0,9.3,9.3,4.0,2.0,1,0.0,0.0,0.0,4
105564,1,0,0.25565456769601136,1.0,3.3,3.3,2.0,2.0,11,0.0,0.0,2.0,4
105567,0,0,0.3067030207527053,2.0,13.299999999999999,6.6499999999999995,2.5,3.0,13,0.0,0.0,0.0,2
105568,0,0,0.12792161017259712,2.0,57.400000000000006,28.700000000000003,4.0,3.0,7,0.0,0.0,5.0,4
105583,0,0,0.19179569183776826,1.0,42.6,42.6,5.0,2.0,8,0.0,0.0,1.0,4
105600,0,0,0.05052808133487815,3.0,165.9,55.300000000000004,5.0,4.0,3,0.0,0.0,4.0,4
105606,0,0,0.11623220391720736,2.0,21.6,10.8,6.0,3.0,3,0.0,0.0,7.0,4
105609,0,0,0.1863358238177524,2.0,43.2,21.6,3.0,3.0,8,0.0,0.0,3.0,4
105616,0,0,0.2565122329998295,1.0,21.8,21.8,2.0,2.0,8,0.0,0.0,1.0,3
105619,0,0,0.15319453895457905,4.0,69.2,17.3,4.0,5.0,4,0.0,0.0,4.0,4
105626,0,0,0.17144396630301612,4.0,84.7,21.175,4.25,5.0,6,0.0,0.0,1.0,1
105627,0,0,0.11789767740789055,5.0,125.0,25.0,4.6,6.0,10,0.0,0.0,2.0,1
105635,0,0,0.2825372278237275,4.0,54.4,13.6,2.5,5.0,12,0.0,0.0,0.0,3
105638,0,0,0.20950022062869206,1.0,46.6,46.6,4.0,3.0,17,0.0,0.0,1.0,4
105639,0,0,0.28329277466424807,1.0,13.5,13.5,2.0,2.0,7,0.0,0.0,0.0,1
105646,0,0,0.0645004058478806,5.0,164.7,32.94,3.6,6.0,13,0.0,0.0,5.0,4
105652,0,0,0.09798133687561564,4.0,89.5,22.375,2.75,5.0,13,0.0,0.0,8.0,3
105684,0,0,0.12360191976624713,6.0,105.4,17.566666666666666,3.6666666666666665,6.0,13,0.0,0.0,6.0,4
105685,1,0,0.25322294136181667,6.0,61.8,10.299999999999999,3.1666666666666665,6.0,13,0.0,0.0,3.0,2
105698,0,0,0.11376728626614475,5.0,100.6,20.119999999999997,4.4,6.0,9,0.0,0.0,5.0,1
105700,0,0,0.38776788121121397,4.0,18.7,4.675,1.75,5.0,14,0.0,0.0,0.0,4
105703,0,0,0.11255327154890138,3.0,47.0,15.666666666666666,3.0,4.0,6,0.0,0.0,9.0,4
105716,0,0,0.22864834637743398,3.0,50.8,16.933333333333334,2.6666666666666665,4.0,2,0.0,0.0,1.0,2
105721,0,0,0.2616475579744526,3.0,26.099999999999998,8.7,3.6666666666666665,4.0,4,0.0,0.0,1.0,4
105724,0,0,0.17737064155178567,3.0,53.0,17.666666666666668,4.0,5.0,15,0.0,0.0,3.0,1
105726,0,0,0.21878849435291745,2.0,62.3,31.15,1.5,3.0,10,0.0,0.0,1.0,4
105738,0,0,0.07112571153750132,5.0,129.9,25.98,4.4,6.0,17,0.0,0.0,7.0,1
105754,0,0,0.2472943429249152,2.0,24.3,12.15,3.0,3.0,3,0.0,0.0,1.0,3
105759,0,0,0.2917541838860044,2.0,15.200000000000001,7.6000000000000005,2.0,3.0,15,0.0,0.0,1.0,2
105760,0,0,0.24578975040783413,1.0,0.9,0.9,5.0,2.0,11,0.0,0.0,0.0,3
105761,0,0,0.07735715513145029,3.0,119.2,39.733333333333334,4.333333333333333,4.0,8,0.0,0.0,5.0,4
105762,0,0,0.11824758370887103,4.0,111.2,27.8,4.5,5.0,4,0.0,0.0,2.0,1
105765,0,0,0.17885391648654173,3.0,77.5,25.833333333333332,2.0,4.0,5,0.0,0.0,2.0,2
105775,0,0,0.05853355051815792,6.0,207.9,34.65,3.1666666666666665,6.0,11,1.0,9.99,3.0,1
105780,0,0,0.16488585808197298,4.0,62.8,15.7,4.25,6.0,15,0.0,0.0,4.0,3
105789,0,0,0.24674579130113602,4.0,42.900000000000006,10.725000000000001,3.5,5.0,12,0.0,0.0,2.0,4
105792,0,0,0.20127535031350993,6.0,81.7,13.616666666666667,3.1666666666666665,6.0,13,1.0,4.99,4.0,4
105796,0,0,0.15606008040603045,3.0,70.5,23.5,3.3333333333333335,4.0,3,0.0,0.0,3.0,4
105802,0,0,0.11677253216222348,8.0,144.5,18.0625,3.75,8.0,14,1.0,19.99,5.0,1
105804,0,0,0.11579650350302843,4.0,59.2,14.8,4.25,5.0,12,0.0,0.0,8.0,3
105813,0,0,0.16944625913241285,2.0,43.9,21.95,5.0,3.0,1,0.0,0.0,2.0,4
105826,0,0,0.19655215029559678,3.0,80.3,26.766666666666666,2.6666666666666665,4.0,3,0.0,0.0,0.0,1
105832,0,0,0.10595219631442475,4.0,46.8,11.7,5.75,7.0,17,0.0,0.0,9.0,4
105833,0,0,0.25210546609023776,2.0,14.2,7.1,2.5,3.0,2,0.0,0.0,2.0,4
105851,0,0,0.05863956585843631,7.0,174.4,24.914285714285715,4.142857142857143,7.0,12,0.0,0.0,7.0,4
105854,0,0,0.2045556813646993,3.0,44.2,14.733333333333334,3.0,4.0,12,0.0,0.0,3.0,1
105856,0,0,0.19924193183129743,2.0,67.6,33.8,3.5,3.0,14,0.0,0.0,0.0,1
105861,0,0,0.13040134141660567,6.0,56.4,9.4,4.333333333333333,6.0,12,0.0,0.0,10.0,4
105883,0,0,0.1524977448760811,5.0,89.1,17.82,4.4,6.0,5,0.0,0.0,3.0,2
105884,0,0,0.20496242840926746,2.0,49.7,24.85,2.0,3.0,4,0.0,0.0,2.0,2
105891,0,0,0.2166454437521902,1.0,44.8,44.8,3.0,2.0,3,0.0,0.0,1.0,4
105893,1,0,0.31645939713732574,4.0,26.7,6.675,1.75,5.0,14,0.0,0.0,2.0,3
105894,0,0,0.09632474939159315,8.0,179.0,22.375,4.25,8.0,15,0.0,0.0,3.0,2
105897,0,0,0.06538803571247798,5.0,146.29999999999998,29.259999999999998,4.0,6.0,6,0.0,0.0,6.0,1
105901,0,0,0.23972347477682165,2.0,17.4,8.7,3.5,4.0,18,0.0,0.0,2.0,1
105907,0,0,0.09811750544034473,4.0,119.19999999999999,29.799999999999997,2.75,5.0,11,0.0,0.0,5.0,4
105908,0,0,0.17407831235844903,4.0,68.5,17.125,2.5,5.0,6,0.0,0.0,4.0,3
105915,0,0,0.24042184948624137,4.0,81.6,20.4,1.75,5.0,14,0.0,0.0,0.0,3
105943,0,0,0.22799669588048244,1.0,15.1,15.1,4.0,2.0,7,0.0,0.0,1.0,4
105954,0,0,0.17950949741157166,3.0,53.7,17.900000000000002,3.3333333333333335,4.0,5,0.0,0.0,3.0,1
105961,0,0,0.21532393667149619,3.0,51.5,17.166666666666668,4.0,5.0,15,0.0,0.0,1.0,2
105964,0,0,0.22982401075219908,1.0,47.2,47.2,3.0,2.0,0,0.0,0.0,0.0,2
105966,0,0,0.17791586945206517,5.0,107.0,21.4,4.0,6.0,10,0.0,0.0,0.0,1
105978,0,0,0.33738232091828513,4.0,28.799999999999997,7.199999999999999,2.5,5.0,7,0.0,0.0,0.0,3
105982,0,0,0.26250846622112867,1.0,2.2,2.2,3.0,5.0,18,0.0,0.0,1.0,4
105999,0,0,0.15063581325723074,2.0,90.1,45.05,4.0,3.0,16,0.0,0.0,1.0,3
106005,0,0,0.1900893426102835,1.0,20.8,20.8,7.0,2.0,0,0.0,0.0,0.0,4
106009,1,0,0.25115861924526506,3.0,41.5,13.833333333333334,3.0,5.0,15,0.0,0.0,1.0,3
106012,0,0,0.16626620111908505,5.0,65.30000000000001,13.060000000000002,3.2,6.0,16,0.0,0.0,6.0,2
106016,0,0,0.24924028565479003,1.0,13.1,13.1,2.0,3.0,15,0.0,0.0,2.0,4
106018,0,0,0.06182939959327019,10.0,152.0,15.2,3.7,9.0,14,1.0,9.99,14.0,4
106020,0,0,0.20652257126980628,4.0,49.1,12.275,4.0,5.0,11,0.0,0.0,3.0,4
106022,0,0,0.25089471297068944,3.0,23.4,7.8,3.3333333333333335,4.0,3,0.0,0.0,2.0,4
106027,0,0,0.056296662738672315,5.0,161.0,32.2,5.6,6.0,14,0.0,0.0,5.0,3
106030,0,0,0.2298788364481201,3.0,36.3,12.1,4.333333333333333,4.0,4,0.0,0.0,1.0,3
106032,0,0,0.23742780764048851,2.0,46.5,23.25,2.5,3.0,1,0.0,0.0,0.0,2
106041,0,0,0.17610697237483722,3.0,76.9,25.633333333333336,2.6666666666666665,4.0,11,0.0,0.0,2.0,4
106051,0,0,0.31841932154166125,5.0,57.0,11.4,2.2,6.0,15,0.0,0.0,0.0,3
106054,0,0,0.281875457000775,1.0,10.9,10.9,2.0,2.0,0,0.0,0.0,0.0,4
106057,0,0,0.2640709318098875,3.0,23.1,7.7,2.3333333333333335,5.0,15,1.0,1.99,3.0,1
106061,0,0,0.17901228131533425,1.0,15.0,15.0,7.0,2.0,3,0.0,0.0,1.0,3
106070,0,0,0.28011822401125663,3.0,13.2,4.3999999999999995,3.0,4.0,6,0.0,0.0,2.0,4
106076,0,0,0.05385862066593347,5.0,121.4,24.28,4.8,6.0,9,0.0,0.0,10.0,4
106079,0,0,0.1735118332556172,5.0,81.3,16.259999999999998,3.8,6.0,7,0.0,0.0,3.0,2
106084,0,0,0.1884718725257748,2.0,22.5,11.25,5.5,3.0,1,0.0,0.0,2.0,1
106086,1,0,0.289181050596476,1.0,25.1,25.1,1.0,2.0,2,0.0,0.0,0.0,4
106092,0,0,0.26333774937759574,3.0,39.099999999999994,13.033333333333331,2.0,4.0,4,0.0,0.0,1.0,1
106102,0,0,0.12147056240448001,4.0,102.30000000000001,25.575000000000003,3.5,5.0,14,0.0,0.0,4.0,4
106108,1,0,0.17177959187054004,3.0,87.9,29.3,3.0,5.0,16,0.0,0.0,1.0,1
106119,0,0,0.21102814822461247,4.0,73.2,18.3,3.25,5.0,11,0.0,0.0,1.0,4
106125,0,0,0.16181292025258295,4.0,60.3,15.075,3.75,6.0,17,0.0,0.0,5.0,4
106126,0,0,0.26958670315067484,4.0,43.8,10.95,2.25,6.0,16,0.0,0.0,2.0,4
106130,0,0,0.10452517673181795,4.0,77.80000000000001,19.450000000000003,5.75,6.0,16,0.0,0.0,6.0,2
106133,0,0,0.0930769635950712,5.0,115.6,23.119999999999997,5.4,6.0,16,1.0,49.99,4.0,4
106142,0,0,0.015837073959175905,7.0,260.0,37.142857142857146,5.571428571428571,9.0,18,0.0,0.0,9.0,4
106145,0,0,0.23477086237421174,1.0,58.2,58.2,3.0,2.0,15,0.0,0.0,0.0,4
106175,0,0,0.1362636344019505,4.0,67.2,16.8,5.0,6.0,15,0.0,0.0,5.0,4
106199,0,0,0.08849996168691006,7.0,121.8,17.4,3.857142857142857,9.0,18,0.0,0.0,9.0,4
106213,0,0,0.18572248206002195,2.0,25.9,12.95,5.0,5.0,17,0.0,0.0,3.0,4
106218,0,0,0.2832852313867472,2.0,31.4,15.7,1.0,3.0,7,1.0,1.99,1.0,2
106220,0,0,0.22967077949027606,2.0,37.7,18.85,3.5,4.0,18,0.0,0.0,1.0,4
106224,1,0,0.3114272041389341,3.0,23.3,7.766666666666667,1.6666666666666667,4.0,10,0.0,0.0,1.0,4
106229,0,0,0.01838482762791608,5.0,140.8,28.160000000000004,6.0,6.0,8,0.0,0.0,17.0,4
106239,0,0,0.21960937758628027,3.0,57.4,19.133333333333333,3.0,4.0,11,0.0,0.0,1.0,3
106241,1,0,0.2659734313254845,1.0,9.4,9.4,2.0,2.0,5,0.0,0.0,1.0,4
106242,0,0,0.1960606009423534,6.0,82.7,13.783333333333333,3.8333333333333335,6.0,6,0.0,0.0,3.0,4
106250,0,0,0.26796864760760747,2.0,18.8,9.4,4.0,3.0,11,0.0,0.0,0.0,4
106252,1,0,0.2566615729994667,1.0,5.8,5.8,3.0,2.0,11,0.0,0.0,1.0,4
106253,0,0,0.27445196797770416,1.0,0.3,0.3,2.0,2.0,5,0.0,0.0,1.0,4
106257,1,0,0.2932515881241832,2.0,22.6,11.3,2.0,3.0,7,0.0,0.0,0.0,2
106260,0,0,0.11546112483908087,4.0,115.5,28.875,3.5,5.0,9,0.0,0.0,3.0,4
106265,0,0,0.11890176412183526,3.0,97.0,32.333333333333336,4.0,4.0,10,0.0,0.0,3.0,1
106270,0,0,0.26443940760408274,1.0,10.7,10.7,3.0,2.0,1,0.0,0.0,0.0,4
106282,0,0,0.1452014311959722,5.0,86.1,17.22,3.6,7.0,18,0.0,0.0,5.0,2
106287,0,0,0.2349199143218534,3.0,44.5,14.833333333333334,2.0,4.0,6,0.0,0.0,2.0,2
106289,0,0,0.2584406109941766,1.0,27.3,27.3,3.0,2.0,13,0.0,0.0,0.0,2
106292,0,0,0.25498966629632364,2.0,9.0,4.5,5.0,3.0,1,0.0,0.0,0.0,1
106298,0,0,0.003269460871443982,7.0,380.2,54.31428571428571,4.857142857142857,8.0,15,0.0,0.0,11.0,3
106299,0,0,0.17999008106942926,2.0,74.0,37.0,3.0,3.0,13,0.0,0.0,1.0,1
106319,0,0,0.15367530212572075,2.0,35.5,17.75,3.5,3.0,4,0.0,0.0,5.0,1
106324,0,0,0.24628906795957384,1.0,32.9,32.9,3.0,2.0,3,0.0,0.0,0.0,4
106331,0,0,0.21190182482555425,1.0,48.5,48.5,4.0,2.0,0,0.0,0.0,0.0,1
106342,0,0,0.23911909350775734,1.0,5.0,5.0,4.0,2.0,12,0.0,0.0,1.0,2
106349,0,0,0.18512326083512431,4.0,87.1,21.775,4.25,5.0,6,0.0,0.0,0.0,3
106355,0,0,0.11036306935190819,4.0,106.8,26.7,6.25,5.0,11,0.0,0.0,2.0,2
106360,0,0,0.19192821331272858,2.0,41.0,20.5,5.5,5.0,18,0.0,0.0,1.0,3
106363,0,0,0.06547352964227345,3.0,121.8,40.6,5.666666666666667,4.0,2,0.0,0.0,5.0,4
106377,0,0,0.038205208723547074,7.0,197.6,28.228571428571428,3.4285714285714284,8.0,15,1.0,119.97999999999999,6.0,3
106380,0,0,0.13334415547960932,5.0,116.7,23.34,3.8,7.0,17,1.0,1.99,3.0,3
106389,0,0,0.2670065019093992,1.0,11.9,11.9,3.0,2.0,5,0.0,0.0,0.0,4
106391,0,0,0.25684311812152283,5.0,47.9,9.58,3.0,6.0,11,1.0,6.98,3.0,1
106410,0,0,0.1668951279971501,6.0,83.7,13.950000000000001,2.6666666666666665,6.0,14,0.0,0.0,6.0,4
106439,0,0,0.2509622254542226,1.0,4.2,4.2,3.0,2.0,3,0.0,0.0,1.0,4
106441,0,0,0.2615810643006767,4.0,52.099999999999994,13.024999999999999,3.0,6.0,18,0.0,0.0,1.0,4
106443,0,0,0.16677219908705276,5.0,104.4,20.880000000000003,1.8,6.0,11,0.0,0.0,3.0,4
106445,0,0,0.24317593216028016,2.0,30.5,15.25,3.0,3.0,9,0.0,0.0,1.0,4
106447,0,0,0.20538975803236176,2.0,45.2,22.6,2.5,3.0,6,0.0,0.0,2.0,2
106453,0,0,0.23279888436754995,3.0,45.2,15.066666666666668,3.3333333333333335,4.0,8,0.0,0.0,1.0,2
106458,0,0,0.07464684608342342,5.0,128.0,25.6,5.0,6.0,9,0.0,0.0,6.0,4
106479,0,0,0.19900007071166323,3.0,53.800000000000004,17.933333333333334,4.0,6.0,17,1.0,4.99,2.0,1
106501,0,0,0.240938630845759,3.0,32.6,10.866666666666667,3.0,4.0,6,0.0,0.0,2.0,3
106512,0,0,0.14772306182848433,6.0,77.8,12.966666666666667,3.6666666666666665,6.0,12,0.0,0.0,7.0,4
106521,0,0,0.2250052702125442,3.0,52.8,17.599999999999998,4.0,4.0,3,0.0,0.0,0.0,4
106522,0,0,0.22206695336801988,2.0,31.9,15.95,3.0,3.0,10,0.0,0.0,2.0,4
106537,0,0,0.03521087750798363,5.0,209.8,41.96,5.6,6.0,4,0.0,0.0,4.0,3
106543,0,0,0.048941149294975964,9.0,178.29999999999998,19.81111111111111,4.555555555555555,9.0,15,1.0,41.97,10.0,1
106545,0,0,0.29065794691380864,1.0,2.2,2.2,1.0,2.0,5,0.0,0.0,1.0,3
106547,0,0,0.19041734650700615,2.0,50.9,25.45,4.5,3.0,11,0.0,0.0,1.0,4
106550,0,0,0.06805470777090153,6.0,114.69999999999999,19.116666666666664,3.5,7.0,15,1.0,149.98,7.0,4
106554,0,0,0.12233926980099716,4.0,100.7,25.175,3.5,5.0,12,0.0,0.0,4.0,4
106555,0,0,0.13250044326977214,4.0,62.5,15.625,3.5,5.0,13,0.0,0.0,7.0,4
106557,0,0,0.15585573681956114,3.0,88.0,29.333333333333332,3.0,5.0,15,0.0,0.0,2.0,1
106565,0,0,0.2313059124853866,2.0,28.4,14.2,3.5,3.0,2,0.0,0.0,1.0,3
106566,0,0,0.02890022452128724,6.0,138.4,23.066666666666666,5.5,6.0,12,0.0,0.0,15.0,4
106575,0,0,0.19901162311824383,1.0,28.0,28.0,5.0,2.0,6,0.0,0.0,1.0,1
106577,1,0,0.24167087211240823,1.0,11.9,11.9,3.0,2.0,3,0.0,0.0,1.0,1
106580,0,0,0.18507259487510666,4.0,42.800000000000004,10.700000000000001,2.5,5.0,10,0.0,0.0,6.0,2
106582,0,0,0.15810865170136007,3.0,76.9,25.633333333333336,2.6666666666666665,4.0,7,0.0,0.0,3.0,4
106594,0,0,0.2526195862909003,2.0,32.0,16.0,3.0,3.0,2,0.0,0.0,0.0,1
106625,0,0,0.2038679608340523,3.0,53.099999999999994,17.7,4.333333333333333,4.0,10,0.0,0.0,1.0,1
106630,0,0,0.24505055723248248,1.0,12.0,12.0,3.0,2.0,7,0.0,0.0,1.0,1
106631,0,0,0.3047398916449809,1.0,6.4,6.4,1.0,2.0,1,0.0,0.0,0.0,2
106649,1,0,0.16154986485088432,2.0,37.6,18.8,4.0,3.0,7,0.0,0.0,4.0,1
106650,0,0,0.1456495603664733,4.0,91.6,22.9,3.5,5.0,13,0.0,0.0,3.0,1
106670,0,0,0.2564276820354744,1.0,20.5,20.5,3.0,2.0,2,0.0,0.0,0.0,4
106677,1,0,0.2942744294372686,2.0,8.899999999999999,4.449999999999999,3.5,3.0,12,0.0,0.0,0.0,2
106682,0,0,0.1252524106084385,6.0,141.29999999999998,23.549999999999997,4.166666666666667,6.0,14,1.0,1.99,2.0,1
106689,0,0,0.1772010029954456,5.0,61.8,12.36,2.8,6.0,14,0.0,0.0,6.0,4
106694,0,0,0.1464575398579856,3.0,61.4,20.466666666666665,4.0,4.0,4,0.0,0.0,4.0,4
106703,0,0,0.21055852291848715,3.0,27.7,9.233333333333333,2.0,4.0,8,0.0,0.0,5.0,4
106721,1,0,0.15756598629880142,2.0,64.8,32.4,4.5,3.0,13,0.0,0.0,2.0,3
106725,0,0,0.16533413723359988,2.0,67.4,33.7,5.5,3.0,2,0.0,0.0,0.0,4
106730,0,0,0.2950903119135619,4.0,33.3,8.325,1.75,5.0,7,0.0,0.0,2.0,4
106742,0,0,0.29167824667635345,4.0,52.9,13.225,2.25,5.0,14,0.0,0.0,0.0,2
106744,0,0,0.14989528056572576,3.0,46.6,15.533333333333333,5.333333333333333,4.0,4,0.0,0.0,4.0,4
106748,0,0,0.18335726215587805,4.0,75.7,18.925,3.5,5.0,11,0.0,0.0,2.0,1
106752,0,0,0.2250078898080432,1.0,8.2,8.2,6.0,3.0,16,0.0,0.0,0.0,2
106756,0,0,0.10364460684691826,3.0,90.0,30.0,4.0,4.0,6,0.0,0.0,5.0,4
106760,0,0,0.14557675155223895,4.0,86.0,21.5,4.25,5.0,7,1.0,4.99,3.0,1
106763,1,0,0.2961885845339283,1.0,26.0,26.0,1.0,2.0,13,0.0,0.0,0.0,1
106766,0,0,0.19362070383300234,1.0,19.7,19.7,5.0,2.0,11,0.0,0.0,2.0,4
106774,1,0,0.057911861348713026,6.0,172.4,28.733333333333334,4.333333333333333,7.0,17,0.0,0.0,6.0,4
106778,0,0,0.21013745098144526,3.0,54.5,18.166666666666668,2.3333333333333335,4.0,3,0.0,0.0,2.0,3
106791,0,0,0.1720084873036655,3.0,48.1,16.033333333333335,3.6666666666666665,4.0,9,0.0,0.0,4.0,4
106794,0,0,0.1654658620393025,4.0,101.80000000000001,25.450000000000003,3.0,5.0,9,0.0,0.0,1.0,4
106796,0,0,0.07139855640332327,4.0,113.5,28.375,4.75,6.0,15,0.0,0.0,7.0,1
106800,0,0,0.294821716265729,3.0,14.4,4.8,3.6666666666666665,5.0,15,0.0,0.0,1.0,4
106803,0,0,0.1892763310518595,4.0,43.099999999999994,10.774999999999999,3.5,5.0,11,0.0,0.0,5.0,4
106809,0,0,0.27853999345105224,1.0,14.4,14.4,2.0,2.0,0,0.0,0.0,0.0,4
106811,0,0,0.2029649157003986,1.0,4.9,4.9,6.0,2.0,5,0.0,0.0,1.0,4
106851,0,0,0.1106490502838537,3.0,124.30000000000001,41.43333333333334,3.0,4.0,6,0.0,0.0,2.0,4
106858,0,0,0.2692885448356411,2.0,33.3,16.65,1.5,4.0,15,0.0,0.0,1.0,4
106860,0,0,0.22078745909964248,1.0,40.3,40.3,4.0,2.0,0,0.0,0.0,0.0,4
106861,0,0,0.0875551256067114,3.0,88.3,29.433333333333334,5.0,4.0,7,0.0,0.0,6.0,3
106863,0,0,0.21212306350905072,3.0,42.1,14.033333333333333,5.0,4.0,7,0.0,0.0,1.0,4
106866,0,0,0.04037684881379929,5.0,187.60000000000002,37.52,5.8,6.0,10,0.0,0.0,5.0,1
106875,0,0,0.12726977307052573,3.0,94.10000000000001,31.36666666666667,5.0,5.0,15,0.0,0.0,2.0,4
106882,0,0,0.14731651379733868,3.0,88.4,29.46666666666667,3.3333333333333335,4.0,7,0.0,0.0,2.0,1
106889,0,0,0.19796886969952773,4.0,75.0,18.75,3.5,5.0,6,0.0,0.0,1.0,1
106903,1,0,0.1497668338852431,5.0,65.5,13.1,3.4,7.0,18,0.0,0.0,7.0,3
106905,0,0,0.28881269945899424,1.0,3.7,3.7,2.0,2.0,0,0.0,0.0,0.0,4
106917,0,0,0.21188829239454948,3.0,51.8,17.266666666666666,2.6666666666666665,4.0,5,0.0,0.0,2.0,4
106919,0,0,0.21284497052720736,5.0,70.7,14.14,4.8,6.0,9,0.0,0.0,1.0,1
106925,0,0,0.18608920174651178,2.0,23.4,11.7,5.0,3.0,11,0.0,0.0,3.0,3
106927,0,0,0.13145592318104615,4.0,74.4,18.6,5.5,5.0,8,0.0,0.0,4.0,4
106947,1,0,0.2871371825528199,2.0,27.5,13.75,2.0,3.0,8,0.0,0.0,0.0,4
106957,0,0,0.16110172626268482,4.0,64.5,16.125,4.25,6.0,15,0.0,0.0,4.0,1
106958,0,0,0.18056673844390064,5.0,42.9,8.58,5.4,6.0,11,1.0,24.979999999999997,5.0,1
106966,0,0,0.2966507824188765,2.0,24.4,12.2,1.5,3.0,2,0.0,0.0,0.0,4
106967,0,0,0.15877177871463222,5.0,113.0,22.6,3.6,6.0,10,0.0,0.0,1.0,2
106981,0,0,0.15146132359805703,3.0,69.7,23.233333333333334,2.6666666666666665,4.0,4,0.0,0.0,4.0,4
106996,0,0,0.2666879407682292,2.0,11.3,5.65,3.0,3.0,2,0.0,0.0,1.0,1
107003,0,0,0.18450004028583009,3.0,57.4,19.133333333333333,4.0,4.0,8,0.0,0.0,2.0,3
107004,0,0,0.12379749419610948,5.0,109.3,21.86,3.6,6.0,11,0.0,0.0,4.0,1
107009,0,0,0.28085297886396676,2.0,7.8,3.9,4.0,3.0,4,0.0,0.0,0.0,4
107011,0,0,0.16170339940283934,3.0,46.5,15.5,4.333333333333333,4.0,3,0.0,0.0,4.0,4
107012,0,0,0.09777421207271297,4.0,155.1,38.775,3.5,6.0,17,0.0,0.0,1.0,3
107021,0,0,0.19574801239032377,3.0,80.0,26.666666666666668,2.3333333333333335,6.0,18,0.0,0.0,1.0,4
107024,0,0,0.18513722824540252,3.0,82.3,27.433333333333334,4.0,6.0,18,0.0,0.0,0.0,4
107027,0,0,0.21394115878556721,3.0,47.0,15.666666666666666,3.6666666666666665,4.0,17,0.0,0.0,2.0,4
107030,0,0,0.08354902904674393,3.0,111.5,37.166666666666664,4.333333333333333,4.0,9,0.0,0.0,5.0,4
107036,0,0,0.1997014228678179,1.0,31.7,31.7,6.0,2.0,7,0.0,0.0,0.0,1
107041,0,0,0.2451001169761186,5.0,47.6,9.52,2.2,6.0,8,0.0,0.0,4.0,4
107043,0,0,0.29622251330290716,3.0,43.2,14.4,1.3333333333333333,4.0,8,0.0,0.0,0.0,4
107050,1,0,0.1808690552492594,5.0,92.6,18.52,3.6,7.0,17,0.0,0.0,2.0,4
107053,0,0,0.08965977668793962,4.0,112.19999999999999,28.049999999999997,3.25,5.0,7,0.0,0.0,6.0,4
107065,0,0,0.19081464011054078,1.0,8.0,8.0,5.0,2.0,9,1.0,1.99,3.0,4
107069,0,0,0.22802707116139126,3.0,37.5,12.5,2.0,4.0,6,0.0,0.0,3.0,2
107076,0,0,0.22781892007612736,2.0,31.700000000000003,15.850000000000001,4.0,3.0,13,0.0,0.0,1.0,4
107079,0,0,0.33890099566593246,3.0,8.2,2.733333333333333,3.3333333333333335,6.0,18,0.0,0.0,0.0,2
107083,0,0,0.22283106112067003,3.0,53.0,17.666666666666668,3.3333333333333335,4.0,12,0.0,0.0,1.0,3
107091,0,0,0.19531257730822482,4.0,42.7,10.675,5.25,5.0,9,0.0,0.0,3.0,1
107092,0,0,0.2730340290190867,2.0,14.0,7.0,3.0,3.0,12,0.0,0.0,1.0,3
107100,0,0,0.22346550885674704,2.0,36.8,18.4,2.0,3.0,4,0.0,0.0,2.0,1
107113,0,0,0.22122336177856586,2.0,9.8,4.9,5.0,3.0,7,0.0,0.0,2.0,4
107122,1,0,0.12888111094599672,4.0,96.4,24.1,3.5,6.0,17,0.0,0.0,4.0,3
107123,1,0,0.2531832875842213,2.0,34.3,17.15,3.5,3.0,14,0.0,0.0,0.0,4
107126,0,0,0.15652704306655008,4.0,77.4,19.35,4.0,5.0,5,0.0,0.0,3.0,4
107144,0,0,0.2811057135760988,5.0,50.7,10.14,2.2,6.0,8,0.0,0.0,2.0,4
107147,0,0,0.2827454091096813,3.0,29.700000000000003,9.9,2.3333333333333335,4.0,8,0.0,0.0,1.0,4
107153,0,0,0.20429732882811247,4.0,18.5,4.625,3.0,5.0,11,0.0,0.0,7.0,4
107154,0,0,0.28817384661795026,2.0,16.4,8.2,3.0,3.0,8,0.0,0.0,0.0,4
107157,0,0,0.04940890260948269,6.0,205.0,34.166666666666664,4.0,6.0,8,0.0,0.0,4.0,3
107162,0,0,0.27454004012185557,2.0,22.6,11.3,2.0,3.0,9,0.0,0.0,1.0,4
107168,0,0,0.09393851420715349,2.0,102.1,51.05,4.5,3.0,5,0.0,0.0,4.0,3
107185,0,0,0.14504238054881985,3.0,78.0,26.0,4.666666666666667,4.0,5,0.0,0.0,2.0,3
107187,0,0,0.2556237257285023,2.0,34.599999999999994,17.299999999999997,2.0,3.0,11,0.0,0.0,1.0,4
107194,0,0,0.1481419648607139,5.0,79.39999999999999,15.879999999999999,3.0,6.0,17,0.0,0.0,6.0,2
107210,1,0,0.31055463833229996,0.0,0.0,0.0,0.0,1.0,17,0.0,0.0,0.0,4
107214,0,0,0.17973638089995594,2.0,47.1,23.55,3.5,3.0,6,1.0,1.99,3.0,4
107217,0,0,0.18112676343621098,3.0,52.300000000000004,17.433333333333334,2.3333333333333335,4.0,5,0.0,0.0,4.0,4
107221,0,0,0.2756649610689655,2.0,22.3,11.15,3.0,3.0,6,0.0,0.0,0.0,4
107240,0,0,0.19004063677027214,4.0,66.7,16.675,3.0,5.0,12,0.0,0.0,3.0,2
107241,0,0,0.28365739286805813,1.0,10.1,10.1,2.0,2.0,3,0.0,0.0,0.0,2
107243,0,0,0.15565394649574524,4.0,50.6,12.65,1.75,5.0,14,0.0,0.0,8.0,4
107254,0,0,0.12107709999116884,2.0,62.0,31.0,6.5,3.0,5,0.0,0.0,3.0,4
107267,0,0,0.16994177948491349,4.0,45.4,11.35,6.0,6.0,16,0.0,0.0,4.0,4
107268,0,0,0.22562828224329007,1.0,15.6,15.6,5.0,2.0,1,0.0,0.0,0.0,4
107274,0,0,0.04154750247771687,6.0,158.5,26.416666666666668,5.0,8.0,17,0.0,0.0,10.0,4
107286,0,0,0.20103143561429773,2.0,50.0,25.0,1.5,3.0,12,0.0,0.0,3.0,3
107295,0,0,0.1305279499612885,4.0,93.5,23.375,3.25,5.0,7,0.0,0.0,4.0,3
107305,0,0,0.2674663299353186,1.0,3.8,3.8,2.0,2.0,1,0.0,0.0,1.0,4
107321,1,0,0.23869461843092996,3.0,12.4,4.133333333333334,2.3333333333333335,5.0,17,0.0,0.0,5.0,4
107327,0,0,0.24971370798769338,4.0,48.4,12.1,4.0,6.0,16,0.0,0.0,1.0,4
107330,0,0,0.22288750388866163,3.0,20.0,6.666666666666667,4.333333333333333,4.0,6,0.0,0.0,3.0,4
107337,0,0,0.2653894211765825,2.0,20.3,10.15,3.5,3.0,4,0.0,0.0,0.0,1
107365,0,0,0.20915671922805187,4.0,56.2,14.05,2.75,5.0,9,0.0,0.0,3.0,1
107376,0,0,0.23036481912847462,4.0,20.7,5.175,3.75,6.0,18,0.0,0.0,5.0,4
107389,0,0,0.2947294042739079,2.0,13.600000000000001,6.800000000000001,2.0,3.0,16,0.0,0.0,1.0,1
107408,0,0,0.2794199706856404,2.0,13.0,6.5,2.5,3.0,6,0.0,0.0,1.0,4
107426,0,0,0.21088603504030648,2.0,27.4,13.7,3.0,3.0,11,0.0,0.0,3.0,4
107433,0,0,0.2212701327670347,1.0,15.4,15.4,4.0,2.0,2,0.0,0.0,1.0,1
107442,1,0,0.2919643419946641,2.0,17.7,8.85,1.5,3.0,10,0.0,0.0,1.0,2
107448,0,0,0.0867166642609436,5.0,83.8,16.759999999999998,3.8,6.0,7,0.0,0.0,10.0,4
107459,0,0,0.2871436066796726,2.0,17.0,8.5,3.0,3.0,10,0.0,0.0,0.0,2
107460,1,0,0.13878864533444465,3.0,60.4,20.133333333333333,2.6666666666666665,4.0,9,0.0,0.0,6.0,4
107461,0,0,0.22141657295412384,2.0,37.2,18.6,4.5,3.0,2,0.0,0.0,0.0,4
107463,0,0,0.16317420529157248,5.0,73.0,14.6,2.4,6.0,12,0.0,0.0,6.0,4
107464,0,0,0.2635560430527344,2.0,18.2,9.1,4.0,3.0,7,0.0,0.0,0.0,2
107473,0,0,0.1723396365846031,2.0,41.599999999999994,20.799999999999997,5.0,3.0,1,0.0,0.0,2.0,4
107477,0,0,0.2373681558452059,3.0,38.5,12.833333333333334,4.0,4.0,13,0.0,0.0,1.0,1
107487,0,0,0.015506943388460332,6.0,258.7,43.11666666666667,4.166666666666667,6.0,9,0.0,0.0,9.0,2
107494,1,0,0.2654444933797,1.0,11.6,11.6,3.0,2.0,3,0.0,0.0,0.0,4
107502,0,0,0.1999325437224204,4.0,83.4,20.85,1.75,5.0,14,0.0,0.0,2.0,4
107518,0,0,0.21775731220101385,3.0,19.0,6.333333333333333,4.666666666666667,4.0,7,0.0,0.0,3.0,1
107524,0,0,0.2779549779275787,1.0,2.6,2.6,2.0,2.0,12,0.0,0.0,1.0,3
107532,0,0,0.20588937268950905,1.0,24.5,24.5,6.0,2.0,5,0.0,0.0,0.0,4
107553,0,0,0.28562116566357865,2.0,8.0,4.0,3.0,3.0,13,0.0,0.0,1.0,4
107560,0,0,0.1641340190822684,4.0,92.2,23.05,3.0,5.0,11,0.0,0.0,2.0,1
107567,0,0,0.13941995632309837,2.0,64.3,32.15,6.0,3.0,6,1.0,6.98,2.0,2
107577,0,0,0.30247863648796486,2.0,16.299999999999997,8.149999999999999,1.5,3.0,12,1.0,9.99,1.0,4
107583,0,0,0.22934346500007755,1.0,50.7,50.7,3.0,2.0,1,0.0,0.0,0.0,4
107585,0,0,0.19191177832081208,1.0,19.3,19.3,7.0,2.0,1,0.0,0.0,0.0,4
107588,0,0,0.30456695088218894,3.0,14.0,4.666666666666667,2.0,4.0,13,0.0,0.0,2.0,4
107592,0,0,0.21418370483980356,3.0,47.0,15.666666666666666,3.0,4.0,6,0.0,0.0,2.0,2
107604,0,0,0.24745669271126944,2.0,60.3,30.15,1.5,3.0,12,1.0,4.99,0.0,1
107605,0,0,0.25177021592999627,5.0,45.7,9.14,2.2,6.0,11,0.0,0.0,4.0,4
107616,0,0,0.2443217428714291,5.0,62.5,12.5,3.0,6.0,12,0.0,0.0,2.0,4
107620,0,0,0.10935834252232736,4.0,84.4,21.1,4.25,5.0,9,0.0,0.0,6.0,4
107628,1,0,0.13820020199729588,3.0,56.0,18.666666666666668,2.3333333333333335,6.0,18,0.0,0.0,7.0,4
107631,0,0,0.22122227987945473,1.0,22.4,22.4,4.0,2.0,8,0.0,0.0,1.0,2
107635,0,0,0.17510108349990952,2.0,63.0,31.5,4.0,3.0,5,0.0,0.0,1.0,1
107644,0,0,0.11628881823455685,4.0,119.2,29.8,5.5,5.0,14,0.0,0.0,1.0,2
107651,0,0,0.18281634586992573,2.0,47.900000000000006,23.950000000000003,6.0,3.0,1,0.0,0.0,0.0,4
107659,0,0,0.19057614823876534,2.0,31.1,15.55,7.0,3.0,1,0.0,0.0,0.0,3
107661,0,0,0.1874090018077521,4.0,51.2,12.8,4.75,5.0,8,0.0,0.0,3.0,1
107662,0,0,0.07679090815929031,5.0,156.0,31.2,6.0,6.0,10,0.0,0.0,2.0,3
107671,0,0,0.30297886429216186,2.0,26.799999999999997,13.399999999999999,1.0,3.0,3,0.0,0.0,0.0,4
107694,0,0,0.034643588656358505,4.0,175.20000000000002,43.800000000000004,4.25,5.0,6,0.0,0.0,8.0,4
107706,0,0,0.2608691732868601,2.0,13.600000000000001,6.800000000000001,3.5,3.0,7,0.0,0.0,1.0,4
107712,0,0,0.21504727126182094,5.0,53.5,10.7,3.2,6.0,7,0.0,0.0,4.0,3
107718,0,0,0.12319181916858048,8.0,134.8,16.85,4.375,9.0,16,1.0,19.99,5.0,1
107721,0,0,0.12884918478829763,3.0,60.099999999999994,20.03333333333333,2.6666666666666665,5.0,15,0.0,0.0,7.0,4
107723,0,0,0.2901549934138545,2.0,22.7,11.35,2.5,3.0,12,0.0,0.0,0.0,4
107725,0,0,0.2788887674503136,3.0,13.8,4.6000000000000005,4.333333333333333,4.0,9,0.0,0.0,1.0,4
107726,0,0,0.30359595934447753,3.0,26.300000000000004,8.766666666666667,2.6666666666666665,4.0,8,0.0,0.0,0.0,1
107732,0,0,0.24159343418962836,1.0,35.3,35.3,3.0,2.0,0,0.0,0.0,0.0,4
107733,0,0,0.2322596083706606,2.0,34.3,17.15,2.0,3.0,7,0.0,0.0,2.0,4
107735,0,0,0.22885279613981258,3.0,37.3,12.433333333333332,3.6666666666666665,6.0,17,0.0,0.0,2.0,4
107740,0,0,0.040651209459865806,7.0,248.0,35.42857142857143,3.5714285714285716,7.0,11,0.0,0.0,3.0,3
107746,0,0,0.21621166790538804,1.0,4.5,4.5,6.0,2.0,1,0.0,0.0,0.0,1
107749,1,0,0.05207564271349565,7.0,138.1,19.728571428571428,4.285714285714286,9.0,18,0.0,0.0,12.0,3
107760,0,0,0.24183495625334941,1.0,15.6,15.6,3.0,2.0,4,0.0,0.0,1.0,4
107761,0,0,0.15919595906443132,6.0,119.3,19.883333333333333,2.3333333333333335,6.0,13,0.0,0.0,3.0,4
107764,0,0,0.22944875025543204,1.0,27.2,27.2,3.0,2.0,2,0.0,0.0,1.0,3
107775,1,0,0.21584667456792214,5.0,85.3,17.06,2.0,6.0,14,0.0,0.0,2.0,3
107779,0,0,0.17565373420762315,3.0,48.5,16.166666666666668,5.666666666666667,4.0,8,0.0,0.0,2.0,4
107801,0,0,0.10310326356819939,3.0,54.9,18.3,4.0,6.0,17,1.0,1.99,9.0,2
107815,0,0,0.23449865894784117,4.0,40.900000000000006,10.225000000000001,4.25,5.0,8,0.0,0.0,2.0,4
107816,0,0,0.26368072681710825,1.0,9.9,9.9,2.0,2.0,3,0.0,0.0,1.0,4
107817,0,0,0.18412046681285044,3.0,28.8,9.6,3.6666666666666665,4.0,8,0.0,0.0,5.0,4
107831,0,0,0.20655031392114975,2.0,57.900000000000006,28.950000000000003,2.5,3.0,7,0.0,0.0,1.0,3
107834,0,0,0.26856793838405374,1.0,5.6,5.6,2.0,2.0,4,0.0,0.0,1.0,4
107843,0,0,0.21150632425520088,1.0,34.1,34.1,5.0,2.0,2,0.0,0.0,0.0,4
107850,0,0,0.23836243397489834,3.0,26.9,8.966666666666667,3.0,4.0,16,0.0,0.0,3.0,1
107856,0,0,0.04985051359431229,5.0,132.3,26.46,4.6,6.0,15,0.0,0.0,10.0,3
107859,1,0,0.20614616955961695,2.0,36.2,18.1,5.0,5.0,17,0.0,0.0,1.0,4
107869,0,0,0.30193606003734774,2.0,15.799999999999999,7.8999999999999995,2.0,3.0,3,0.0,0.0,0.0,2
107870,0,0,0.1738555098144172,3.0,65.4,21.8,4.0,4.0,12,0.0,0.0,2.0,1
107872,0,0,0.2981027681662522,1.0,15.0,15.0,1.0,2.0,1,0.0,0.0,0.0,4
107878,0,0,0.14782327519688768,3.0,80.1,26.7,4.0,4.0,3,0.0,0.0,2.0,1
107883,0,0,0.2084396790000204,3.0,40.5,13.5,3.0,4.0,8,0.0,0.0,3.0,2
107884,0,0,0.25571455845566904,1.0,19.3,19.3,3.0,2.0,0,0.0,0.0,0.0,4
107936,0,0,0.20778234790482797,1.0,35.9,35.9,5.0,2.0,0,0.0,0.0,0.0,3
107939,0,0,0.14531547094157926,4.0,74.9,18.725,3.25,6.0,16,0.0,0.0,5.0,2
107943,0,0,0.14750817135122268,5.0,70.2,14.040000000000001,5.0,6.0,8,0.0,0.0,5.0,4
107954,0,0,0.12078501527019893,4.0,90.8,22.7,5.5,5.0,5,0.0,0.0,3.0,1
107955,0,0,0.23089337744157504,2.0,22.900000000000002,11.450000000000001,4.0,3.0,3,0.0,0.0,1.0,1
107957,0,0,0.13362715141551926,6.0,104.7,17.45,3.8333333333333335,6.0,13,0.0,0.0,5.0,1
107969,0,0,0.193370395176333,1.0,53.0,53.0,5.0,2.0,0,0.0,0.0,0.0,1
107971,0,0,0.2790990272450756,1.0,16.8,16.8,2.0,2.0,3,0.0,0.0,0.0,4
107973,0,0,0.11233073274957847,5.0,130.6,26.119999999999997,3.8,7.0,18,0.0,0.0,3.0,4
107975,1,0,0.24819296407680977,3.0,19.900000000000002,6.633333333333334,2.3333333333333335,4.0,10,1.0,99.99,1.0,4
107980,0,0,0.2598676471482596,3.0,51.5,17.166666666666668,2.6666666666666665,4.0,16,0.0,0.0,0.0,2
107985,0,0,0.26500371379233595,2.0,24.200000000000003,12.100000000000001,3.5,3.0,9,0.0,0.0,0.0,3
107989,0,0,0.13699263345588222,4.0,82.0,20.5,3.25,6.0,16,0.0,0.0,5.0,4
108004,0,0,0.2303050008943182,2.0,24.299999999999997,12.149999999999999,4.0,3.0,3,0.0,0.0,1.0,3
108009,0,0,0.2854870312427915,6.0,64.3,10.716666666666667,2.3333333333333335,6.0,14,0.0,0.0,2.0,2
108011,0,0,0.2408486116475785,2.0,23.5,11.75,3.5,3.0,4,0.0,0.0,1.0,3
108014,0,0,0.13476443206233407,2.0,78.7,39.35,3.5,3.0,3,0.0,0.0,3.0,4
108015,0,0,0.24047525552643825,1.0,2.0,2.0,5.0,2.0,5,0.0,0.0,0.0,4
108017,0,0,0.1098197129472534,5.0,83.8,16.759999999999998,4.8,6.0,12,0.0,0.0,7.0,4
108036,0,0,0.11610838426888741,3.0,106.89999999999999,35.63333333333333,3.0,4.0,6,0.0,0.0,3.0,1
108042,0,0,0.25032043415756455,3.0,53.9,17.966666666666665,2.3333333333333335,4.0,2,0.0,0.0,0.0,4
108047,0,0,0.259623278320182,2.0,29.1,14.55,2.5,3.0,15,0.0,0.0,1.0,4
108077,0,0,0.1754948584473053,4.0,72.0,18.0,4.5,5.0,8,0.0,0.0,2.0,4
108078,0,0,0.1741372670999119,1.0,4.9,4.9,9.0,2.0,1,0.0,0.0,0.0,4
108087,0,0,0.19761945339661954,3.0,35.3,11.766666666666666,4.333333333333333,4.0,7,0.0,0.0,3.0,4
108109,0,0,0.20303744421217695,1.0,22.6,22.6,5.0,2.0,3,0.0,0.0,1.0,4
108113,0,0,0.18483063946959702,1.0,47.0,47.0,3.0,2.0,10,0.0,0.0,3.0,4
108127,0,0,0.23992812541001798,3.0,52.599999999999994,17.53333333333333,3.3333333333333335,4.0,10,0.0,0.0,0.0,1
108134,0,0,0.16443689039115966,3.0,45.5,15.166666666666666,5.666666666666667,4.0,10,0.0,0.0,3.0,2
108135,0,0,0.2713365388845767,4.0,25.8,6.45,2.75,5.0,9,0.0,0.0,3.0,3
108138,0,0,0.19673690590582255,2.0,28.6,14.3,4.5,3.0,2,0.0,0.0,2.0,3
108140,0,0,0.24084153886469256,2.0,34.9,17.45,3.5,3.0,2,0.0,0.0,0.0,3
108147,0,0,0.3126027412225527,3.0,19.6,6.533333333333334,1.6666666666666667,4.0,6,0.0,0.0,1.0,1
108161,0,0,0.2865286235841511,2.0,13.100000000000001,6.550000000000001,3.5,3.0,10,0.0,0.0,0.0,4
108170,0,0,0.24567446960035885,2.0,24.4,12.2,2.0,3.0,4,0.0,0.0,2.0,4
108172,0,0,0.0989434803988247,4.0,64.9,16.225,3.25,5.0,14,0.0,0.0,10.0,4
108173,0,0,0.05990002859445888,6.0,174.3,29.05,4.666666666666667,6.0,13,0.0,0.0,5.0,2
108178,1,0,0.29808992065951967,2.0,10.0,5.0,3.0,3.0,9,0.0,0.0,0.0,1
108183,0,0,0.34898223763601766,3.0,21.799999999999997,7.266666666666666,1.0,4.0,9,0.0,0.0,0.0,1
108185,0,0,0.13933820799468433,6.0,121.8,20.3,3.5,6.0,12,0.0,0.0,3.0,1
108197,1,0,0.09408917096784697,4.0,71.8,17.95,5.0,5.0,6,0.0,0.0,8.0,4
108198,0,0,0.2944968334962699,2.0,7.7,3.85,3.0,3.0,1,0.0,0.0,0.0,1
108199,0,0,0.13054574132308513,1.0,21.8,21.8,10.0,3.0,16,0.0,0.0,2.0,2
108201,0,0,0.2734335866291891,3.0,13.9,4.633333333333334,2.0,4.0,6,0.0,0.0,3.0,2
108210,0,0,0.11684354323389959,6.0,85.6,14.266666666666666,3.6666666666666665,6.0,11,1.0,1.99,9.0,4
108212,0,0,0.3221996169617525,2.0,7.8,3.9,2.0,3.0,7,0.0,0.0,0.0,3
108221,0,0,0.10102983041015699,3.0,112.2,37.4,3.0,4.0,5,0.0,0.0,4.0,4
108230,0,0,0.26254210993005084,2.0,21.9,10.95,3.5,3.0,1,0.0,0.0,0.0,4
108241,0,0,0.13460809148486502,2.0,60.6,30.3,4.0,3.0,2,0.0,0.0,4.0,4
108255,1,0,0.2944879574027127,2.0,16.1,8.05,2.5,3.0,4,0.0,0.0,0.0,4
108259,0,0,0.06580956209914109,5.0,122.0,24.4,2.8,6.0,16,0.0,0.0,10.0,4
108271,0,0,0.036553811349816875,7.0,216.3,30.900000000000002,4.571428571428571,8.0,15,1.0,1.99,7.0,1
108276,0,0,0.09408451084106392,8.0,104.9,13.1125,4.75,9.0,18,0.0,0.0,11.0,4
108277,0,0,0.15054397671088016,3.0,36.7,12.233333333333334,4.0,4.0,4,0.0,0.0,6.0,4
108287,0,0,0.12158552812914984,8.0,130.5,16.3125,3.125,9.0,18,0.0,0.0,7.0,4
108295,0,0,0.25492273064329196,2.0,20.1,10.05,4.0,3.0,2,0.0,0.0,0.0,1
108309,0,0,0.3334661745616954,3.0,12.6,4.2,3.0,4.0,14,0.0,0.0,0.0,1
108326,1,0,0.11964485141364091,4.0,92.5,23.125,6.75,5.0,8,0.0,0.0,2.0,1
108340,0,0,0.03591824783254992,6.0,231.2,38.53333333333333,3.6666666666666665,6.0,18,0.0,0.0,5.0,4
108346,0,0,0.22822800272628063,1.0,19.5,19.5,5.0,2.0,10,0.0,0.0,0.0,2
108350,0,0,0.21209695273639148,1.0,13.3,13.3,4.0,2.0,9,0.0,0.0,2.0,4
108355,0,0,0.24965891539638435,1.0,6.3,6.3,4.0,2.0,0,0.0,0.0,0.0,4
108358,0,0,0.3065699915569727,1.0,7.5,7.5,1.0,2.0,2,0.0,0.0,0.0,4
108361,1,0,0.31534609501431476,1.0,6.8,6.8,1.0,2.0,10,0.0,0.0,0.0,4
108369,1,0,0.2877425517879076,1.0,5.8,5.8,2.0,2.0,1,0.0,0.0,0.0,4
108370,0,0,0.15964921439008722,4.0,80.8,20.2,3.25,5.0,3,0.0,0.0,3.0,4
108378,0,0,0.23320085707795146,3.0,38.0,12.666666666666666,2.6666666666666665,4.0,4,0.0,0.0,2.0,1
108386,0,0,0.12031944859065115,6.0,112.1,18.683333333333334,3.3333333333333335,8.0,18,1.0,9.99,6.0,1
108387,0,0,0.20846813578139045,3.0,58.8,19.599999999999998,4.333333333333333,4.0,2,0.0,0.0,0.0,4
108395,0,0,0.1860645133565388,2.0,22.5,11.25,3.5,3.0,2,0.0,0.0,4.0,4
108397,0,0,0.1197272033736378,6.0,136.7,22.78333333333333,3.6666666666666665,8.0,16,0.0,0.0,3.0,3
108401,0,0,0.2839546664091073,1.0,16.7,16.7,2.0,2.0,8,0.0,0.0,0.0,4
108402,1,0,0.28425392426269214,2.0,6.300000000000001,3.1500000000000004,2.0,3.0,12,0.0,0.0,2.0,4
108414,1,0,0.2589220597624281,2.0,20.2,10.1,2.0,3.0,11,0.0,0.0,2.0,4
108418,0,0,0.2811109290883716,1.0,11.7,11.7,2.0,2.0,0,0.0,0.0,0.0,4
108430,0,0,0.30954777392481736,0.0,0.0,0.0,0.0,1.0,16,0.0,0.0,0.0,4
108433,0,0,0.19769494492698664,3.0,49.7,16.566666666666666,2.0,5.0,18,0.0,0.0,4.0,3
108436,0,0,0.13643278786493315,5.0,124.7,24.94,3.2,6.0,17,0.0,0.0,2.0,1
108447,0,0,0.2428153682015381,1.0,15.1,15.1,4.0,2.0,1,0.0,0.0,0.0,4
108487,0,0,0.1334636292578587,3.0,86.8,28.933333333333334,6.333333333333333,6.0,17,0.0,0.0,1.0,2
108496,1,0,0.3361922411418522,4.0,29.3,7.325,2.5,5.0,8,0.0,0.0,0.0,2
108500,0,0,0.26255101681868326,2.0,17.6,8.8,2.0,3.0,13,0.0,0.0,2.0,1
108513,0,0,0.2165367831553938,2.0,34.3,17.15,4.0,3.0,5,0.0,0.0,1.0,3
108515,0,0,0.24438427460690854,6.0,73.9,12.316666666666668,2.1666666666666665,6.0,14,0.0,0.0,3.0,1
108524,0,0,0.241205018158559,3.0,31.700000000000003,10.566666666666668,3.3333333333333335,4.0,10,0.0,0.0,2.0,4
108531,0,0,0.13549801626606597,2.0,108.7,54.35,3.0,3.0,4,0.0,0.0,1.0,4
108534,0,0,0.2530111711612361,1.0,13.2,13.2,4.0,3.0,15,0.0,0.0,0.0,1
108541,0,0,0.26839592317464495,1.0,10.4,10.4,3.0,2.0,5,0.0,0.0,0.0,4
108543,0,0,0.11739085763656572,4.0,81.8,20.45,3.75,5.0,10,0.0,0.0,6.0,4
108546,0,0,0.27410044807041034,1.0,2.3,2.3,3.0,2.0,3,0.0,0.0,0.0,4
108552,0,0,0.24663558045644224,1.0,50.3,50.3,2.0,2.0,1,0.0,0.0,0.0,4
108558,0,0,0.23242337887149275,3.0,54.5,18.166666666666668,2.3333333333333335,4.0,7,0.0,0.0,1.0,3
108561,0,0,0.023652880998266002,6.0,176.10000000000002,29.350000000000005,3.1666666666666665,8.0,18,0.0,0.0,15.0,4
108569,0,0,0.17106455146868,1.0,23.0,23.0,6.0,2.0,2,0.0,0.0,2.0,4
108574,0,0,0.15149775780693664,2.0,83.9,41.95,5.5,3.0,13,0.0,0.0,0.0,2
108576,0,0,0.24982871246623273,4.0,48.8,12.2,3.75,6.0,15,0.0,0.0,1.0,1
108583,0,0,0.09597012060077008,5.0,134.3,26.860000000000003,4.8,6.0,11,0.0,0.0,3.0,1
108587,0,0,0.2649783050431843,3.0,39.2,13.066666666666668,3.3333333333333335,4.0,9,0.0,0.0,0.0,1
108592,0,0,0.23353348319078826,5.0,53.9,10.78,3.6,6.0,15,0.0,0.0,3.0,3
108594,0,0,0.30972755061932744,2.0,14.3,7.15,2.0,3.0,7,0.0,0.0,0.0,3
108605,0,0,0.1700971527861398,2.0,49.9,24.95,3.5,3.0,7,0.0,0.0,3.0,4
108607,0,0,0.03257384908549678,4.0,184.20000000000002,46.050000000000004,5.5,5.0,7,1.0,4.99,7.0,4
108615,0,0,0.11542970557441311,1.0,54.4,54.4,7.0,2.0,3,0.0,0.0,4.0,4
108621,0,0,0.2460743936059725,2.0,44.900000000000006,22.450000000000003,3.0,3.0,16,0.0,0.0,0.0,4
108622,0,0,0.1179897095310226,5.0,131.5,26.3,3.8,6.0,10,0.0,0.0,2.0,1
108630,0,0,0.2529152328639146,3.0,39.6,13.200000000000001,2.3333333333333335,4.0,13,1.0,4.99,2.0,4
108635,0,0,0.07885732618554754,7.0,152.8,21.82857142857143,3.4285714285714284,7.0,11,0.0,0.0,7.0,4
108651,0,0,0.2522950615586948,2.0,25.200000000000003,12.600000000000001,2.0,3.0,14,0.0,0.0,2.0,3
108652,0,0,0.23944000347072292,3.0,39.0,13.0,2.3333333333333335,4.0,4,0.0,0.0,2.0,4
108659,0,0,0.10544099969519702,5.0,100.8,20.16,2.2,8.0,18,0.0,0.0,8.0,4
108663,0,0,0.0010447985716739174,7.0,446.0,63.714285714285715,6.0,7.0,8,0.0,0.0,13.0,1
108664,0,0,0.1647861746808266,5.0,78.4,15.680000000000001,3.4,6.0,14,1.0,1.99,5.0,4
108666,0,0,0.25249620194515754,5.0,62.2,12.440000000000001,3.6,6.0,9,0.0,0.0,1.0,4
108668,0,0,0.2650796969435135,1.0,11.0,11.0,3.0,2.0,2,0.0,0.0,0.0,4
108674,0,0,0.2528361738729783,1.0,24.6,24.6,3.0,2.0,5,0.0,0.0,0.0,1
108684,0,0,0.1646627248405452,7.0,108.9,15.557142857142859,3.5714285714285716,7.0,12,0.0,0.0,4.0,2
108688,0,0,0.11222282601435468,3.0,119.30000000000001,39.76666666666667,3.3333333333333335,4.0,8,0.0,0.0,2.0,1
108690,0,0,0.25069974849979165,1.0,44.7,44.7,2.0,2.0,0,0.0,0.0,0.0,4
108694,0,0,0.1820844957162354,2.0,39.9,19.95,4.5,3.0,4,0.0,0.0,2.0,2
108698,0,0,0.13430855235909883,3.0,65.6,21.866666666666664,4.666666666666667,4.0,5,0.0,0.0,4.0,4
108707,1,0,0.19264121569262266,3.0,66.8,22.266666666666666,3.3333333333333335,4.0,5,0.0,0.0,1.0,1
108709,0,0,0.20869046313157386,1.0,18.9,18.9,6.0,2.0,3,0.0,0.0,0.0,4
108720,0,0,0.11564390646378946,4.0,105.4,26.35,2.5,5.0,13,0.0,0.0,5.0,4
108725,0,0,0.14224238174891704,2.0,52.7,26.35,5.5,3.0,7,0.0,0.0,3.0,4
108728,0,0,0.24393282251256607,1.0,8.3,8.3,3.0,2.0,2,0.0,0.0,1.0,1
108739,0,0,0.2856548425518453,1.0,6.0,6.0,2.0,2.0,0,0.0,0.0,0.0,3
108744,0,0,0.2659964844457375,1.0,27.8,27.8,2.0,2.0,0,0.0,0.0,0.0,4
108762,0,0,0.2002678843060194,3.0,51.900000000000006,17.3,2.3333333333333335,4.0,7,0.0,0.0,3.0,4
108765,0,0,0.20226953131312284,5.0,71.7,14.34,3.4,6.0,15,0.0,0.0,3.0,3
108766,0,0,0.10619694589965482,4.0,105.6,26.4,3.25,5.0,8,0.0,0.0,5.0,4
108770,0,0,0.19819772249845974,4.0,56.5,14.125,2.25,5.0,6,0.0,0.0,4.0,4
108776,1,0,0.23069825657373333,2.0,15.5,7.75,3.0,3.0,14,0.0,0.0,3.0,3
108783,0,0,0.005950393967818081,10.0,339.2,33.92,4.8,10.0,17,0.0,0.0,14.0,4
108791,0,0,0.27965145966436267,2.0,9.9,4.95,3.0,5.0,16,0.0,0.0,1.0,1
108808,0,0,0.2544083128360777,2.0,23.2,11.6,3.0,3.0,8,0.0,0.0,1.0,4
108810,1,0,0.2397756945163528,1.0,9.8,9.8,4.0,3.0,18,0.0,0.0,1.0,3
108812,0,0,0.24573190055212074,2.0,19.1,9.55,2.5,3.0,4,0.0,0.0,2.0,4
108814,0,0,0.13465699566110192,4.0,86.10000000000001,21.525000000000002,2.75,5.0,10,0.0,0.0,5.0,4
108820,0,0,0.1714339841878615,2.0,54.8,27.4,4.5,4.0,16,0.0,0.0,2.0,4
108822,0,0,0.3084070490748627,2.0,4.5,2.25,3.0,3.0,9,0.0,0.0,0.0,1
108826,0,0,0.11801904402726186,2.0,33.7,16.85,6.0,3.0,6,0.0,0.0,6.0,4
108829,0,0,0.23815224087602355,3.0,45.6,15.200000000000001,4.0,4.0,3,0.0,0.0,0.0,4
108841,0,0,0.1875013620654893,3.0,52.900000000000006,17.633333333333336,3.0,4.0,7,0.0,0.0,3.0,2
108844,0,0,0.2557594783227356,2.0,25.5,12.75,3.0,6.0,18,0.0,0.0,1.0,4
108854,0,0,0.07361068023005682,5.0,114.4,22.880000000000003,3.6,7.0,17,0.0,0.0,9.0,4
108856,0,0,0.17492933527982524,5.0,91.8,18.36,4.0,6.0,13,0.0,0.0,2.0,4
108862,0,0,0.18911645924939416,2.0,37.1,18.55,2.0,3.0,4,0.0,0.0,4.0,4
108872,0,0,0.23530701229109927,2.0,45.9,22.95,2.0,3.0,9,0.0,0.0,1.0,4
108879,0,0,0.22628941385269802,1.0,14.8,14.8,5.0,2.0,1,0.0,0.0,0.0,4
108893,0,0,0.28103751532327825,3.0,33.1,11.033333333333333,2.0,4.0,7,0.0,0.0,1.0,4
108910,0,0,0.09444270753317112,8.0,171.8,21.475,4.125,8.0,14,0.0,0.0,4.0,1
108913,0,0,0.21645760317728285,1.0,44.7,44.7,4.0,2.0,0,0.0,0.0,0.0,3
108914,0,0,0.03768714167388473,4.0,143.5,35.875,6.25,5.0,14,0.0,0.0,9.0,4
108917,0,0,0.2264474653299613,1.0,33.4,33.4,4.0,2.0,0,0.0,0.0,0.0,4
108924,0,0,0.20213038731269814,2.0,52.2,26.1,2.5,3.0,13,0.0,0.0,2.0,4
108942,1,0,0.2787985478060802,2.0,26.900000000000002,13.450000000000001,3.0,3.0,18,0.0,0.0,0.0,4
108955,0,0,0.1590685026304699,4.0,79.6,19.9,4.25,5.0,16,1.0,9.99,3.0,3
108962,1,0,0.2032390963878237,3.0,38.0,12.666666666666666,3.6666666666666665,4.0,10,0.0,0.0,3.0,1
108963,0,0,0.2501362445154118,1.0,13.1,13.1,3.0,2.0,11,0.0,0.0,1.0,4
108967,0,0,0.254703053908978,1.0,18.8,18.8,2.0,2.0,2,0.0,0.0,1.0,4
108970,0,0,0.07744809629690817,5.0,112.3,22.46,4.4,7.0,16,0.0,0.0,8.0,4
108971,0,0,0.13746199991118233,3.0,63.599999999999994,21.2,1.0,4.0,4,0.0,0.0,7.0,4
108972,0,0,0.0759147858742176,5.0,114.2,22.84,5.2,6.0,7,0.0,0.0,7.0,4
108974,0,0,0.2552760278191377,3.0,41.5,13.833333333333334,2.3333333333333335,4.0,5,0.0,0.0,1.0,3
108978,1,0,0.1362028106176756,5.0,107.3,21.46,4.0,6.0,12,0.0,0.0,3.0,3
108985,0,0,0.23693323763217738,3.0,22.6,7.533333333333334,4.333333333333333,4.0,6,0.0,0.0,2.0,3
108986,0,0,0.28937150678831236,3.0,22.299999999999997,7.433333333333333,3.0,4.0,12,0.0,0.0,1.0,4
108991,0,0,0.12540840219241703,4.0,108.9,27.225,4.25,5.0,5,0.0,0.0,2.0,4
109000,1,0,0.24440245582268644,2.0,27.700000000000003,13.850000000000001,3.5,3.0,17,0.0,0.0,1.0,2
109008,0,0,0.11387834048372542,5.0,133.5,26.7,2.6,6.0,5,0.0,0.0,3.0,2
109010,0,0,0.11692667109589586,3.0,130.9,43.63333333333333,4.666666666666667,5.0,17,1.0,9.99,0.0,4
109011,0,0,0.13067350190232693,4.0,107.2,26.8,4.25,5.0,13,0.0,0.0,2.0,2
109012,0,0,0.19545673035739317,2.0,89.7,44.85,2.0,3.0,8,1.0,1.99,0.0,4
109020,0,0,0.2598102221457087,2.0,39.5,19.75,2.5,5.0,17,0.0,0.0,0.0,1
109023,0,0,0.04416184601492861,6.0,122.7,20.45,4.166666666666667,7.0,18,0.0,0.0,14.0,4
109039,0,0,0.14283279184717895,3.0,54.1,18.033333333333335,4.333333333333333,4.0,4,1.0,1.99,5.0,2
109054,0,0,0.2568516203948449,1.0,11.2,11.2,4.0,2.0,13,0.0,0.0,0.0,4
109055,0,0,0.017986313590411574,7.0,247.7,35.385714285714286,5.714285714285714,8.0,16,0.0,0.0,9.0,4
109057,0,0,0.10972942672689377,4.0,99.3,24.825,3.5,5.0,9,0.0,0.0,5.0,1
109063,0,0,0.21867967663699686,3.0,48.8,16.266666666666666,2.6666666666666665,4.0,7,0.0,0.0,2.0,4
109070,0,0,0.2761724119652301,1.0,16.9,16.9,2.0,2.0,0,0.0,0.0,0.0,4
109074,0,0,0.15207345513706255,4.0,86.8,21.7,4.5,5.0,8,0.0,0.0,2.0,2
109077,0,0,0.24844080930756618,2.0,28.900000000000002,14.450000000000001,2.0,4.0,18,0.0,0.0,2.0,3
109096,0,0,0.2012124799247272,9.0,100.5,11.166666666666666,3.3333333333333335,9.0,14,0.0,0.0,6.0,2
109097,0,0,0.17884091487358525,5.0,72.9,14.580000000000002,3.6,6.0,15,0.0,0.0,4.0,1
109115,0,0,0.16068405060107718,3.0,59.7,19.900000000000002,4.0,4.0,2,0.0,0.0,3.0,2
109117,0,0,0.19079908094057416,1.0,59.4,59.4,5.0,2.0,0,0.0,0.0,0.0,4
109135,1,0,0.23683909535686135,3.0,18.1,6.033333333333334,3.0,5.0,17,0.0,0.0,4.0,4
109161,0,0,0.2535806909836811,2.0,21.799999999999997,10.899999999999999,2.0,3.0,10,0.0,0.0,2.0,2
109166,0,0,0.132949593697982,3.0,55.5,18.5,4.0,6.0,17,0.0,0.0,6.0,4
109186,0,0,0.24348925966252663,1.0,11.4,11.4,4.0,2.0,0,0.0,0.0,0.0,2
109191,0,0,0.29335308297158685,2.0,14.2,7.1,3.5,3.0,15,1.0,9.99,0.0,4
109192,0,0,0.15810430667158476,3.0,74.1,24.7,4.0,4.0,7,1.0,19.99,2.0,4
109196,0,0,0.18254438496175565,4.0,77.0,19.25,3.25,5.0,5,0.0,0.0,2.0,4
109199,0,0,0.2126029478696673,3.0,64.7,21.566666666666666,3.6666666666666665,4.0,11,1.0,19.99,0.0,3
109204,0,0,0.24065386851050374,2.0,50.3,25.15,2.5,3.0,10,0.0,0.0,0.0,4
109208,0,0,0.09886261305302113,5.0,98.5,19.7,5.2,6.0,8,0.0,0.0,6.0,3
109210,0,0,0.11924509999750282,6.0,92.7,15.450000000000001,5.333333333333333,6.0,6,0.0,0.0,6.0,4
109215,0,0,0.16180211893065907,3.0,51.3,17.099999999999998,4.0,4.0,7,0.0,0.0,4.0,4
109221,0,0,0.19765639604291071,2.0,32.7,16.35,4.5,3.0,10,0.0,0.0,2.0,4
109223,0,0,0.14078530224697058,2.0,65.80000000000001,32.900000000000006,3.0,3.0,3,0.0,0.0,4.0,4
109229,0,0,0.040385948067143726,6.0,187.1,31.183333333333334,4.166666666666667,6.0,13,1.0,9.99,8.0,2
109230,0,0,0.09066110452552645,4.0,86.5,21.625,5.0,5.0,9,0.0,0.0,7.0,3
109250,0,0,0.1890608239540614,6.0,78.7,13.116666666666667,3.8333333333333335,6.0,11,0.0,0.0,4.0,3
109255,0,0,0.19980032215787538,5.0,78.8,15.76,2.8,6.0,16,0.0,0.0,3.0,4
109258,0,0,0.268237465313701,2.0,20.200000000000003,10.100000000000001,3.5,3.0,4,0.0,0.0,0.0,4
109260,0,0,0.2184380403311988,4.0,68.8,17.2,3.25,5.0,13,0.0,0.0,1.0,1
109262,0,0,0.21073073525276537,1.0,30.2,30.2,5.0,2.0,0,0.0,0.0,0.0,1
109264,0,0,0.08904265731124635,5.0,104.7,20.94,4.8,6.0,14,0.0,0.0,7.0,3
109269,0,0,0.3125734762807817,4.0,46.4,11.6,1.75,5.0,10,0.0,0.0,0.0,2
109273,0,0,0.19998800083793036,3.0,54.2,18.066666666666666,4.666666666666667,4.0,11,0.0,0.0,1.0,4
109281,0,0,0.20208357153253598,5.0,71.6,14.319999999999999,4.2,6.0,11,1.0,19.99,2.0,2
109287,0,0,0.2795051081114852,4.0,44.400000000000006,11.100000000000001,2.5,5.0,10,0.0,0.0,1.0,2
109292,1,0,0.08496854480510736,7.0,161.2,23.02857142857143,3.7142857142857144,7.0,11,0.0,0.0,5.0,1
109300,1,0,0.28743798906425727,5.0,57.699999999999996,11.54,2.4,6.0,12,0.0,0.0,1.0,4
109301,0,0,0.03883553586753059,5.0,152.1,30.419999999999998,3.6,6.0,10,0.0,0.0,11.0,4
109319,0,0,0.2815105685486964,2.0,35.4,17.7,1.5,3.0,10,0.0,0.0,0.0,1
109320,0,0,0.15744357423479388,3.0,81.80000000000001,27.26666666666667,2.3333333333333335,4.0,10,0.0,0.0,3.0,4
109324,0,0,0.18003569167971895,4.0,81.4,20.35,3.5,6.0,18,0.0,0.0,2.0,4
109339,0,0,0.24563484072423522,2.0,23.7,11.85,5.0,5.0,18,0.0,0.0,0.0,4
109354,0,0,0.21233051442529985,2.0,35.7,17.85,3.0,3.0,5,0.0,0.0,2.0,4
109357,0,0,0.22924791287576604,1.0,28.5,28.5,3.0,2.0,5,0.0,0.0,1.0,1
109363,0,0,0.2572180346499801,3.0,45.199999999999996,15.066666666666665,2.3333333333333335,6.0,18,0.0,0.0,1.0,3
109376,0,0,0.22766428250520213,4.0,58.5,14.625,2.5,5.0,7,0.0,0.0,2.0,3
109379,0,0,0.23680657905140648,1.0,24.1,24.1,4.0,2.0,4,0.0,0.0,0.0,3
109381,0,0,0.25575785037475535,2.0,12.399999999999999,6.199999999999999,4.0,3.0,9,0.0,0.0,1.0,4
109400,0,0,0.17817989615516266,2.0,55.3,27.65,4.5,3.0,2,0.0,0.0,1.0,4
109407,0,0,0.16549919841493912,2.0,73.8,36.9,3.5,3.0,1,0.0,0.0,1.0,1
109412,0,0,0.07850697714842479,4.0,122.0,30.5,5.25,7.0,18,0.0,0.0,5.0,4
109430,0,0,0.19023487405248668,1.0,20.6,20.6,7.0,2.0,0,0.0,0.0,0.0,4
109434,1,0,0.28297892944959147,3.0,37.8,12.6,2.6666666666666665,4.0,10,0.0,0.0,0.0,3
109435,0,0,0.2737029164394948,3.0,38.5,12.833333333333334,2.0,4.0,11,0.0,0.0,1.0,4
109443,0,0,0.11277946684851146,5.0,101.6,20.32,3.8,6.0,18,0.0,0.0,6.0,4
109446,0,0,0.2015159236138427,1.0,64.8,64.8,4.0,2.0,0,0.0,0.0,0.0,4
109460,1,0,0.280634206389347,3.0,23.9,7.966666666666666,3.3333333333333335,4.0,13,0.0,0.0,1.0,4
109464,0,0,0.26644921829596996,1.0,4.9,4.9,2.0,2.0,1,0.0,0.0,1.0,4
109470,0,0,0.20879553610590235,2.0,32.3,16.15,3.5,3.0,4,0.0,0.0,2.0,4
109472,0,0,0.032304107054483756,6.0,212.8,35.46666666666667,4.166666666666667,6.0,8,0.0,0.0,7.0,2
109476,0,0,0.15158705936347364,4.0,104.2,26.05,2.75,5.0,11,0.0,0.0,2.0,4
109478,0,0,0.2082847872727403,4.0,70.0,17.5,3.5,5.0,5,0.0,0.0,1.0,4
109480,0,0,0.06467312155382687,5.0,177.3,35.46,4.0,6.0,5,0.0,0.0,3.0,4
109484,0,0,0.27569308984856394,1.0,19.4,19.4,2.0,2.0,2,0.0,0.0,0.0,4
109485,0,0,0.2124812581415144,5.0,69.5,13.9,2.8,6.0,10,0.0,0.0,3.0,4
109513,0,0,0.12458285275258506,7.0,103.5,14.785714285714286,4.142857142857143,7.0,12,0.0,0.0,7.0,1
109514,0,0,0.103602975861081,4.0,124.5,31.125,3.5,5.0,7,0.0,0.0,3.0,1
109519,0,0,0.23491115007014948,3.0,42.400000000000006,14.133333333333335,2.3333333333333335,4.0,9,0.0,0.0,2.0,1
109526,0,0,0.30435844358317393,2.0,10.8,5.4,2.5,3.0,4,0.0,0.0,0.0,4
109535,0,0,0.22792261032196398,2.0,39.0,19.5,3.0,3.0,8,0.0,0.0,1.0,3
109536,0,0,0.31216769464665867,2.0,7.4,3.7,1.5,3.0,9,0.0,0.0,1.0,4
109545,0,0,0.18091221484283915,3.0,53.2,17.733333333333334,6.0,4.0,9,0.0,0.0,1.0,4
109546,0,0,0.2331881210848452,3.0,44.5,14.833333333333334,3.3333333333333335,4.0,5,0.0,0.0,1.0,4
109549,0,0,0.10950370953221993,6.0,141.9,23.650000000000002,4.166666666666667,7.0,16,0.0,0.0,3.0,3
109551,0,0,0.237043767566531,2.0,36.9,18.45,2.5,3.0,4,0.0,0.0,1.0,4
109559,0,0,0.2843688745609959,1.0,8.3,8.3,2.0,2.0,0,0.0,0.0,0.0,4
109560,1,0,0.27399189612491337,1.0,6.4,6.4,3.0,2.0,7,0.0,0.0,0.0,4
109562,0,0,0.24551770374007095,2.0,8.7,4.35,3.5,3.0,4,0.0,0.0,2.0,4
109585,0,0,0.1615234028860468,3.0,77.0,25.666666666666668,2.3333333333333335,4.0,6,0.0,0.0,3.0,4
109595,0,0,0.24189657968746353,1.0,13.6,13.6,3.0,2.0,4,0.0,0.0,1.0,2
109606,0,0,0.20007306453557056,2.0,32.0,16.0,5.0,3.0,17,1.0,4.99,2.0,1
109622,0,0,0.14910208431288127,3.0,85.8,28.599999999999998,2.3333333333333335,4.0,7,0.0,0.0,3.0,2
109626,0,0,0.27183084847888905,3.0,17.700000000000003,5.900000000000001,3.0,4.0,7,0.0,0.0,2.0,4
109639,0,0,0.18625749418471255,1.0,11.7,11.7,7.0,2.0,10,0.0,0.0,1.0,3
109640,0,0,0.22270336326883733,1.0,9.3,9.3,2.0,2.0,2,0.0,0.0,3.0,4
109683,0,0,0.13415718305127766,3.0,84.7,28.233333333333334,5.0,4.0,6,0.0,0.0,2.0,4
109688,0,0,0.25517648648925084,1.0,3.1,3.1,4.0,2.0,3,0.0,0.0,0.0,4
109706,0,0,0.08195854247969064,4.0,92.3,23.075,5.5,5.0,8,0.0,0.0,7.0,4
109710,0,0,0.18955426491105304,2.0,37.5,18.75,4.0,3.0,1,0.0,0.0,2.0,1
109718,0,0,0.1502785097139773,3.0,55.6,18.533333333333335,3.3333333333333335,4.0,9,0.0,0.0,5.0,3
109736,0,0,0.2530327915394381,2.0,9.299999999999999,4.6499999999999995,4.5,3.0,11,0.0,0.0,1.0,3
109776,0,0,0.1903048543899633,1.0,21.5,21.5,7.0,2.0,1,0.0,0.0,0.0,4
109777,0,0,0.29783868165697164,2.0,22.4,11.2,1.0,3.0,13,0.0,0.0,1.0,4
109779,0,0,0.20770458043420822,1.0,36.0,36.0,5.0,2.0,0,0.0,0.0,0.0,3
109795,0,0,0.24717978691307851,4.0,48.5,12.125,3.75,5.0,7,0.0,0.0,1.0,4
109796,0,0,0.2927743116883398,2.0,10.9,5.45,2.0,3.0,6,0.0,0.0,1.0,4
109806,0,0,0.13566474778712215,3.0,71.0,23.666666666666668,4.0,4.0,6,0.0,0.0,4.0,4
109824,1,0,0.2290555278164505,9.0,115.5,12.833333333333334,3.2222222222222223,9.0,14,0.0,0.0,3.0,3
109825,0,0,0.10183520027844391,7.0,111.6,15.942857142857141,3.4285714285714284,7.0,14,0.0,0.0,9.0,4
109834,0,0,0.2741300099782114,5.0,48.7,9.74,3.8,6.0,6,0.0,0.0,1.0,2
109836,0,0,0.17525075087081546,5.0,101.89999999999999,20.38,2.6,6.0,12,0.0,0.0,2.0,2
109840,1,0,0.1895739897057651,3.0,62.5,20.833333333333332,3.3333333333333335,4.0,12,0.0,0.0,2.0,4
109841,0,0,0.1562100487740479,4.0,81.9,20.475,3.5,5.0,6,0.0,0.0,3.0,3
109842,1,0,0.15661130042424534,6.0,86.2,14.366666666666667,3.1666666666666665,6.0,14,0.0,0.0,6.0,4
109844,0,0,0.2193527178542511,4.0,31.299999999999997,7.824999999999999,2.75,5.0,8,0.0,0.0,5.0,4
109848,0,0,0.2429743439039939,1.0,6.3,6.3,5.0,2.0,11,1.0,9.99,0.0,1
109855,0,0,0.19692184739046065,1.0,53.1,53.1,5.0,2.0,2,0.0,0.0,0.0,4
109857,0,0,0.1634137796187528,2.0,75.3,37.65,5.0,3.0,4,0.0,0.0,0.0,4
109859,0,0,0.2632824817654365,1.0,10.0,10.0,3.0,2.0,0,0.0,0.0,0.0,3
109860,0,0,0.14039053420110884,3.0,72.30000000000001,24.100000000000005,3.3333333333333335,4.0,5,0.0,0.0,4.0,3
109871,0,0,0.16573477366482273,1.0,36.3,36.3,8.0,2.0,0,0.0,0.0,0.0,4
109872,0,0,0.12875412390115917,5.0,84.9,16.98,5.0,6.0,10,0.0,0.0,5.0,4
109875,0,0,0.15474779389348028,5.0,94.0,18.8,5.0,6.0,7,0.0,0.0,2.0,4
109879,0,0,0.20976925401297683,6.0,88.0,14.666666666666666,4.833333333333333,6.0,10,0.0,0.0,1.0,4
109880,0,0,0.18082496776171805,5.0,92.80000000000001,18.560000000000002,3.4,6.0,14,0.0,0.0,2.0,2
109883,0,0,0.2040515716365992,1.0,38.8,38.8,5.0,2.0,0,0.0,0.0,0.0,1
109887,0,0,0.26876002106264324,1.0,12.0,12.0,3.0,2.0,7,0.0,0.0,0.0,4
109893,0,0,0.12807878624776073,5.0,95.70000000000002,19.140000000000004,3.6,6.0,7,0.0,0.0,5.0,4
109896,0,0,0.011997991856004716,6.0,248.8,41.46666666666667,6.0,7.0,15,0.0,0.0,11.0,1
109904,0,0,0.09464600673588035,5.0,109.5,21.9,3.4,6.0,14,0.0,0.0,7.0,1
109926,0,0,0.2451679097017461,2.0,37.2,18.6,2.5,3.0,14,0.0,0.0,1.0,4
109933,0,0,0.09203030136444683,3.0,112.10000000000001,37.36666666666667,6.333333333333333,4.0,4,0.0,0.0,2.0,2
109940,0,0,0.18531992326696936,2.0,38.0,19.0,4.5,3.0,5,0.0,0.0,2.0,2
109942,0,0,0.3094294941767379,1.0,2.7,2.7,1.0,2.0,1,0.0,0.0,0.0,3
109955,0,0,0.19456630815685608,6.0,104.8,17.466666666666665,2.6666666666666665,6.0,12,0.0,0.0,2.0,4
109974,0,0,0.0699194919593712,5.0,156.0,31.2,5.8,6.0,9,0.0,0.0,3.0,2
109975,0,0,0.06856031742725746,6.0,153.2,25.53333333333333,4.666666666666667,6.0,13,0.0,0.0,6.0,4
109979,0,0,0.11300379181064356,3.0,76.60000000000001,25.533333333333335,4.333333333333333,4.0,4,0.0,0.0,5.0,4
109982,0,0,0.27933396190765925,2.0,24.4,12.2,3.0,6.0,18,0.0,0.0,0.0,4
109987,0,0,0.20680062017758263,1.0,20.7,20.7,5.0,2.0,6,0.0,0.0,1.0,4
109990,0,0,0.03792272265165113,5.0,141.8,28.360000000000003,5.4,7.0,17,0.0,0.0,11.0,4
109993,0,0,0.0844161134505091,5.0,125.6,25.119999999999997,5.2,6.0,14,0.0,0.0,5.0,2
109997,1,0,0.12732060916441074,5.0,86.1,17.22,3.4,6.0,12,1.0,26.97,6.0,2
109998,0,0,0.03207603782211786,5.0,190.5,38.1,4.8,6.0,14,0.0,0.0,8.0,4
110024,0,0,0.27140874655546215,2.0,20.7,10.35,2.0,3.0,4,0.0,0.0,1.0,2
110025,0,0,0.01774020726229575,6.0,223.8,37.300000000000004,4.833333333333333,6.0,10,0.0,0.0,11.0,4
110028,0,0,0.2933042382383032,3.0,20.0,6.666666666666667,3.0,4.0,12,0.0,0.0,1.0,3
110041,0,0,0.15827522236308844,3.0,65.1,21.7,2.6666666666666665,4.0,6,0.0,0.0,4.0,3
110047,0,0,0.0739079386509039,6.0,177.7,29.616666666666664,3.0,6.0,14,1.0,49.99,3.0,2
110050,0,0,0.21614327352537838,1.0,2.6,2.6,3.0,2.0,7,0.0,0.0,3.0,4
110066,0,0,0.26778776985220987,1.0,0.6,0.6,3.0,2.0,18,0.0,0.0,1.0,4
110070,1,0,0.13812584380124324,3.0,87.2,29.066666666666666,4.666666666666667,4.0,12,0.0,0.0,2.0,4
110072,1,0,0.06664008301536777,7.0,164.5,23.5,4.0,9.0,16,0.0,0.0,7.0,4
110080,0,0,0.19200758035619628,2.0,24.3,12.15,4.5,3.0,10,0.0,0.0,3.0,4
110082,0,0,0.14868044039025743,3.0,88.5,29.5,3.6666666666666665,6.0,16,0.0,0.0,2.0,4
110087,0,0,0.26349019529342477,1.0,12.1,12.1,2.0,2.0,5,0.0,0.0,1.0,4
110090,0,0,0.13474320811731053,3.0,50.4,16.8,3.0,4.0,11,0.0,0.0,7.0,3
110102,0,0,0.24908791271062658,1.0,10.3,10.3,3.0,2.0,7,0.0,0.0,1.0,4
110118,0,0,0.14888144980607754,3.0,26.0,8.666666666666666,5.666666666666667,4.0,11,0.0,0.0,6.0,4
110122,0,0,0.18300708808438865,4.0,50.3,12.575,3.25,5.0,14,0.0,0.0,5.0,4
110124,0,0,0.17229003356235095,4.0,83.0,20.75,3.5,5.0,9,0.0,0.0,2.0,4
110143,0,0,0.2576727775873918,2.0,29.200000000000003,14.600000000000001,2.0,3.0,6,0.0,0.0,1.0,1
110152,0,0,0.11418603350853913,3.0,73.5,24.5,2.3333333333333335,4.0,7,0.0,0.0,7.0,4
110155,0,0,0.1695574731894419,3.0,69.8,23.266666666666666,3.6666666666666665,4.0,7,1.0,49.99,1.0,4
110164,0,0,0.05223961818933648,5.0,181.5,36.3,3.8,6.0,10,0.0,0.0,5.0,4
110165,0,0,0.3133718713686108,4.0,38.4,9.6,2.75,5.0,13,0.0,0.0,0.0,1
110173,0,0,0.04484477136168033,4.0,203.3,50.825,3.25,6.0,17,0.0,0.0,4.0,3
110177,0,0,0.28376434958451174,2.0,20.8,10.4,3.0,4.0,16,0.0,0.0,0.0,1
110179,0,0,0.1354815455906176,2.0,80.8,40.4,5.5,3.0,1,0.0,0.0,1.0,4
110183,0,0,0.30494402568808465,1.0,5.2,5.2,1.0,2.0,0,0.0,0.0,0.0,2
110197,0,0,0.16321428482767486,2.0,60.400000000000006,30.200000000000003,6.0,3.0,10,1.0,1.99,1.0,3
110221,0,0,0.20197751839108777,3.0,42.7,14.233333333333334,3.3333333333333335,4.0,11,0.0,0.0,3.0,2
110222,0,0,0.23321045791308842,1.0,3.9,3.9,4.0,2.0,2,0.0,0.0,1.0,4
110234,0,0,0.1939308248951151,2.0,50.1,25.05,3.0,3.0,8,0.0,0.0,2.0,4
110236,0,0,0.26229058498996094,3.0,49.2,16.400000000000002,2.3333333333333335,4.0,8,0.0,0.0,0.0,1
110242,0,0,0.13994544450375757,1.0,21.9,21.9,5.0,2.0,2,0.0,0.0,5.0,3
110247,0,0,0.27552821552417506,3.0,20.299999999999997,6.766666666666666,2.6666666666666665,4.0,10,0.0,0.0,2.0,4
110252,0,0,0.27510012613355556,1.0,18.1,18.1,2.0,2.0,2,0.0,0.0,0.0,2
110263,1,0,0.30509508785376266,2.0,24.7,12.35,1.5,3.0,14,0.0,0.0,0.0,1
110264,1,0,0.3414080179858586,5.0,35.5,7.1,3.6,6.0,12,0.0,0.0,0.0,4
110265,0,0,0.12643099206973338,5.0,102.19999999999999,20.439999999999998,4.0,6.0,4,0.0,0.0,4.0,4
110280,0,0,0.31582949588560044,5.0,38.6,7.720000000000001,2.2,6.0,15,0.0,0.0,2.0,3
110284,1,0,0.2227959137359815,1.0,6.2,6.2,4.0,4.0,18,0.0,0.0,2.0,4
110297,0,0,0.027292542641682713,4.0,186.6,46.65,4.75,6.0,17,0.0,0.0,9.0,2
110300,0,0,0.1762679037924539,2.0,26.6,13.3,5.0,3.0,2,0.0,0.0,3.0,4
110306,0,0,0.22793102108274038,3.0,43.6,14.533333333333333,3.0,5.0,15,0.0,0.0,2.0,4
110314,0,0,0.20345819181327468,3.0,41.8,13.933333333333332,2.3333333333333335,5.0,16,0.0,0.0,4.0,2
110321,0,0,0.27840364644789245,1.0,24.6,24.6,2.0,2.0,13,0.0,0.0,0.0,1
110325,0,0,0.1146992113500768,3.0,49.8,16.599999999999998,4.0,4.0,13,0.0,0.0,8.0,4
110327,0,0,0.25811538012206237,2.0,18.200000000000003,9.100000000000001,4.5,3.0,9,0.0,0.0,0.0,4
110329,0,0,0.0968862058835339,8.0,152.6,19.075,4.0,9.0,16,0.0,0.0,6.0,2
110345,0,0,0.2692277760820725,3.0,28.1,9.366666666666667,3.3333333333333335,4.0,10,0.0,0.0,1.0,4
110378,0,0,0.2347160262162491,4.0,46.1,11.525,2.5,5.0,12,0.0,0.0,3.0,1
110381,0,0,0.2465968828781673,1.0,3.2,3.2,5.0,4.0,17,0.0,0.0,0.0,3
110404,0,0,0.23083996552899266,1.0,26.2,26.2,4.0,2.0,0,0.0,0.0,0.0,2
110411,0,0,0.23232786844961942,1.0,7.6,7.6,5.0,2.0,2,0.0,0.0,0.0,3
110412,1,0,0.2529579631724192,2.0,19.9,9.95,2.5,4.0,18,0.0,0.0,2.0,1
110415,0,0,0.2821711261566601,3.0,38.0,12.666666666666666,2.3333333333333335,4.0,2,0.0,0.0,0.0,4
110416,0,0,0.18352536157564453,1.0,33.3,33.3,6.0,2.0,7,0.0,0.0,1.0,4
110421,0,0,0.20608686239245186,3.0,46.4,15.466666666666667,4.666666666666667,4.0,2,0.0,0.0,1.0,4
110426,0,0,0.20736229502524356,2.0,25.4,12.7,4.5,3.0,9,0.0,0.0,2.0,4
110427,0,0,0.20903105778757686,3.0,37.1,12.366666666666667,3.3333333333333335,4.0,7,0.0,0.0,3.0,3
110432,0,0,0.020220048880579527,6.0,214.9,35.81666666666667,4.666666666666667,6.0,13,0.0,0.0,11.0,4
110434,0,0,0.17568914350700915,3.0,72.60000000000001,24.200000000000003,4.0,4.0,4,0.0,0.0,1.0,4
110445,0,0,0.055104318604424586,7.0,135.29999999999998,19.328571428571426,4.0,9.0,17,0.0,0.0,12.0,4
110451,0,0,0.08513090683725306,6.0,162.4,27.066666666666666,3.3333333333333335,6.0,15,0.0,0.0,4.0,1
110453,0,0,0.13821758607209067,2.0,75.4,37.7,3.5,3.0,3,0.0,0.0,3.0,4
110460,0,0,0.21339304474864262,3.0,27.1,9.033333333333333,4.0,4.0,4,0.0,0.0,3.0,3
110461,1,0,0.23226064993940826,4.0,39.2,9.8,2.5,6.0,15,0.0,0.0,4.0,4
110469,0,0,0.19128819730247945,5.0,65.6,13.12,3.6,6.0,12,0.0,0.0,4.0,4
110481,0,0,0.24976635745401063,2.0,30.0,15.0,3.5,3.0,3,0.0,0.0,0.0,3
110503,0,0,0.21851313019090818,2.0,38.400000000000006,19.200000000000003,4.0,5.0,17,0.0,0.0,1.0,4
110505,0,0,0.08493160034735042,5.0,146.1,29.22,4.8,6.0,10,0.0,0.0,3.0,2
110511,0,0,0.2743973780151216,2.0,19.5,9.75,2.0,3.0,3,0.0,0.0,1.0,4
110529,0,0,0.20805185618891786,3.0,40.699999999999996,13.566666666666665,3.0,4.0,6,0.0,0.0,3.0,4
110531,0,0,0.20067362814568707,5.0,79.0,15.8,3.4,6.0,8,0.0,0.0,2.0,2
110541,0,0,0.21905663218006957,4.0,49.8,12.45,4.25,5.0,10,0.0,0.0,2.0,4
110546,0,0,0.2562825370882799,2.0,36.1,18.05,2.5,3.0,1,0.0,0.0,0.0,4
110557,0,0,0.1455438445136681,6.0,65.8,10.966666666666667,4.166666666666667,6.0,13,0.0,0.0,8.0,3
110562,0,0,0.13094836480102426,6.0,97.69999999999999,16.28333333333333,3.6666666666666665,6.0,8,0.0,0.0,6.0,4
110584,0,0,0.15872628938750624,5.0,111.5,22.3,2.6,6.0,8,0.0,0.0,2.0,4
110585,0,0,0.341122678542837,2.0,8.2,4.1,1.0,3.0,7,0.0,0.0,0.0,2
110587,0,0,0.2386570460573275,2.0,33.3,16.65,3.0,3.0,10,0.0,0.0,1.0,3
110593,0,0,0.17363267379425165,2.0,49.599999999999994,24.799999999999997,3.5,4.0,16,0.0,0.0,3.0,1
110595,0,0,0.22365100442103358,3.0,30.8,10.266666666666667,3.0,4.0,4,0.0,0.0,3.0,4
110596,1,0,0.22709278553102252,2.0,28.7,14.35,3.0,3.0,13,0.0,0.0,2.0,1
110606,0,0,0.25452675305157657,2.0,28.200000000000003,14.100000000000001,3.5,3.0,4,0.0,0.0,0.0,4
110609,0,0,0.22274392741314217,2.0,12.5,6.25,4.5,3.0,5,0.0,0.0,2.0,3
110622,0,0,0.22536945257882302,4.0,42.5,10.625,2.5,5.0,13,0.0,0.0,4.0,4
110625,0,0,0.13343333887929182,2.0,77.2,38.6,1.5,3.0,5,0.0,0.0,5.0,4
110630,0,0,0.11096956975069579,5.0,112.10000000000001,22.42,3.8,6.0,16,0.0,0.0,5.0,4
110631,0,0,0.28200143154675694,1.0,10.8,10.8,2.0,2.0,1,0.0,0.0,0.0,3
110639,0,0,0.16807877443628869,2.0,56.8,28.4,3.0,3.0,8,0.0,0.0,3.0,3
110641,0,0,0.27848386234406614,2.0,12.5,6.25,3.0,3.0,14,0.0,0.0,1.0,4
110650,0,0,0.32359255930710523,3.0,12.5,4.166666666666667,2.0,4.0,5,0.0,0.0,1.0,4
110674,0,0,0.1977104286675797,3.0,53.3,17.766666666666666,4.666666666666667,4.0,6,0.0,0.0,1.0,4
110675,0,0,0.21494486641484997,1.0,19.6,19.6,3.0,2.0,1,0.0,0.0,2.0,2
110682,0,0,0.2759265052026719,3.0,31.5,10.5,3.3333333333333335,4.0,4,0.0,0.0,0.0,1
110687,0,0,0.15840324208252954,5.0,86.5,17.3,3.2,6.0,6,0.0,0.0,4.0,4
110698,0,0,0.18870173638840848,1.0,42.5,42.5,6.0,2.0,0,0.0,0.0,0.0,4
110700,0,0,0.08789631807097165,5.0,99.5,19.9,4.4,6.0,13,0.0,0.0,8.0,4
110706,0,0,0.0787788835586509,5.0,143.3,28.660000000000004,4.0,6.0,15,0.0,0.0,5.0,4
110709,0,0,0.07683224804538073,5.0,79.5,15.9,4.6,6.0,8,0.0,0.0,11.0,4
110729,0,0,0.1498473633658548,3.0,46.8,15.6,3.0,4.0,5,0.0,0.0,6.0,4
110736,0,0,0.1365985964779689,6.0,94.6,15.766666666666666,3.8333333333333335,6.0,14,0.0,0.0,6.0,4
110740,0,0,0.2689321690641837,1.0,22.7,22.7,2.0,2.0,0,0.0,0.0,0.0,2
110744,0,0,0.08670926322343668,3.0,74.3,24.766666666666666,4.666666666666667,5.0,15,0.0,0.0,8.0,4
110747,0,0,0.2073010145384494,5.0,79.1,15.819999999999999,3.0,6.0,8,0.0,0.0,2.0,3
110767,0,0,0.2831194960341384,1.0,8.7,8.7,2.0,2.0,2,0.0,0.0,0.0,1
110768,1,0,0.2618358990217122,2.0,33.6,16.8,1.5,3.0,8,0.0,0.0,1.0,2
110784,0,0,0.0789443638769025,4.0,125.9,31.475,5.25,5.0,5,0.0,0.0,4.0,1
110792,0,0,0.22489660562679284,3.0,46.3,15.433333333333332,1.6666666666666667,4.0,8,1.0,4.99,3.0,1
110794,0,0,0.28606549934343717,2.0,26.5,13.25,2.0,3.0,5,0.0,0.0,0.0,4
110805,0,0,0.1849133859078992,2.0,48.8,24.4,3.5,3.0,3,0.0,0.0,2.0,4
110807,0,0,0.19727546336881946,1.0,59.6,59.6,5.0,2.0,9,0.0,0.0,0.0,4
110816,0,0,0.29414804387362953,2.0,24.200000000000003,12.100000000000001,2.0,3.0,9,0.0,0.0,0.0,4
110822,0,0,0.1691399973790313,4.0,87.9,21.975,3.25,6.0,15,0.0,0.0,2.0,1
110835,0,0,0.2370337125856357,1.0,12.0,12.0,4.0,3.0,17,0.0,0.0,1.0,3
110839,0,0,0.24209495290384117,1.0,15.3,15.3,3.0,2.0,4,0.0,0.0,1.0,4
110843,0,0,0.2589314860639476,1.0,8.9,8.9,4.0,2.0,13,0.0,0.0,0.0,4
110845,0,0,0.25205168061668354,2.0,22.5,11.25,3.0,3.0,5,0.0,0.0,1.0,3
110855,1,0,0.28226400198790613,2.0,24.4,12.2,2.5,3.0,7,0.0,0.0,0.0,4
110857,0,0,0.19570003343256898,2.0,53.9,26.95,3.5,3.0,4,0.0,0.0,1.0,4
110873,0,0,0.22401424752981328,2.0,51.5,25.75,2.0,3.0,6,0.0,0.0,1.0,4
110882,0,0,0.21189847886806046,4.0,63.5,15.875,2.75,5.0,6,0.0,0.0,2.0,1
110885,0,0,0.22537009868785823,1.0,35.7,35.7,4.0,2.0,1,0.0,0.0,0.0,4
110887,0,0,0.243407714693383,4.0,56.1,14.025,2.0,5.0,12,0.0,0.0,2.0,1
110889,0,0,0.26250375078034477,4.0,33.9,8.475,2.5,7.0,18,0.0,0.0,3.0,1
110897,0,0,0.21518963959840715,2.0,34.7,17.35,4.0,3.0,6,0.0,0.0,1.0,1
110906,0,0,0.1805809933206217,5.0,60.3,12.059999999999999,4.8,6.0,8,0.0,0.0,4.0,4
110908,0,0,0.24312747802970255,1.0,8.5,8.5,2.0,2.0,2,0.0,0.0,2.0,4
110911,0,0,0.2725003174119419,1.0,21.8,21.8,2.0,2.0,1,0.0,0.0,0.0,4
110912,0,0,0.16951532128573477,3.0,56.5,18.833333333333332,4.666666666666667,4.0,11,1.0,1.99,3.0,3
110918,0,0,0.19363651757724684,3.0,61.599999999999994,20.53333333333333,1.6666666666666667,4.0,6,0.0,0.0,3.0,4
110937,0,0,0.1953787074791721,3.0,24.7,8.233333333333333,3.3333333333333335,4.0,8,0.0,0.0,5.0,4
110939,0,0,0.25663861435392155,5.0,45.5,9.1,2.0,6.0,12,0.0,0.0,4.0,4
110941,0,0,0.3233173104870951,5.0,54.6,10.92,1.8,6.0,7,0.0,0.0,0.0,2
110944,0,0,0.2607156424924894,3.0,48.0,16.0,1.6666666666666667,4.0,11,0.0,0.0,1.0,4
110951,0,0,0.06340176498287708,6.0,141.8,23.633333333333336,3.3333333333333335,6.0,11,0.0,0.0,9.0,4
110960,0,0,0.12454463864652865,5.0,109.9,21.98,3.4,6.0,8,0.0,0.0,4.0,3
110964,0,0,0.26508682081975954,1.0,9.0,9.0,3.0,2.0,0,0.0,0.0,0.0,4
110974,0,0,0.24867560969047706,3.0,49.6,16.533333333333335,3.0,4.0,4,0.0,0.0,0.0,4
110980,0,0,0.24837242989558003,4.0,57.2,14.3,3.0,6.0,18,0.0,0.0,1.0,1
110988,0,0,0.16483294670219267,2.0,76.8,38.4,4.5,3.0,2,0.0,0.0,0.0,1
110990,0,0,0.0677029316821778,7.0,149.5,21.357142857142858,4.428571428571429,7.0,14,0.0,0.0,8.0,1
111001,0,0,0.23652806357338194,2.0,13.9,6.95,2.5,3.0,7,0.0,0.0,3.0,4
111006,0,0,0.058213727125189206,4.0,132.7,33.175,4.75,5.0,10,0.0,0.0,7.0,3
111009,0,0,0.16001432437513197,2.0,41.8,20.9,3.0,5.0,16,0.0,0.0,5.0,4
111011,0,0,0.16973647217854226,4.0,90.19999999999999,22.549999999999997,3.0,5.0,12,0.0,0.0,2.0,4
111014,0,0,0.06256767620152259,6.0,176.7,29.45,3.6666666666666665,6.0,7,0.0,0.0,5.0,4
111015,0,0,0.22163612319727455,2.0,35.5,17.75,4.5,3.0,1,0.0,0.0,0.0,2
111024,0,0,0.06146174980418993,6.0,154.8,25.8,4.333333333333333,6.0,9,0.0,0.0,7.0,4
111030,0,0,0.25906440040656115,3.0,29.699999999999996,9.899999999999999,3.6666666666666665,4.0,9,0.0,0.0,1.0,4
111038,0,0,0.3386959861106356,2.0,7.3,3.65,1.5,3.0,11,0.0,0.0,0.0,4
111044,0,0,0.1677651567197806,3.0,74.7,24.900000000000002,3.6666666666666665,5.0,15,0.0,0.0,2.0,4
111050,0,0,0.2373678255843047,1.0,26.4,26.4,4.0,2.0,6,0.0,0.0,0.0,4
111052,0,0,0.2602575445427069,1.0,33.1,33.1,2.0,2.0,0,0.0,0.0,0.0,3
111073,0,0,0.15332460465806266,3.0,29.9,9.966666666666667,4.666666666666667,4.0,7,0.0,0.0,6.0,4
111078,0,0,0.16558352241401755,2.0,34.6,17.3,5.5,3.0,11,0.0,0.0,3.0,4
111082,0,0,0.1483923879709862,1.0,34.4,34.4,6.0,2.0,1,0.0,0.0,3.0,4
111098,0,0,0.12279796596662952,4.0,71.0,17.75,5.5,5.0,7,0.0,0.0,5.0,4
111100,0,0,0.29263481943534514,5.0,48.5,9.7,3.4,6.0,15,0.0,0.0,1.0,4
111108,0,0,0.2193241729776084,1.0,1.9,1.9,5.0,2.0,3,0.0,0.0,1.0,4
111114,0,0,0.1943484935963185,2.0,26.299999999999997,13.149999999999999,4.0,3.0,8,0.0,0.0,3.0,3
111128,0,0,0.1367970523280506,5.0,80.39999999999999,16.08,4.8,6.0,10,0.0,0.0,5.0,4
111129,0,0,0.2178481928039112,4.0,74.5,18.625,3.75,5.0,11,0.0,0.0,0.0,2
111132,0,0,0.21396215028473242,2.0,56.0,28.0,2.0,3.0,2,0.0,0.0,1.0,4
111139,1,0,0.33822881114057574,3.0,19.6,6.533333333333334,2.0,4.0,12,0.0,0.0,0.0,3
111143,0,0,0.13562552355379157,4.0,66.3,16.575,4.0,5.0,14,0.0,0.0,6.0,4
111158,0,0,0.14995550016375261,2.0,65.4,32.7,2.5,3.0,8,0.0,0.0,4.0,4
111167,0,0,0.2691869616238194,2.0,17.200000000000003,8.600000000000001,2.5,3.0,3,0.0,0.0,1.0,4
111181,0,0,0.2137516442166757,2.0,52.5,26.25,2.5,3.0,7,0.0,0.0,1.0,2
111189,0,0,0.28101545193401084,1.0,11.8,11.8,2.0,2.0,0,0.0,0.0,0.0,4
111192,0,0,0.24736169319645848,2.0,43.2,21.6,3.0,5.0,18,0.0,0.0,0.0,3
111194,0,0,0.20581502310475053,4.0,39.4,9.85,4.0,5.0,11,0.0,0.0,4.0,4
111208,0,0,0.13752928643188786,3.0,122.0,40.666666666666664,2.6666666666666665,4.0,3,0.0,0.0,0.0,1
111212,0,0,0.23427307489466187,6.0,86.8,14.466666666666667,2.3333333333333335,6.0,12,0.0,0.0,2.0,3
111215,0,0,0.1359645598260255,3.0,91.1,30.366666666666664,4.333333333333333,4.0,10,0.0,0.0,2.0,4
111216,0,0,0.21860801213561667,2.0,61.199999999999996,30.599999999999998,3.0,3.0,14,0.0,0.0,0.0,4
111218,0,0,0.058532471911203705,5.0,104.9,20.98,3.8,6.0,15,0.0,0.0,12.0,4
111224,0,0,0.23990078806543771,1.0,27.8,27.8,3.0,2.0,14,0.0,0.0,1.0,4
111228,0,0,0.33861426573678766,3.0,18.8,6.266666666666667,1.6666666666666667,4.0,4,0.0,0.0,0.0,3
111240,0,0,0.21861610049179975,3.0,36.4,12.133333333333333,3.0,4.0,10,0.0,0.0,3.0,4
111244,0,0,0.28914531548162853,3.0,5.1,1.7,3.6666666666666665,4.0,11,0.0,0.0,2.0,4
111249,0,0,0.07059436351473954,5.0,152.5,30.5,3.6,6.0,7,0.0,0.0,5.0,1
111252,0,0,0.09393049612343657,5.0,110.6,22.119999999999997,3.2,6.0,8,0.0,0.0,7.0,4
111259,0,0,0.24986643822494256,2.0,21.0,10.5,4.5,3.0,6,0.0,0.0,0.0,3
111263,0,0,0.2610624972086607,1.0,10.5,10.5,3.0,2.0,0,0.0,0.0,0.0,1
111268,0,0,0.23626834817174563,1.0,7.9,7.9,3.0,4.0,17,0.0,0.0,2.0,3
111282,0,0,0.08093765953748515,3.0,132.3,44.1,5.666666666666667,4.0,3,0.0,0.0,2.0,4
111290,0,0,0.19963806020724642,2.0,57.8,28.9,4.5,3.0,13,0.0,0.0,0.0,4
111296,0,0,0.14312231521622387,5.0,118.1,23.619999999999997,3.0,6.0,6,0.0,0.0,2.0,4
111306,0,0,0.24841836285874397,1.0,8.7,8.7,4.0,2.0,1,0.0,0.0,0.0,4
111316,0,0,0.17458483260174754,2.0,30.4,15.2,6.0,3.0,5,0.0,0.0,2.0,2
111327,0,0,0.20086793083099633,2.0,29.099999999999998,14.549999999999999,3.5,3.0,7,1.0,9.99,3.0,4
111336,0,0,0.12220617898833203,3.0,62.800000000000004,20.933333333333334,5.0,4.0,6,0.0,0.0,5.0,4
111345,0,0,0.21494879675315579,2.0,30.8,15.4,3.5,3.0,9,0.0,0.0,2.0,4
111346,0,0,0.16937098642495976,4.0,87.3,21.825,4.25,5.0,7,0.0,0.0,1.0,3
111351,0,0,0.28739221873843807,4.0,23.5,5.875,3.0,5.0,4,0.0,0.0,2.0,1
111375,0,0,0.0841960323506256,4.0,113.4,28.35,3.75,5.0,8,0.0,0.0,6.0,1
111425,0,0,0.20722536413244608,2.0,31.8,15.9,3.5,3.0,2,0.0,0.0,2.0,3
111426,0,0,0.24909924244467255,2.0,15.7,7.85,5.0,3.0,7,0.0,0.0,0.0,1
111441,0,0,0.17613663150605646,3.0,73.1,24.366666666666664,3.3333333333333335,4.0,16,0.0,0.0,2.0,4
111442,0,0,0.17251024096905884,2.0,42.5,21.25,2.0,6.0,18,0.0,0.0,5.0,4
111445,0,0,0.13686000382610394,4.0,84.5,21.125,4.75,5.0,3,0.0,0.0,3.0,4
111448,0,0,0.24780474832906985,1.0,8.4,8.4,4.0,2.0,0,0.0,0.0,0.0,4
111467,0,0,0.09763846723693467,6.0,123.1,20.516666666666666,6.0,7.0,17,1.0,4.99,5.0,4
111470,0,0,0.14207302884151496,4.0,109.3,27.325,4.0,5.0,10,0.0,0.0,1.0,2
111490,0,0,0.2454768329127489,3.0,32.5,10.833333333333334,1.6666666666666667,4.0,9,0.0,0.0,3.0,2
111493,0,0,0.1538436579134004,5.0,93.7,18.740000000000002,2.8,6.0,11,0.0,0.0,4.0,1
111500,1,0,0.25558007192461646,2.0,12.7,6.35,3.0,3.0,13,0.0,0.0,2.0,4
111501,0,0,0.27078194301512654,1.0,16.1,16.1,3.0,4.0,18,0.0,0.0,0.0,2
111504,0,0,0.011180235951650876,7.0,325.4,46.48571428571428,6.714285714285714,7.0,12,0.0,0.0,4.0,2
111509,0,0,0.1157964937048089,3.0,79.7,26.566666666666666,4.333333333333333,5.0,18,0.0,0.0,5.0,4
111516,0,0,0.1862933797116115,1.0,39.7,39.7,4.0,2.0,4,0.0,0.0,2.0,1
111518,0,0,0.05163656224816004,4.0,81.7,20.425,6.5,6.0,17,0.0,0.0,12.0,4
111519,0,0,0.28722947134528937,1.0,5.7,5.7,1.0,2.0,4,0.0,0.0,1.0,4
111526,0,0,0.26759272601003653,2.0,25.5,12.75,2.0,3.0,7,0.0,0.0,1.0,4
111527,0,0,0.062387848622519136,5.0,153.7,30.74,2.6,6.0,6,0.0,0.0,7.0,4
111538,1,0,0.2334867565452697,5.0,60.099999999999994,12.02,2.8,6.0,15,0.0,0.0,3.0,2
111539,0,0,0.11795158944198826,4.0,115.7,28.925,4.25,5.0,6,0.0,0.0,2.0,4
111542,0,0,0.04709522055832445,5.0,148.5,29.7,4.2,6.0,10,0.0,0.0,9.0,3
111551,0,0,0.23047002467458022,1.0,70.2,70.2,2.0,2.0,4,0.0,0.0,0.0,2
111555,0,0,0.18827748308570547,3.0,45.1,15.033333333333333,4.0,4.0,9,0.0,0.0,3.0,4
111556,0,0,0.17277938505560195,1.0,41.6,41.6,4.0,2.0,7,0.0,0.0,3.0,4
111594,0,0,0.1503069741628251,3.0,87.0,29.0,3.6666666666666665,5.0,16,0.0,0.0,2.0,2
111597,0,0,0.09740406182842042,4.0,116.1,29.025,3.0,5.0,8,0.0,0.0,5.0,3
111606,0,0,0.3039939064565197,2.0,20.5,10.25,2.0,3.0,12,0.0,0.0,0.0,4
111608,0,0,0.2108324828395312,3.0,44.1,14.700000000000001,4.666666666666667,4.0,6,0.0,0.0,1.0,1
111613,0,0,0.28852163026199856,1.0,4.0,4.0,2.0,2.0,0,0.0,0.0,0.0,4
111620,0,0,0.20325571200286224,1.0,17.7,17.7,4.0,2.0,2,0.0,0.0,2.0,4
111622,0,0,0.250317058885431,3.0,37.7,12.566666666666668,3.3333333333333335,4.0,11,0.0,0.0,1.0,3
111628,0,0,0.11722679503954603,5.0,127.19999999999999,25.439999999999998,4.4,6.0,9,0.0,0.0,2.0,2
111654,0,0,0.17213340642977776,5.0,70.1,14.02,3.2,6.0,12,0.0,0.0,5.0,3
111655,0,0,0.24169459911614494,3.0,29.6,9.866666666666667,2.0,4.0,3,0.0,0.0,3.0,4
111669,0,0,0.14581756784867303,3.0,52.5,17.5,4.0,4.0,7,0.0,0.0,5.0,4
111671,0,0,0.2547115322300401,2.0,26.5,13.25,3.5,3.0,1,0.0,0.0,0.0,4
111675,0,0,0.1848656123710665,3.0,70.7,23.566666666666666,2.6666666666666665,4.0,12,0.0,0.0,2.0,2
111683,0,0,0.10346574767876966,4.0,77.4,19.35,4.5,5.0,8,0.0,0.0,7.0,4
111689,0,0,0.15386039102711688,2.0,39.0,19.5,3.5,3.0,8,0.0,0.0,5.0,4
111691,0,0,0.1935001501595743,3.0,65.2,21.733333333333334,2.6666666666666665,4.0,11,0.0,0.0,2.0,3
111692,0,0,0.10850945679577703,4.0,104.8,26.2,5.25,5.0,4,0.0,0.0,3.0,4
111694,0,0,0.2058568295309509,2.0,47.300000000000004,23.650000000000002,3.5,3.0,5,0.0,0.0,1.0,4
111699,0,0,0.1546507258072948,3.0,39.5,13.166666666666666,6.0,5.0,17,1.0,19.99,4.0,1
111701,0,0,0.3196422960655257,2.0,14.9,7.45,1.5,3.0,7,0.0,0.0,0.0,4
111716,0,0,0.1474079970773667,5.0,115.1,23.02,3.4,6.0,15,0.0,0.0,2.0,3
111722,0,0,0.1256442348515687,7.0,103.9,14.842857142857143,4.285714285714286,7.0,15,0.0,0.0,7.0,4
111732,1,0,0.27455620032330647,1.0,5.8,5.8,3.0,2.0,7,0.0,0.0,0.0,4
111739,0,0,0.23226925123313846,1.0,24.5,24.5,4.0,2.0,0,0.0,0.0,0.0,2
111742,0,0,0.2885822406561371,5.0,48.3,9.66,2.2,6.0,10,0.0,0.0,2.0,4
111747,0,0,0.042286653806557294,6.0,184.1,30.683333333333334,3.8333333333333335,8.0,17,0.0,0.0,8.0,1
111764,0,0,0.2331214381982786,2.0,17.8,8.9,4.5,3.0,5,0.0,0.0,1.0,2
111766,0,0,0.2622242378605918,1.0,33.9,33.9,2.0,2.0,2,0.0,0.0,0.0,4
111787,0,0,0.20485095934951278,4.0,54.6,13.65,4.5,5.0,10,0.0,0.0,2.0,2
111790,0,0,0.10702715665940715,2.0,71.9,35.95,7.0,3.0,5,0.0,0.0,3.0,3
111794,0,0,0.1724611279608843,3.0,66.30000000000001,22.100000000000005,2.6666666666666665,4.0,6,0.0,0.0,3.0,4
111796,1,0,0.3028297889816321,2.0,26.4,13.2,1.0,3.0,5,0.0,0.0,0.0,1
111798,0,0,0.17098631676885925,4.0,77.3,19.325,4.5,6.0,16,0.0,0.0,2.0,3
111799,0,0,0.2611016828760886,3.0,26.0,8.666666666666666,4.0,4.0,4,1.0,4.99,1.0,2
111800,0,0,0.10283811584584897,3.0,88.30000000000001,29.433333333333337,4.333333333333333,4.0,9,0.0,0.0,5.0,2
111801,0,0,0.0691757092083154,4.0,60.7,15.175,5.25,5.0,8,0.0,0.0,12.0,4
111803,0,0,0.14669504839107292,2.0,52.9,26.45,5.5,3.0,16,0.0,0.0,3.0,3
111808,0,0,0.21801486974280485,1.0,42.1,42.1,3.0,2.0,2,0.0,0.0,1.0,4
111809,0,0,0.207175776676797,6.0,103.1,17.183333333333334,3.3333333333333335,8.0,17,0.0,0.0,1.0,4
111818,0,0,0.16556383216792533,3.0,76.7,25.566666666666666,2.0,4.0,5,0.0,0.0,3.0,4
111831,0,0,0.22238008452525612,3.0,66.6,22.2,2.0,5.0,16,0.0,0.0,1.0,3
111838,0,0,0.2201244515512023,2.0,36.5,18.25,4.0,4.0,15,0.0,0.0,1.0,3
111839,0,0,0.08761111991723121,6.0,114.2,19.033333333333335,4.166666666666667,6.0,11,0.0,0.0,8.0,3
111843,0,0,0.12514550319200848,5.0,124.1,24.82,3.0,6.0,13,0.0,0.0,3.0,2
111844,0,0,0.25861171612549677,1.0,5.3,5.3,4.0,2.0,10,0.0,0.0,0.0,3
111846,0,0,0.21647484543053638,4.0,49.5,12.375,3.5,6.0,18,0.0,0.0,3.0,2
111852,0,0,0.1590243710128659,5.0,73.4,14.680000000000001,5.0,6.0,14,0.0,0.0,4.0,1
111856,0,0,0.25324109341377515,3.0,40.599999999999994,13.533333333333331,3.0,4.0,14,0.0,0.0,1.0,3
111861,0,0,0.25686171568235355,1.0,16.4,16.4,2.0,2.0,2,0.0,0.0,1.0,4
111863,0,0,0.06859301818355985,5.0,119.6,23.919999999999998,3.6,6.0,13,0.0,0.0,9.0,3
111871,0,0,0.2326683799947057,3.0,60.3,20.099999999999998,2.6666666666666665,4.0,5,0.0,0.0,0.0,1
111897,0,0,0.23400322545620839,1.0,1.4,1.4,3.0,2.0,6,0.0,0.0,2.0,2
111902,0,0,0.1728356249070581,2.0,39.3,19.65,4.0,3.0,2,0.0,0.0,3.0,3
111904,0,0,0.12870343654252894,4.0,104.8,26.2,2.5,5.0,14,0.0,0.0,4.0,4
111911,0,0,0.0797377510058711,3.0,92.6,30.866666666666664,3.6666666666666665,6.0,17,0.0,0.0,8.0,4
111918,1,0,0.22087072117647683,4.0,71.6,17.9,3.75,5.0,8,0.0,0.0,0.0,2
111919,0,0,0.09933834066914672,5.0,86.8,17.36,4.4,6.0,11,0.0,0.0,8.0,4
111925,0,0,0.17895438785367124,3.0,69.4,23.133333333333336,3.3333333333333335,4.0,13,0.0,0.0,2.0,3
111940,0,0,0.2209780848656966,2.0,33.3,16.65,1.5,3.0,5,0.0,0.0,3.0,4
111942,0,0,0.22858338418815866,3.0,56.6,18.866666666666667,3.6666666666666665,4.0,9,0.0,0.0,0.0,4
111943,0,0,0.15244288463054975,3.0,82.2,27.400000000000002,3.0,4.0,16,0.0,0.0,3.0,4
111957,0,0,0.2392790972023548,1.0,0.4,0.4,5.0,2.0,2,0.0,0.0,0.0,4
111966,0,0,0.19299246890331387,1.0,41.6,41.6,6.0,2.0,5,0.0,0.0,0.0,4
111985,0,0,0.1744772401116613,4.0,85.5,21.375,3.25,5.0,16,0.0,0.0,2.0,1
111992,0,0,0.14340722364792916,5.0,103.4,20.68,2.8,6.0,14,0.0,0.0,4.0,4
111999,0,0,0.2319566998935871,1.0,26.8,26.8,4.0,2.0,0,0.0,0.0,0.0,4
112018,0,0,0.09335396167445946,7.0,120.4,17.2,3.142857142857143,7.0,10,0.0,0.0,9.0,4
112023,0,0,0.30863856581124066,0.0,0.0,0.0,0.0,1.0,18,0.0,0.0,0.0,1
112046,0,0,0.1560284875991822,4.0,101.8,25.45,3.75,5.0,10,0.0,0.0,1.0,3
112052,0,0,0.11722671211594303,4.0,116.1,29.025,2.25,6.0,17,0.0,0.0,4.0,1
112054,0,0,0.08360380483897631,5.0,118.0,23.6,4.0,7.0,16,0.0,0.0,7.0,4
112069,0,0,0.13915332278834758,4.0,86.6,21.65,3.75,6.0,17,0.0,0.0,4.0,4
112080,0,0,0.18345500153242725,4.0,63.8,15.95,3.5,5.0,5,0.0,0.0,3.0,3
112081,0,0,0.26957308590481127,3.0,32.8,10.933333333333332,3.0,4.0,14,0.0,0.0,1.0,4
112103,0,0,0.08917292729692686,4.0,142.6,35.65,3.25,5.0,6,0.0,0.0,3.0,4
112105,0,0,0.20173193153017455,4.0,80.19999999999999,20.049999999999997,3.25,7.0,18,0.0,0.0,1.0,4
112125,0,0,0.12409529309010174,3.0,67.0,22.333333333333332,5.333333333333333,4.0,2,0.0,0.0,4.0,4
112133,0,0,0.13078335066340152,1.0,7.1,7.1,9.0,2.0,2,0.0,0.0,3.0,4
112139,0,0,0.2142481794192014,2.0,39.5,19.75,3.5,3.0,2,0.0,0.0,1.0,3
112143,0,0,0.11727529651143409,3.0,93.5,31.166666666666668,2.3333333333333335,4.0,11,0.0,0.0,5.0,3
112168,0,0,0.06561282092525571,5.0,180.5,36.1,3.6,6.0,10,0.0,0.0,3.0,2
112171,0,0,0.2187007288760415,3.0,71.3,23.766666666666666,2.6666666666666665,4.0,12,0.0,0.0,0.0,1
112175,1,0,0.2967415460320313,1.0,2.6,2.6,2.0,2.0,8,0.0,0.0,0.0,3
112190,0,0,0.06662974376278781,4.0,138.6,34.65,3.75,5.0,10,0.0,0.0,6.0,4
112193,0,0,0.10218646369259794,3.0,67.7,22.566666666666666,5.333333333333333,4.0,4,0.0,0.0,6.0,4
112200,0,0,0.12712958259687246,4.0,86.89999999999999,21.724999999999998,4.75,5.0,15,0.0,0.0,4.0,3
112206,1,0,0.04768072815837029,7.0,153.5,21.928571428571427,4.428571428571429,8.0,15,0.0,0.0,11.0,3
112213,0,0,0.11975156464175832,2.0,75.0,37.5,5.5,3.0,7,0.0,0.0,3.0,4
112216,0,0,0.2357048250439862,1.0,23.4,23.4,4.0,2.0,2,0.0,0.0,0.0,3
112223,0,0,0.28126922828649137,1.0,3.0,3.0,3.0,4.0,16,0.0,0.0,0.0,2
112229,0,0,0.020738940921961716,6.0,223.10000000000002,37.18333333333334,6.166666666666667,7.0,15,1.0,1.99,9.0,2
112232,0,0,0.1712849957050798,4.0,40.3,10.075,3.5,5.0,5,0.0,0.0,6.0,1
112240,0,0,0.11504796084574981,5.0,121.8,24.36,4.2,6.0,10,0.0,0.0,3.0,3
112242,0,0,0.1755438146007238,2.0,54.0,27.0,6.0,3.0,2,0.0,0.0,0.0,4
112244,0,0,0.2423985306171576,3.0,49.0,16.333333333333332,1.6666666666666667,4.0,16,0.0,0.0,2.0,4
112246,0,0,0.07623523841372079,5.0,155.6,31.119999999999997,5.2,6.0,14,0.0,0.0,3.0,4
112262,0,0,0.16004034459135663,3.0,86.10000000000001,28.700000000000003,3.6666666666666665,4.0,3,0.0,0.0,1.0,4
112269,0,0,0.28640094592214477,2.0,11.8,5.9,1.5,4.0,18,0.0,0.0,2.0,2
112270,0,0,0.22232275312756578,1.0,16.7,16.7,5.0,2.0,0,0.0,0.0,0.0,2
112276,0,0,0.038798887659590935,3.0,229.9,76.63333333333334,4.333333333333333,4.0,3,0.0,0.0,1.0,1
112278,0,0,0.24478869204598488,2.0,27.2,13.6,4.0,3.0,1,0.0,0.0,0.0,4
112293,0,0,0.054365772451353905,4.0,176.4,44.1,3.75,5.0,5,0.0,0.0,4.0,4
112296,0,0,0.26420067268563635,1.0,17.0,17.0,3.0,2.0,9,0.0,0.0,0.0,2
112300,0,0,0.2072464826249707,2.0,47.6,23.8,2.5,3.0,11,0.0,0.0,2.0,4
112303,0,0,0.29244518581779994,2.0,16.2,8.1,2.5,3.0,5,0.0,0.0,0.0,1
112304,1,0,0.2908324305892028,1.0,7.6,7.6,2.0,2.0,6,0.0,0.0,0.0,4
112309,0,0,0.17743013499455645,6.0,106.9,17.816666666666666,3.6666666666666665,6.0,13,0.0,0.0,2.0,4
112311,0,0,0.19252435102831358,2.0,25.0,12.5,4.0,3.0,5,0.0,0.0,3.0,1
112313,0,0,0.11718864233022566,6.0,136.0,22.666666666666668,2.6666666666666665,6.0,9,0.0,0.0,4.0,4
112322,0,0,0.11369787788087261,6.0,131.6,21.933333333333334,3.6666666666666665,7.0,15,0.0,0.0,4.0,1
112337,0,0,0.11346147492908128,2.0,109.6,54.8,4.0,3.0,6,0.0,0.0,2.0,4
112345,0,0,0.1770759792874096,4.0,43.3,10.825,4.5,5.0,14,0.0,0.0,5.0,4
112347,0,0,0.087731136150763,4.0,61.9,15.475,5.75,5.0,5,0.0,0.0,9.0,4
112350,0,0,0.2992216033163675,3.0,29.7,9.9,2.6666666666666665,4.0,11,0.0,0.0,0.0,1
112352,0,0,0.24935656474246237,1.0,9.0,9.0,3.0,2.0,6,0.0,0.0,1.0,4
112354,0,0,0.15609017692091964,2.0,48.3,24.15,4.5,3.0,3,0.0,0.0,3.0,3
112355,0,0,0.029817633252543482,4.0,162.2,40.55,6.5,5.0,11,0.0,0.0,9.0,4
112374,0,0,0.13559787692626538,6.0,141.6,23.599999999999998,2.5,6.0,9,0.0,0.0,2.0,3
112403,0,0,0.2979951335039703,2.0,4.4,2.2,2.5,3.0,9,0.0,0.0,1.0,4
112406,0,0,0.1309426677709468,2.0,92.1,46.05,5.0,3.0,5,0.0,0.0,1.0,3
112407,0,0,0.26196442133383974,1.0,12.5,12.5,3.0,2.0,3,0.0,0.0,0.0,1
112412,0,0,0.26545172630669284,3.0,27.7,9.233333333333333,3.3333333333333335,4.0,6,0.0,0.0,1.0,3
112415,0,0,0.255530837749762,2.0,30.799999999999997,15.399999999999999,3.0,3.0,3,0.0,0.0,0.0,1
112444,0,0,0.12212995698922874,5.0,102.4,20.48,4.4,6.0,5,0.0,0.0,4.0,3
112447,0,0,0.08830358120848963,4.0,109.2,27.3,6.0,5.0,7,0.0,0.0,4.0,1
112453,0,0,0.20625783521964522,4.0,59.5,14.875,3.0,5.0,15,0.0,0.0,3.0,4
112456,0,0,0.3126958163299453,1.0,10.4,10.4,1.0,2.0,11,0.0,0.0,0.0,4
112459,0,0,0.25404608948868584,1.0,2.4,2.4,4.0,2.0,2,0.0,0.0,0.0,3
112465,0,0,0.2770171714428748,1.0,1.2,1.2,3.0,2.0,5,0.0,0.0,0.0,4
112475,0,0,0.1530736528584859,4.0,84.8,21.2,4.0,6.0,18,0.0,0.0,3.0,4
112476,0,0,0.18891730081496183,4.0,68.9,17.225,3.75,5.0,6,0.0,0.0,2.0,3
112478,0,0,0.17111485245273622,3.0,53.7,17.900000000000002,4.0,4.0,3,0.0,0.0,3.0,4
112483,0,0,0.049890763234830784,3.0,153.1,51.03333333333333,4.333333333333333,4.0,6,0.0,0.0,6.0,4
112488,0,0,0.22543793539270834,3.0,58.8,19.599999999999998,2.3333333333333335,4.0,7,0.0,0.0,1.0,4
112490,0,0,0.12720672695983512,4.0,108.0,27.0,3.25,5.0,10,0.0,0.0,3.0,4
112500,1,0,0.2970002375392894,3.0,28.9,9.633333333333333,2.6666666666666665,4.0,7,0.0,0.0,0.0,1
112505,0,0,0.24465601624135092,2.0,15.2,7.6,5.5,3.0,1,1.0,1.99,0.0,1
112509,0,0,0.2023804138357273,3.0,47.0,15.666666666666666,3.6666666666666665,4.0,5,0.0,0.0,2.0,1
112516,0,0,0.23613782924179322,3.0,46.4,15.466666666666667,4.333333333333333,4.0,9,0.0,0.0,0.0,4
112523,0,0,0.1419867384374699,3.0,97.3,32.43333333333333,4.0,4.0,7,0.0,0.0,1.0,1
112524,0,0,0.23546284601912773,2.0,25.8,12.9,3.5,3.0,3,0.0,0.0,1.0,2
112526,0,0,0.20641831541931244,5.0,64.5,12.9,3.6,6.0,7,0.0,0.0,3.0,3
112527,0,0,0.12794957266591855,5.0,105.4,21.080000000000002,4.8,6.0,8,0.0,0.0,3.0,3
112533,0,0,0.24006483261303974,4.0,54.199999999999996,13.549999999999999,3.75,5.0,14,0.0,0.0,1.0,2
112540,0,0,0.13877839486130372,7.0,140.9,20.12857142857143,2.857142857142857,7.0,13,0.0,0.0,3.0,1
112550,0,0,0.00270043686814127,6.0,345.5,57.583333333333336,5.5,8.0,18,0.0,0.0,15.0,4
112565,1,0,0.14992796623194926,5.0,85.4,17.080000000000002,3.4,6.0,17,0.0,0.0,5.0,4
112578,1,0,0.3229354754130383,1.0,1.4,1.4,1.0,2.0,12,0.0,0.0,0.0,4
112580,0,0,0.10378587933234185,6.0,110.4,18.400000000000002,4.0,7.0,15,0.0,0.0,7.0,4
112581,0,0,0.1428970579948462,2.0,80.7,40.35,3.0,5.0,16,0.0,0.0,3.0,2
112583,0,0,0.2428341138853478,2.0,25.3,12.65,4.5,3.0,8,0.0,0.0,0.0,1
112589,0,0,0.0855381298481041,5.0,151.3,30.26,6.2,6.0,6,0.0,0.0,1.0,1
112591,0,0,0.27032705013503266,2.0,21.299999999999997,10.649999999999999,2.0,3.0,3,0.0,0.0,1.0,3
112594,0,0,0.1065259841783823,4.0,84.1,21.025,3.75,6.0,17,0.0,0.0,7.0,4
112597,0,0,0.22033684178299764,4.0,34.9,8.725,3.5,5.0,9,0.0,0.0,4.0,4
112614,1,0,0.20424583631007934,3.0,47.5,15.833333333333334,4.666666666666667,4.0,2,0.0,0.0,1.0,4
112619,0,0,0.1889104388732128,1.0,45.2,45.2,6.0,2.0,3,0.0,0.0,0.0,4
112620,0,0,0.20609400939337713,2.0,32.1,16.05,4.0,3.0,12,0.0,0.0,2.0,2
112630,0,0,0.190893310850678,5.0,49.4,9.879999999999999,2.2,6.0,15,0.0,0.0,7.0,4
112632,1,0,0.23540263370656747,4.0,66.9,16.725,2.5,7.0,17,0.0,0.0,1.0,1
112641,0,0,0.27748381620151485,4.0,49.400000000000006,12.350000000000001,3.0,5.0,4,0.0,0.0,0.0,4
112643,0,0,0.01960122488672941,5.0,184.1,36.82,6.0,6.0,9,0.0,0.0,12.0,4
112644,0,0,0.20764813207076835,4.0,50.9,12.725,3.75,6.0,15,0.0,0.0,3.0,2
112647,1,0,0.2986345126284938,5.0,53.4,10.68,2.4,6.0,16,0.0,0.0,1.0,1
112654,0,0,0.20517062954474072,4.0,57.1,14.275,3.0,5.0,8,0.0,0.0,3.0,4
112656,0,0,0.04442578201991995,8.0,137.9,17.2375,4.25,8.0,14,0.0,0.0,15.0,4
112657,0,0,0.16403701329515077,5.0,80.8,16.16,3.8,6.0,13,0.0,0.0,4.0,4
112669,0,0,0.2086177780909668,5.0,80.2,16.04,5.2,6.0,11,0.0,0.0,0.0,1
112679,0,0,0.2130752704237466,4.0,31.3,7.825,3.0,5.0,8,0.0,0.0,5.0,1
112692,0,0,0.28392971024435615,2.0,8.6,4.3,2.0,3.0,16,0.0,0.0,2.0,4
112697,0,0,0.27769409598098377,2.0,13.799999999999999,6.8999999999999995,3.0,4.0,17,0.0,0.0,1.0,4
112707,0,0,0.17461647644546338,4.0,61.2,15.3,4.75,5.0,11,0.0,0.0,3.0,3
112710,0,0,0.07339746333854122,3.0,118.2,39.4,3.6666666666666665,4.0,4,0.0,0.0,6.0,4
112713,0,0,0.254293506087731,2.0,31.5,15.75,3.0,3.0,1,0.0,0.0,0.0,3
112716,1,0,0.3069691712735587,2.0,6.8,3.4,3.0,3.0,9,0.0,0.0,0.0,4
112722,0,0,0.27145688386089134,1.0,9.2,9.2,3.0,2.0,10,0.0,0.0,0.0,1
112729,0,0,0.1353562975578809,5.0,74.9,14.98,5.6,6.0,10,0.0,0.0,5.0,4
112735,0,0,0.037174686474509486,4.0,190.29999999999998,47.574999999999996,8.75,5.0,8,0.0,0.0,2.0,1
112748,0,0,0.2007463599472207,5.0,80.2,16.04,3.6,6.0,14,0.0,0.0,2.0,3
112751,1,0,0.2543757895431144,2.0,26.400000000000002,13.200000000000001,3.0,3.0,14,0.0,0.0,1.0,4
112760,0,0,0.19276506770232862,4.0,68.5,17.125,2.25,5.0,6,0.0,0.0,3.0,1
112762,0,0,0.2131467239595003,1.0,5.0,5.0,4.0,2.0,2,0.0,0.0,2.0,4
112764,0,0,0.19027868450528718,3.0,40.8,13.6,3.3333333333333335,5.0,15,0.0,0.0,4.0,3
112770,0,0,0.02955783222062991,6.0,198.6,33.1,4.833333333333333,7.0,15,0.0,0.0,9.0,2
112781,0,0,0.22373370370828655,1.0,59.5,59.5,3.0,2.0,4,0.0,0.0,0.0,3
112786,0,0,0.09603679872152485,5.0,92.3,18.46,6.4,6.0,11,0.0,0.0,6.0,2
112787,0,0,0.25016339756114403,2.0,24.0,12.0,4.0,3.0,4,0.0,0.0,0.0,1
112795,0,0,0.2706471451687655,2.0,15.5,7.75,1.5,3.0,5,0.0,0.0,2.0,4
112807,0,0,0.002326705395784556,7.0,375.2,53.6,4.428571428571429,7.0,15,0.0,0.0,15.0,2
112823,1,0,0.23051754475567005,1.0,7.1,7.1,4.0,2.0,2,0.0,0.0,1.0,4
112830,0,0,0.1971906264119143,3.0,71.4,23.8,4.0,4.0,9,0.0,0.0,0.0,3
112833,0,0,0.2252346254675448,4.0,55.5,13.875,3.25,5.0,11,0.0,0.0,2.0,4
112835,0,0,0.1084034490698615,3.0,83.9,27.96666666666667,3.0,4.0,7,0.0,0.0,6.0,4
112840,0,0,0.2779848983210894,2.0,6.1000000000000005,3.0500000000000003,2.0,3.0,6,0.0,0.0,2.0,3
112856,0,0,0.18608749391293097,4.0,66.2,16.55,2.0,5.0,8,0.0,0.0,4.0,3
112860,0,0,0.25845148604350815,2.0,8.0,4.0,5.0,3.0,2,0.0,0.0,0.0,2
112862,0,0,0.21084945149103362,4.0,67.9,16.975,2.75,5.0,12,0.0,0.0,2.0,4
112864,0,0,0.034824032927391294,5.0,98.19999999999999,19.639999999999997,5.2,6.0,5,0.0,0.0,16.0,4
112868,0,0,0.02183070186499815,7.0,261.0,37.285714285714285,4.0,7.0,10,0.0,0.0,7.0,3
112872,0,0,0.2519604503293302,1.0,5.7,5.7,4.0,2.0,2,0.0,0.0,0.0,4
112873,0,0,0.11014641562511496,4.0,118.2,29.55,3.5,5.0,4,0.0,0.0,3.0,4
112879,0,0,0.24336259527394818,2.0,34.8,17.4,1.0,3.0,4,0.0,0.0,2.0,1
112882,0,0,0.15829962699137506,5.0,92.2,18.44,4.0,6.0,12,0.0,0.0,3.0,4
112890,0,0,0.1345163521792462,4.0,85.5,21.375,2.25,5.0,12,1.0,1.99,6.0,4
112898,0,0,0.2649793793141592,1.0,29.9,29.9,2.0,2.0,1,0.0,0.0,0.0,4
112901,0,0,0.048418264555444616,6.0,146.0,24.333333333333332,4.833333333333333,6.0,15,0.0,0.0,10.0,3
112905,0,0,0.17225631674521621,3.0,62.0,20.666666666666668,3.0,4.0,8,1.0,19.99,3.0,2
112913,0,0,0.3619263281756717,3.0,12.5,4.166666666666667,1.6666666666666667,4.0,13,0.0,0.0,0.0,2
112920,0,0,0.1985419350468091,7.0,101.0,14.428571428571429,3.5714285714285716,9.0,18,0.0,0.0,3.0,4
112921,0,0,0.25312252197655344,3.0,33.7,11.233333333333334,3.6666666666666665,4.0,14,0.0,0.0,1.0,1
112925,0,0,0.17977986917849922,4.0,66.5,16.625,4.0,6.0,17,1.0,44.97,2.0,1
112948,0,0,0.19932752415112076,3.0,46.4,15.466666666666667,3.0,4.0,7,0.0,0.0,3.0,4
112954,0,0,0.16282901082464288,6.0,80.9,13.483333333333334,4.166666666666667,6.0,10,0.0,0.0,5.0,1
112955,0,0,0.17705029238342931,5.0,114.5,22.9,3.2,6.0,10,0.0,0.0,0.0,2
112964,1,0,0.13075579338725493,4.0,85.8,21.45,3.25,5.0,13,0.0,0.0,5.0,3
112976,0,0,0.27468696589578995,1.0,13.0,13.0,2.0,2.0,18,0.0,0.0,1.0,4
112979,0,0,0.15555726163571792,2.0,45.4,22.7,6.0,3.0,2,0.0,0.0,2.0,4
112980,0,0,0.181267175401955,4.0,72.4,18.1,3.0,5.0,11,0.0,0.0,3.0,4
112992,0,0,0.03148600013689993,7.0,225.0,32.142857142857146,5.571428571428571,7.0,8,0.0,0.0,6.0,2
113000,0,0,0.1901210096850339,3.0,35.9,11.966666666666667,2.6666666666666665,4.0,12,0.0,0.0,5.0,4
113001,0,0,0.23447264344319943,1.0,21.2,21.2,3.0,2.0,1,0.0,0.0,1.0,4
113003,0,0,0.09847517961864574,5.0,108.9,21.78,3.2,6.0,15,0.0,0.0,7.0,4
113005,0,0,0.2879115542200699,1.0,12.0,12.0,1.0,2.0,12,0.0,0.0,1.0,3
113006,0,0,0.12263745957993613,4.0,95.6,23.9,4.25,6.0,17,0.0,0.0,4.0,4
113017,0,0,0.1697614329339618,4.0,59.900000000000006,14.975000000000001,3.0,5.0,12,0.0,0.0,5.0,4
113022,0,0,0.24621062459102874,1.0,29.1,29.1,3.0,2.0,2,0.0,0.0,0.0,1
113028,0,0,0.2725008272181891,3.0,22.700000000000003,7.566666666666667,2.6666666666666665,4.0,12,0.0,0.0,2.0,4
113032,0,0,0.1009326553784547,4.0,108.5,27.125,4.75,5.0,9,0.0,0.0,4.0,4
113037,0,0,0.27984748333032017,2.0,22.6,11.3,2.5,3.0,3,0.0,0.0,0.0,2
113044,0,0,0.21744893915192212,5.0,70.2,14.040000000000001,2.4,6.0,10,0.0,0.0,3.0,4
113054,0,0,0.26146782381634853,2.0,10.6,5.3,3.5,3.0,2,0.0,0.0,1.0,4
113065,0,0,0.24615061995266563,3.0,39.400000000000006,13.133333333333335,3.6666666666666665,5.0,17,0.0,0.0,1.0,4
113079,0,0,0.23463591657376673,1.0,5.3,5.3,4.0,2.0,8,0.0,0.0,1.0,1
113089,0,0,0.2504669967319229,3.0,45.800000000000004,15.266666666666667,2.3333333333333335,4.0,8,0.0,0.0,1.0,4
113092,0,0,0.20368959440557055,3.0,49.199999999999996,16.4,4.0,6.0,18,0.0,0.0,2.0,4
113101,0,0,0.2763544461489274,2.0,12.5,6.25,3.0,3.0,16,1.0,49.99,0.0,1
113110,0,0,0.3238846973382209,5.0,43.7,8.74,3.4,6.0,13,0.0,0.0,0.0,2
113115,0,0,0.1973479029631112,4.0,74.2,18.55,2.75,5.0,9,0.0,0.0,2.0,4
113124,0,0,0.1489309094449044,3.0,65.1,21.7,3.3333333333333335,4.0,3,0.0,0.0,4.0,4
113127,0,0,0.23876145299845358,1.0,16.9,16.9,4.0,2.0,1,0.0,0.0,0.0,1
113143,0,0,0.2543794900261766,1.0,1.0,1.0,4.0,2.0,0,0.0,0.0,0.0,4
113159,0,0,0.03748332666555587,6.0,156.9,26.150000000000002,5.0,6.0,11,0.0,0.0,11.0,4
113165,0,0,0.2417354853633458,6.0,55.3,9.216666666666667,2.1666666666666665,6.0,9,0.0,0.0,5.0,4
113167,0,0,0.007563908923411924,9.0,321.6,35.733333333333334,5.111111111111111,9.0,14,0.0,0.0,12.0,4
113173,0,0,0.28504606883491107,3.0,25.1,8.366666666666667,3.0,5.0,15,0.0,0.0,1.0,4
113176,1,0,0.27564712626520027,3.0,39.5,13.166666666666666,2.6666666666666665,4.0,5,0.0,0.0,0.0,4
113190,0,0,0.17757704755749795,2.0,60.2,30.1,3.5,3.0,14,0.0,0.0,2.0,4
113196,0,0,0.1083559660284036,4.0,76.4,19.1,4.25,6.0,15,0.0,0.0,7.0,2
113205,1,0,0.16520411072533175,7.0,114.3,16.32857142857143,1.7142857142857142,7.0,14,0.0,0.0,5.0,1
113207,0,0,0.2672983433135013,1.0,7.6,7.6,3.0,2.0,1,0.0,0.0,0.0,4
113210,0,0,0.16887657792887711,5.0,88.69999999999999,17.74,3.8,6.0,16,0.0,0.0,3.0,4
113216,0,0,0.06270545854937411,3.0,128.3,42.76666666666667,4.666666666666667,4.0,10,0.0,0.0,6.0,4
113222,0,0,0.09971060357644997,3.0,38.8,12.933333333333332,7.666666666666667,4.0,6,0.0,0.0,7.0,3
113230,0,0,0.15379630518651066,5.0,100.9,20.18,3.4,6.0,9,1.0,4.99,3.0,1
113234,0,0,0.13002286131587165,3.0,79.9,26.633333333333336,4.0,4.0,15,0.0,0.0,4.0,4
113235,0,0,0.11896279638203462,4.0,96.1,24.025,3.0,5.0,11,0.0,0.0,5.0,1
113254,1,0,0.2384644304230481,4.0,53.4,13.35,2.5,5.0,7,0.0,0.0,2.0,4
113257,0,0,0.24403427139758627,3.0,49.8,16.599999999999998,2.6666666666666665,4.0,16,0.0,0.0,1.0,4
113261,1,0,0.2662655408182449,2.0,13.1,6.55,3.0,3.0,3,0.0,0.0,1.0,3
113263,0,0,0.10124186835628125,4.0,131.5,32.875,3.0,5.0,5,0.0,0.0,3.0,4
113264,0,0,0.28801440629934466,1.0,10.5,10.5,2.0,2.0,6,0.0,0.0,0.0,4
113271,0,0,0.10959568403731548,2.0,104.7,52.35,3.5,3.0,3,0.0,0.0,3.0,3
113273,0,0,0.16646218067007537,7.0,123.5,17.642857142857142,4.0,7.0,14,0.0,0.0,2.0,1
113286,0,0,0.16570900924300722,3.0,69.0,23.0,5.0,4.0,2,0.0,0.0,1.0,3
113289,0,0,0.23014058339204038,3.0,23.7,7.8999999999999995,3.3333333333333335,4.0,3,0.0,0.0,3.0,4
113308,0,0,0.25714210725675896,1.0,21.7,21.7,3.0,2.0,4,0.0,0.0,0.0,4
113318,0,0,0.159675396984985,3.0,47.1,15.700000000000001,2.6666666666666665,4.0,15,0.0,0.0,6.0,4
113327,0,0,0.2449937973487846,2.0,25.200000000000003,12.600000000000001,3.0,3.0,4,0.0,0.0,1.0,1
113337,1,0,0.2555940157243894,4.0,43.0,10.75,3.0,7.0,17,0.0,0.0,2.0,2
113339,0,0,0.09012631538413711,5.0,103.8,20.759999999999998,2.4,6.0,13,0.0,0.0,9.0,4
113355,0,0,0.1693828138907922,3.0,31.4,10.466666666666667,2.3333333333333335,5.0,15,0.0,0.0,7.0,3
113358,0,0,0.2552619853559804,1.0,37.0,37.0,1.0,2.0,2,0.0,0.0,1.0,3
113360,1,0,0.28654842702682415,2.0,24.200000000000003,12.100000000000001,2.5,3.0,14,0.0,0.0,0.0,1
113361,0,0,0.18221337878256008,3.0,62.2,20.733333333333334,4.666666666666667,4.0,4,0.0,0.0,1.0,4
113365,0,0,0.22600543616453175,2.0,14.100000000000001,7.050000000000001,4.5,3.0,12,0.0,0.0,2.0,3
113371,0,0,0.20520321181232318,2.0,59.5,29.75,1.0,3.0,1,0.0,0.0,2.0,4
113380,0,0,0.022796167598139523,6.0,179.1,29.849999999999998,4.166666666666667,6.0,11,0.0,0.0,14.0,4
113382,0,0,0.2454780710147737,2.0,17.700000000000003,8.850000000000001,3.0,3.0,11,0.0,0.0,2.0,4
113393,0,0,0.1028918587233511,4.0,99.3,24.825,5.5,5.0,8,0.0,0.0,4.0,3
113395,0,0,0.15838999793851527,7.0,104.2,14.885714285714286,4.714285714285714,7.0,14,0.0,0.0,4.0,1
113398,0,0,0.25485633129497376,3.0,56.3,18.766666666666666,1.6666666666666667,4.0,2,0.0,0.0,0.0,1
113405,0,0,0.06174570880497536,4.0,91.7,22.925,4.0,5.0,6,0.0,0.0,11.0,4
113406,0,0,0.23297400827502296,2.0,46.8,23.4,3.5,5.0,17,0.0,0.0,0.0,4
113410,0,0,0.2308745231653759,6.0,75.8,12.633333333333333,4.166666666666667,6.0,14,1.0,9.99,2.0,2
113413,0,0,0.21680554201589625,2.0,39.9,19.95,3.5,3.0,5,0.0,0.0,1.0,4
113417,0,0,0.13887522709876676,6.0,115.3,19.216666666666665,3.1666666666666665,6.0,11,0.0,0.0,4.0,2
113456,0,0,0.15009591474828338,1.0,5.2,5.2,10.0,2.0,7,0.0,0.0,1.0,4
113457,0,0,0.08174039620057814,3.0,124.6,41.53333333333333,4.333333333333333,4.0,9,0.0,0.0,4.0,4
113465,0,0,0.1591894925127027,4.0,87.80000000000001,21.950000000000003,3.75,5.0,5,0.0,0.0,2.0,4
113466,0,0,0.19653360363800343,2.0,42.1,21.05,5.5,3.0,2,0.0,0.0,0.0,1
113469,0,0,0.26442218852408245,2.0,29.5,14.75,2.0,3.0,14,0.0,0.0,1.0,1
113479,0,0,0.11222674667029683,5.0,123.2,24.64,3.2,6.0,13,0.0,0.0,4.0,1
113480,0,0,0.21740072285377576,2.0,46.2,23.1,4.0,3.0,6,0.0,0.0,0.0,2
113481,0,0,0.25518255920178584,2.0,21.0,10.5,3.5,4.0,17,0.0,0.0,1.0,3
113485,0,0,0.20282038074969902,8.0,96.39999999999999,12.049999999999999,2.875,8.0,10,0.0,0.0,5.0,1
113489,0,0,0.284390385252954,2.0,11.100000000000001,5.550000000000001,3.5,3.0,4,0.0,0.0,0.0,4
113504,1,0,0.28425784846956453,1.0,12.4,12.4,2.0,2.0,4,0.0,0.0,0.0,4
113530,0,0,0.28319124083050645,1.0,7.9,7.9,1.0,2.0,2,0.0,0.0,1.0,4
113539,0,0,0.20538051413913966,6.0,56.2,9.366666666666667,4.5,6.0,13,0.0,0.0,5.0,4
113558,0,0,0.2405310757924799,4.0,48.9,12.225,3.25,5.0,9,1.0,4.99,2.0,1
113586,0,0,0.2268377405901949,4.0,58.5,14.625,2.5,5.0,6,0.0,0.0,2.0,3
113588,0,0,0.06315380790472629,7.0,94.4,13.485714285714286,5.285714285714286,8.0,16,0.0,0.0,14.0,4
113590,0,0,0.1538012232864175,6.0,118.8,19.8,3.3333333333333335,6.0,14,1.0,1.99,3.0,3
113593,0,0,0.2407592382349028,2.0,35.5,17.75,4.0,3.0,12,0.0,0.0,0.0,4
113599,1,0,0.30663353291701667,0.0,0.0,0.0,0.0,1.0,16,0.0,0.0,0.0,1
113600,0,0,0.2701768348131849,1.0,4.5,4.5,3.0,2.0,1,0.0,0.0,0.0,4
113602,0,0,0.18235519027349378,3.0,48.0,16.0,2.6666666666666665,4.0,4,0.0,0.0,4.0,4
113609,0,0,0.23959402453400852,1.0,15.9,15.9,4.0,2.0,0,0.0,0.0,0.0,2
113618,0,0,0.15869599056377523,3.0,60.400000000000006,20.133333333333336,4.333333333333333,4.0,7,0.0,0.0,3.0,2
113635,1,0,0.24892802850582493,2.0,17.2,8.6,2.5,3.0,6,0.0,0.0,2.0,2
113658,0,0,0.15844283627920355,3.0,75.0,25.0,4.333333333333333,4.0,13,0.0,0.0,2.0,4
113673,1,0,0.08901600799674773,4.0,115.5,28.875,3.25,5.0,13,0.0,0.0,6.0,4
113690,0,0,0.2253022389301346,2.0,18.9,9.45,2.5,3.0,3,0.0,0.0,3.0,4
113693,0,0,0.15170573010264687,3.0,71.5,23.833333333333332,4.666666666666667,4.0,3,0.0,0.0,2.0,2
113696,0,0,0.028625300592395934,4.0,212.1,53.025,4.5,5.0,8,0.0,0.0,6.0,4
113700,0,0,0.2647557241063763,1.0,15.4,15.4,3.0,2.0,8,0.0,0.0,0.0,2
113705,0,0,0.21225551531059475,2.0,53.7,26.85,1.5,3.0,11,0.0,0.0,2.0,2
113707,0,0,0.2511312359556096,3.0,23.5,7.833333333333333,5.0,4.0,16,0.0,0.0,1.0,1
113709,0,0,0.0742609770698294,4.0,142.3,35.575,3.0,5.0,5,0.0,0.0,5.0,4
113713,0,0,0.27657233872545917,3.0,47.7,15.9,1.6666666666666667,4.0,4,0.0,0.0,0.0,4
113721,0,0,0.2719037504516406,2.0,8.3,4.15,3.5,3.0,9,0.0,0.0,1.0,4
113724,0,0,0.23655764892976486,4.0,45.0,11.25,4.0,5.0,8,1.0,1.99,2.0,1
113728,0,0,0.21824295398950766,3.0,46.8,15.6,2.6666666666666665,4.0,5,0.0,0.0,2.0,1
113731,0,0,0.23497938730299028,4.0,53.9,13.475,2.75,5.0,10,0.0,0.0,2.0,3
113732,0,0,0.32469462969035745,4.0,32.9,8.225,1.75,5.0,12,0.0,0.0,1.0,4
113738,0,0,0.19120582574400996,1.0,3.8,3.8,5.0,4.0,18,0.0,0.0,3.0,4
113739,0,0,0.1977746732661447,2.0,29.099999999999998,14.549999999999999,3.5,3.0,7,0.0,0.0,3.0,4
113761,0,0,0.1304434583229699,4.0,76.5,19.125,5.25,5.0,7,0.0,0.0,4.0,3
113763,0,0,0.24124225455170276,3.0,44.0,14.666666666666666,2.3333333333333335,4.0,17,0.0,0.0,2.0,4
113765,1,0,0.14146924242733228,5.0,70.4,14.080000000000002,2.0,6.0,9,0.0,0.0,8.0,4
113773,0,0,0.1381916225728046,6.0,102.89999999999999,17.15,6.0,9.0,17,0.0,0.0,3.0,1
113776,0,0,0.14933155559099065,4.0,76.5,19.125,4.75,5.0,6,0.0,0.0,3.0,4
113793,0,0,0.11737421667612791,3.0,56.2,18.733333333333334,4.0,4.0,9,0.0,0.0,7.0,4
113798,0,0,0.25568606749103573,2.0,17.8,8.9,3.0,3.0,15,1.0,4.99,2.0,4
113803,1,0,0.31882381428905154,2.0,14.3,7.15,2.0,3.0,15,0.0,0.0,0.0,4
113805,0,0,0.11809152990171069,7.0,87.5,12.5,4.714285714285714,9.0,17,0.0,0.0,9.0,4
113807,0,0,0.23878595128757107,2.0,26.7,13.35,4.5,3.0,4,0.0,0.0,0.0,3
113815,1,0,0.3311948388944166,2.0,12.7,6.35,1.5,3.0,15,0.0,0.0,0.0,3
113821,0,0,0.20750861416459565,4.0,45.599999999999994,11.399999999999999,4.25,5.0,12,0.0,0.0,3.0,1
113833,0,0,0.10421476770816569,5.0,92.4,18.48,3.4,6.0,16,0.0,0.0,8.0,4
113839,0,0,0.07072111979625781,5.0,57.8,11.559999999999999,5.0,6.0,15,0.0,0.0,14.0,4
113848,0,0,0.257312940660905,1.0,15.9,15.9,2.0,2.0,2,0.0,0.0,1.0,4
113849,1,0,0.12218193924220624,6.0,110.8,18.466666666666665,4.166666666666667,6.0,10,0.0,0.0,5.0,4
113851,0,0,0.11812266514301145,5.0,80.7,16.14,4.0,6.0,9,0.0,0.0,7.0,1
113856,1,0,0.13944458116139838,4.0,95.89999999999999,23.974999999999998,5.0,6.0,17,0.0,0.0,2.0,4
113860,0,0,0.22935744075760695,1.0,29.9,29.9,4.0,2.0,0,0.0,0.0,0.0,4
113878,0,0,0.26921237291417277,3.0,45.0,15.0,2.6666666666666665,4.0,13,0.0,0.0,0.0,1
113880,0,0,0.3328249889133005,5.0,40.3,8.059999999999999,2.4,6.0,18,0.0,0.0,1.0,1
113894,0,0,0.21360768565847063,1.0,57.9,57.9,3.0,4.0,18,0.0,0.0,1.0,1
113901,0,0,0.23992500817918086,4.0,55.1,13.775,3.25,5.0,6,0.0,0.0,1.0,2
113904,0,0,0.1940227370095367,2.0,37.400000000000006,18.700000000000003,4.0,3.0,5,0.0,0.0,2.0,3
113908,0,0,0.2451920352522028,1.0,18.7,18.7,2.0,3.0,16,0.0,0.0,2.0,4
113909,0,0,0.3086962492916392,2.0,8.2,4.1,1.5,3.0,9,0.0,0.0,1.0,2
113917,0,0,0.2520546307501496,3.0,34.2,11.4,2.6666666666666665,5.0,16,0.0,0.0,2.0,4
113922,0,0,0.05998506327760471,6.0,179.9,29.983333333333334,4.0,6.0,12,0.0,0.0,5.0,4
113930,0,0,0.20954402032034047,1.0,19.8,19.8,6.0,2.0,5,0.0,0.0,0.0,4
113932,0,0,0.21161926791042424,1.0,31.0,31.0,5.0,2.0,0,0.0,0.0,0.0,3
113935,0,0,0.12873619370057132,3.0,80.7,26.900000000000002,4.666666666666667,4.0,6,0.0,0.0,3.0,2
113945,0,0,0.2467881232942565,7.0,89.2,12.742857142857144,3.0,7.0,13,0.0,0.0,2.0,1
113946,0,0,0.24700043417287637,3.0,35.5,11.833333333333334,2.3333333333333335,4.0,8,0.0,0.0,2.0,1
113947,0,0,0.2142631713945611,1.0,68.2,68.2,3.0,2.0,0,0.0,0.0,0.0,4
113958,0,0,0.32981540583968644,3.0,9.0,3.0,2.3333333333333335,4.0,10,0.0,0.0,1.0,4
113966,0,0,0.2374678840252058,5.0,82.1,16.419999999999998,2.2,6.0,12,0.0,0.0,1.0,4
113969,0,0,0.26420424165778483,1.0,0.5,0.5,3.0,2.0,14,0.0,0.0,1.0,4
113973,0,0,0.16272544839273695,2.0,32.9,16.45,4.5,3.0,7,0.0,0.0,4.0,4
113974,0,0,0.17631701239559938,2.0,15.2,7.6,5.0,3.0,6,0.0,0.0,4.0,2
113987,0,0,0.15855292905312685,7.0,116.0,16.571428571428573,3.0,7.0,7,0.0,0.0,4.0,4
114008,0,0,0.20694431768175547,3.0,43.8,14.6,5.0,4.0,6,0.0,0.0,1.0,2
114030,0,0,0.14537429450981162,4.0,65.3,16.325,2.75,5.0,4,0.0,0.0,6.0,4
114058,0,0,0.2764281431710634,2.0,22.4,11.2,3.0,3.0,7,0.0,0.0,0.0,4
114062,0,0,0.11748318844521496,3.0,71.3,23.766666666666666,3.6666666666666665,4.0,13,0.0,0.0,6.0,3
114074,0,0,0.12901754815946437,4.0,85.2,21.3,2.25,5.0,11,0.0,0.0,6.0,4
114086,0,0,0.07412960738507729,3.0,112.0,37.333333333333336,4.333333333333333,4.0,6,0.0,0.0,6.0,4
114088,0,0,0.2429412187184542,3.0,58.5,19.5,2.6666666666666665,4.0,9,1.0,9.99,0.0,1
114091,0,0,0.2676359099599421,2.0,16.2,8.1,2.0,3.0,13,0.0,0.0,2.0,4
114094,1,0,0.23076067652361928,6.0,65.5,10.916666666666666,2.8333333333333335,6.0,13,0.0,0.0,4.0,2
114098,0,0,0.2390981230942554,5.0,59.8,11.959999999999999,2.4,6.0,11,0.0,0.0,3.0,4
114105,0,0,0.13246046220804109,4.0,80.0,20.0,4.75,5.0,8,0.0,0.0,4.0,4
114127,0,0,0.21349804836599576,3.0,48.3,16.099999999999998,3.0,4.0,7,0.0,0.0,2.0,3
114128,0,0,0.055248510572403896,6.0,93.1,15.516666666666666,4.0,7.0,15,0.0,0.0,15.0,4
114130,0,0,0.12324481048836546,5.0,119.9,23.98,3.8,6.0,16,0.0,0.0,3.0,1
114137,0,0,0.15496843058702808,4.0,55.300000000000004,13.825000000000001,4.25,5.0,3,0.0,0.0,5.0,4
114156,0,0,0.2418137013969814,3.0,53.7,17.900000000000002,3.0,4.0,7,0.0,0.0,0.0,2
114170,0,0,0.0512458420379513,5.0,120.4,24.080000000000002,3.4,7.0,16,0.0,0.0,12.0,4
114173,0,0,0.1230359624067287,2.0,105.4,52.7,4.5,3.0,5,0.0,0.0,1.0,3
114180,0,0,0.08030146748270188,4.0,113.7,28.425,5.5,5.0,9,0.0,0.0,5.0,1
114181,0,0,0.12356651494274822,5.0,109.6,21.919999999999998,2.6,6.0,12,0.0,0.0,5.0,4
114188,0,0,0.25846616702484165,2.0,34.3,17.15,2.5,3.0,1,0.0,0.0,0.0,3
114196,0,0,0.18928978146724923,2.0,49.8,24.9,3.5,3.0,11,0.0,0.0,2.0,4
114199,0,0,0.2428178158739309,1.0,13.2,13.2,4.0,2.0,2,0.0,0.0,0.0,1
114202,1,0,0.29101418815603103,1.0,11.0,11.0,1.0,4.0,16,0.0,0.0,1.0,4
114229,1,0,0.30726578659095266,1.0,8.8,8.8,1.0,2.0,4,0.0,0.0,0.0,4
114243,0,0,0.1717209732668482,2.0,45.800000000000004,22.900000000000002,5.0,3.0,8,0.0,0.0,2.0,4
114246,0,0,0.2944209568572771,1.0,11.9,11.9,2.0,2.0,14,0.0,0.0,0.0,4
114261,0,0,0.17340083397372272,5.0,76.6,15.319999999999999,3.4,6.0,12,0.0,0.0,4.0,1
114273,0,0,0.256447212216146,1.0,7.4,7.4,2.0,2.0,16,0.0,0.0,2.0,4
114278,0,0,0.1380996168185067,7.0,146.20000000000002,20.88571428571429,2.4285714285714284,8.0,18,0.0,0.0,3.0,1
114302,0,0,0.10071882048352561,3.0,114.2,38.06666666666667,4.0,4.0,5,0.0,0.0,3.0,4
114303,0,0,0.2941571730666077,2.0,14.0,7.0,2.0,5.0,17,0.0,0.0,1.0,3
114328,0,0,0.2536710791660149,1.0,8.5,8.5,2.0,2.0,14,0.0,0.0,2.0,4
114332,0,0,0.1147261060318807,5.0,133.2,26.639999999999997,3.0,6.0,14,0.0,0.0,3.0,2
114337,1,0,0.31752214020233305,2.0,13.4,6.7,1.5,3.0,5,0.0,0.0,0.0,1
114352,0,0,0.20568091257512439,2.0,44.1,22.05,1.5,3.0,6,0.0,0.0,3.0,4
114354,0,0,0.25317927707405274,3.0,35.5,11.833333333333334,2.3333333333333335,4.0,15,0.0,0.0,2.0,1
114359,0,0,0.17980535114127755,4.0,60.5,15.125,4.25,5.0,7,0.0,0.0,3.0,3
114366,0,0,0.20411990545521175,3.0,34.4,11.466666666666667,2.6666666666666665,4.0,5,0.0,0.0,4.0,3
114374,0,0,0.09083146827794196,4.0,68.4,17.1,3.75,5.0,12,0.0,0.0,10.0,4
114375,0,0,0.27639104922737145,2.0,14.7,7.35,2.5,3.0,6,0.0,0.0,1.0,4
114376,0,0,0.02997588883863142,8.0,182.89999999999998,22.862499999999997,6.375,9.0,15,0.0,0.0,12.0,4
114379,0,0,0.3260184752024041,1.0,4.4,4.4,1.0,2.0,18,0.0,0.0,0.0,4
114381,0,0,0.25143932147127995,1.0,1.4,1.4,4.0,2.0,0,0.0,0.0,0.0,1
114391,0,0,0.16471718305449742,2.0,74.6,37.3,2.5,3.0,3,0.0,0.0,2.0,3
114392,0,0,0.3394014690495001,4.0,25.4,6.35,2.75,5.0,5,0.0,0.0,0.0,4
114397,0,0,0.22111278917916496,1.0,39.9,39.9,4.0,2.0,0,0.0,0.0,0.0,4
114402,0,0,0.15026615825532208,5.0,93.1,18.619999999999997,4.2,6.0,7,0.0,0.0,3.0,2
114403,0,0,0.2961121919904295,3.0,20.2,6.733333333333333,2.3333333333333335,4.0,4,0.0,0.0,1.0,1
114407,0,0,0.09636015640157759,6.0,94.10000000000001,15.683333333333335,3.3333333333333335,6.0,13,0.0,0.0,10.0,4
114408,0,0,0.21974107165719697,1.0,22.2,22.2,4.0,2.0,5,0.0,0.0,1.0,3
114411,0,0,0.06517094049249247,6.0,141.8,23.633333333333336,4.333333333333333,7.0,15,0.0,0.0,8.0,4
114413,0,0,0.24284213684539815,2.0,27.4,13.7,1.0,3.0,11,0.0,0.0,3.0,3
114421,0,0,0.16896113487269326,2.0,63.599999999999994,31.799999999999997,4.5,3.0,4,0.0,0.0,1.0,4
114423,0,0,0.22037337626767697,3.0,54.2,18.066666666666666,3.0,4.0,4,0.0,0.0,1.0,4
114428,0,0,0.004960916205907502,8.0,358.2,44.775,4.5,8.0,12,0.0,0.0,11.0,4
114431,0,0,0.25883285653536425,2.0,50.400000000000006,25.200000000000003,1.5,6.0,18,0.0,0.0,0.0,1
114438,0,0,0.13313495645773613,5.0,111.7,22.34,3.8,6.0,15,0.0,0.0,3.0,1
114442,0,0,0.24400237979243442,1.0,21.8,21.8,4.0,2.0,12,0.0,0.0,0.0,1
114447,0,0,0.15836216922037802,3.0,69.3,23.099999999999998,4.666666666666667,4.0,9,0.0,0.0,2.0,2
114462,0,0,0.17961539273416008,4.0,61.4,15.35,2.25,5.0,11,1.0,9.99,5.0,4
114478,0,0,0.06791756104613818,4.0,112.7,28.175,4.25,5.0,11,0.0,0.0,8.0,4
114481,0,0,0.1465861062248827,4.0,112.5,28.125,2.75,5.0,13,1.0,1.99,2.0,3
114485,0,0,0.10615941634949262,5.0,149.2,29.839999999999996,4.4,6.0,13,0.0,0.0,1.0,4
114492,0,0,0.09561582711684286,5.0,132.3,26.46,4.0,6.0,10,0.0,0.0,4.0,4
114497,0,0,0.23335915229981502,1.0,18.3,18.3,5.0,2.0,13,0.0,0.0,0.0,4
114502,0,0,0.17154221252268007,1.0,126.5,126.5,3.0,2.0,1,0.0,0.0,0.0,3
114503,0,0,0.26997972685262034,1.0,7.7,7.7,3.0,2.0,4,0.0,0.0,0.0,4
114505,0,0,0.21729800483516293,3.0,23.8,7.933333333333334,3.3333333333333335,4.0,11,0.0,0.0,4.0,4
114509,1,0,0.27949687021328157,1.0,10.5,10.5,2.0,2.0,0,0.0,0.0,0.0,1
114516,0,0,0.07090940837209699,5.0,147.7,29.54,3.0,6.0,8,0.0,0.0,6.0,1
114520,0,0,0.18418359939264878,3.0,41.5,13.833333333333334,4.333333333333333,4.0,3,0.0,0.0,3.0,3
114521,0,0,0.0948455094327927,4.0,130.0,32.5,4.0,5.0,6,0.0,0.0,3.0,4
114529,0,0,0.281185237284621,3.0,28.5,9.5,1.6666666666666667,4.0,14,0.0,0.0,2.0,4
114536,0,0,0.2704247491677508,1.0,4.6,4.6,2.0,2.0,5,0.0,0.0,1.0,4
114576,0,0,0.10965549172372008,5.0,117.39999999999999,23.479999999999997,2.8,6.0,9,0.0,0.0,5.0,1
114580,0,0,0.23399310857408567,1.0,3.7,3.7,5.0,2.0,2,0.0,0.0,0.0,1
114581,0,0,0.17837351561477305,3.0,37.9,12.633333333333333,6.333333333333333,4.0,5,0.0,0.0,2.0,1
114587,1,0,0.14725604080265953,4.0,87.7,21.925,4.0,6.0,17,0.0,0.0,3.0,2
114593,0,0,0.16412055784070384,2.0,27.3,13.65,5.5,3.0,1,1.0,19.99,3.0,1
114595,0,0,0.2148254646981519,1.0,7.9,7.9,4.0,2.0,8,0.0,0.0,2.0,3
114611,0,0,0.16866155855946074,3.0,80.2,26.733333333333334,4.0,4.0,13,0.0,0.0,1.0,1
114628,0,0,0.2285025307110744,1.0,12.5,12.5,4.0,2.0,5,0.0,0.0,1.0,4
114634,0,0,0.26442264656103326,1.0,23.9,23.9,3.0,4.0,17,0.0,0.0,0.0,4
114661,0,0,0.18629791422581332,5.0,74.5,14.9,4.2,6.0,15,0.0,0.0,3.0,4
114681,0,0,0.26807627921519395,3.0,39.900000000000006,13.300000000000002,2.0,4.0,8,0.0,0.0,1.0,4
114682,0,0,0.14167317814423042,2.0,86.9,43.45,5.5,3.0,1,0.0,0.0,0.0,3
114683,0,0,0.31245345763809346,2.0,10.2,5.1,2.0,3.0,1,0.0,0.0,0.0,4
114687,0,0,0.24652926798466698,2.0,40.9,20.45,3.0,3.0,1,1.0,1.99,0.0,2
114690,0,0,0.18315883330802157,6.0,60.1,10.016666666666667,4.333333333333333,7.0,15,0.0,0.0,6.0,3
114691,0,0,0.1917689307953087,4.0,34.099999999999994,8.524999999999999,2.25,6.0,18,0.0,0.0,7.0,3
114692,0,0,0.28375965415062415,1.0,9.3,9.3,1.0,2.0,4,0.0,0.0,1.0,4
114701,0,0,0.3103962641739559,1.0,4.7,4.7,1.0,2.0,3,0.0,0.0,0.0,4
114705,0,0,0.27099167284589337,1.0,2.0,2.0,2.0,2.0,3,0.0,0.0,1.0,4
114708,0,0,0.26451033580884636,4.0,44.9,11.225,3.5,5.0,13,0.0,0.0,1.0,4
114709,0,0,0.16148760088816178,8.0,62.199999999999996,7.7749999999999995,4.625,8.0,14,0.0,0.0,10.0,3
114714,0,0,0.2697204855870996,3.0,25.3,8.433333333333334,2.6666666666666665,5.0,18,0.0,0.0,2.0,2
114715,0,0,0.24165929880356674,2.0,30.9,15.45,3.0,3.0,8,0.0,0.0,1.0,4
114721,0,0,0.18363329991526942,2.0,41.4,20.7,4.5,3.0,10,0.0,0.0,2.0,1
114723,0,0,0.26810159121298366,4.0,52.9,13.225,3.25,5.0,9,0.0,0.0,0.0,2
114729,0,0,0.15220283989905992,3.0,74.3,24.766666666666666,3.3333333333333335,4.0,5,0.0,0.0,3.0,4
114731,0,0,0.18547530871459705,4.0,74.39999999999999,18.599999999999998,3.25,5.0,6,0.0,0.0,2.0,1
114744,0,0,0.15162176406375039,4.0,80.7,20.175,4.5,6.0,16,0.0,0.0,3.0,4
114748,0,0,0.23948321409444331,1.0,32.5,32.5,1.0,2.0,2,0.0,0.0,2.0,4
114752,0,0,0.06692578421478772,6.0,120.8,20.133333333333333,4.0,6.0,10,0.0,0.0,10.0,2
114760,0,0,0.23070397633375167,1.0,9.5,9.5,5.0,2.0,1,0.0,0.0,0.0,4
114767,0,0,0.2628251391553777,2.0,11.4,5.7,3.5,3.0,5,0.0,0.0,1.0,4
114768,0,0,0.2413121862513124,1.0,17.2,17.2,3.0,2.0,5,0.0,0.0,1.0,4
114770,0,0,0.12801455802335082,5.0,99.2,19.84,5.4,6.0,7,0.0,0.0,3.0,1
114771,0,0,0.2318240469424613,1.0,41.5,41.5,1.0,2.0,2,0.0,0.0,2.0,4
114773,1,0,0.2151580798991702,4.0,54.6,13.65,2.75,5.0,10,0.0,0.0,3.0,4
114778,0,0,0.07870144144004736,4.0,110.4,27.6,3.75,5.0,6,0.0,0.0,7.0,4
114786,0,0,0.23885885150537656,1.0,22.7,22.7,4.0,2.0,5,0.0,0.0,0.0,3
114789,0,0,0.24685119569840458,2.0,10.7,5.35,2.0,3.0,3,0.0,0.0,3.0,4
114799,0,0,0.20796986625114874,3.0,31.8,10.6,2.0,5.0,15,0.0,0.0,5.0,4
114800,0,0,0.014604419944182155,9.0,249.9,27.766666666666666,5.0,10.0,17,0.0,0.0,14.0,4
114808,0,0,0.23501045813935567,3.0,32.6,10.866666666666667,5.666666666666667,4.0,6,0.0,0.0,0.0,2
114809,0,0,0.23841568713822542,1.0,19.2,19.2,4.0,2.0,0,0.0,0.0,0.0,4
114815,0,0,0.22574672750742852,2.0,21.3,10.65,3.0,3.0,18,0.0,0.0,3.0,4
114819,0,0,0.09095666049552059,5.0,126.19999999999999,25.24,4.4,6.0,15,0.0,0.0,5.0,4
114835,0,0,0.16183979803867538,4.0,71.8,17.95,3.0,5.0,5,0.0,0.0,4.0,3
114837,0,0,0.21093848738041482,2.0,47.7,23.85,2.0,3.0,6,0.0,0.0,2.0,4
114841,0,0,0.2133562598321137,1.0,37.8,37.8,5.0,2.0,10,0.0,0.0,0.0,2
114844,0,0,0.2975329049473581,2.0,10.3,5.15,3.0,3.0,9,0.0,0.0,0.0,1
114862,0,0,0.08784151903957413,5.0,143.0,28.6,3.4,6.0,7,0.0,0.0,4.0,1
114869,1,0,0.1735968104469949,3.0,56.0,18.666666666666668,4.0,5.0,16,0.0,0.0,3.0,1
114873,0,0,0.264947626421388,2.0,18.2,9.1,2.0,6.0,18,0.0,0.0,2.0,4
114886,0,0,0.10832319332080205,3.0,108.4,36.13333333333333,3.6666666666666665,4.0,3,0.0,0.0,3.0,4
114891,0,0,0.22518775143999378,1.0,16.5,16.5,4.0,2.0,5,0.0,0.0,1.0,4
114903,0,0,0.13359810893779722,2.0,53.7,26.85,5.0,3.0,7,0.0,0.0,4.0,4
114905,0,0,0.02372935191652027,9.0,171.5,19.055555555555557,5.0,9.0,13,0.0,0.0,18.0,4
114916,0,0,0.11207059456203827,3.0,141.0,47.0,3.3333333333333335,4.0,8,0.0,0.0,0.0,1
114931,0,0,0.11183522101354443,3.0,92.2,30.733333333333334,4.333333333333333,4.0,13,0.0,0.0,4.0,3
114944,0,0,0.23614898102570958,1.0,43.0,43.0,2.0,2.0,5,0.0,0.0,1.0,4
114946,0,0,0.16202164411453882,4.0,100.7,25.175,3.0,5.0,4,0.0,0.0,1.0,1
114949,0,0,0.31130226605193434,2.0,6.3,3.15,2.0,3.0,16,0.0,0.0,1.0,4
114952,0,0,0.26218063397462976,1.0,12.2,12.2,3.0,2.0,1,0.0,0.0,0.0,3
114961,0,0,0.2102921869349583,1.0,53.9,53.9,3.0,2.0,7,0.0,0.0,1.0,1
114967,0,0,0.31198687224114224,1.0,13.8,13.8,1.0,3.0,18,0.0,0.0,0.0,1
114971,0,0,0.151854392608463,3.0,74.4,24.8,5.666666666666667,4.0,4,0.0,0.0,1.0,4
114993,0,0,0.1042830253184131,2.0,93.6,46.8,5.5,3.0,9,0.0,0.0,3.0,4
115018,0,0,0.07623179884140226,5.0,104.1,20.82,5.6,6.0,15,0.0,0.0,8.0,4
115019,0,0,0.23349581168461211,2.0,11.399999999999999,5.699999999999999,4.0,3.0,5,0.0,0.0,2.0,4
115022,0,0,0.19518562026729436,3.0,48.199999999999996,16.066666666666666,2.0,4.0,9,0.0,0.0,4.0,4
115026,1,0,0.26202846102358646,1.0,21.3,21.3,3.0,2.0,9,0.0,0.0,0.0,4
115031,0,0,0.2710684828903763,3.0,36.3,12.1,2.3333333333333335,4.0,10,0.0,0.0,1.0,4
115051,0,0,0.2211269743502195,4.0,55.8,13.95,4.25,5.0,4,0.0,0.0,1.0,3
115054,0,0,0.25887222218102157,2.0,30.9,15.45,3.0,3.0,4,0.0,0.0,0.0,4
115056,0,0,0.3472288559763357,4.0,27.200000000000003,6.800000000000001,1.5,7.0,18,0.0,0.0,1.0,4
115060,0,0,0.3026689421506177,1.0,2.8,2.8,2.0,4.0,16,0.0,0.0,0.0,4
115061,0,0,0.2348761877698969,1.0,43.5,43.5,2.0,2.0,4,0.0,0.0,1.0,4
115068,0,0,0.09705488739505885,2.0,101.2,50.6,4.5,3.0,10,0.0,0.0,4.0,4
115069,0,0,0.22898601671971683,3.0,44.4,14.799999999999999,4.0,4.0,13,0.0,0.0,1.0,4
115071,0,0,0.20151403539625296,6.0,92.9,15.483333333333334,2.5,6.0,13,0.0,0.0,3.0,3
115073,0,0,0.2080694746988145,2.0,21.4,10.7,3.5,3.0,6,0.0,0.0,3.0,4
115077,0,0,0.18696283814085154,2.0,58.0,29.0,1.5,3.0,7,0.0,0.0,3.0,4
115087,0,0,0.2375588064912756,1.0,20.2,20.2,4.0,2.0,0,0.0,0.0,0.0,4
115091,0,0,0.09568992928658017,4.0,120.3,30.075,4.0,5.0,9,0.0,0.0,4.0,4
115098,0,0,0.22467009999468177,3.0,48.0,16.0,3.6666666666666665,4.0,9,0.0,0.0,1.0,4
115115,0,0,0.2578934892501268,1.0,20.9,20.9,3.0,2.0,5,0.0,0.0,0.0,3
115116,0,0,0.23798608014916203,1.0,18.8,18.8,4.0,2.0,2,0.0,0.0,0.0,1
115119,0,0,0.15194104541175243,2.0,52.4,26.2,4.5,3.0,3,0.0,0.0,3.0,4
115122,0,0,0.1956267794464591,1.0,13.7,13.7,4.0,4.0,17,0.0,0.0,3.0,1
115123,0,0,0.2687779878202235,1.0,7.0,7.0,3.0,2.0,2,0.0,0.0,0.0,4
115130,0,0,0.3013499755219763,2.0,8.2,4.1,3.0,3.0,6,0.0,0.0,0.0,4
115141,0,0,0.07978455476722433,4.0,133.5,33.375,4.75,7.0,17,0.0,0.0,4.0,2
115145,0,0,0.22831735013790613,1.0,10.1,10.1,3.0,2.0,6,0.0,0.0,2.0,4
115152,0,0,0.17870646165782153,1.0,34.2,34.2,6.0,2.0,1,0.0,0.0,1.0,4
115157,0,0,0.08742933487828235,3.0,86.19999999999999,28.73333333333333,7.666666666666667,4.0,10,0.0,0.0,4.0,1
115166,0,0,0.25185566460156433,4.0,54.4,13.6,2.25,5.0,12,1.0,4.99,2.0,4
115171,0,0,0.22855896364328832,2.0,34.0,17.0,2.0,3.0,2,0.0,0.0,2.0,4
115180,0,0,0.3028294319984075,2.0,9.0,4.5,3.0,3.0,9,0.0,0.0,0.0,4
115181,0,0,0.004861391986409898,7.0,313.8,44.82857142857143,5.428571428571429,7.0,12,0.0,0.0,14.0,4
115197,0,0,0.08928848809004637,4.0,99.4,24.85,5.0,5.0,11,0.0,0.0,6.0,4
115203,0,0,0.22007355161017186,2.0,57.599999999999994,28.799999999999997,2.5,3.0,2,0.0,0.0,0.0,1
115204,0,0,0.2630595590814574,1.0,13.2,13.2,3.0,2.0,2,0.0,0.0,0.0,4
115211,0,0,0.15250045561129422,6.0,106.0,17.666666666666668,4.333333333333333,6.0,9,0.0,0.0,3.0,4
115212,0,0,0.1524630995525239,3.0,92.6,30.866666666666664,2.3333333333333335,4.0,8,1.0,19.99,2.0,1
115213,1,0,0.2590734266564781,3.0,33.199999999999996,11.066666666666665,2.0,4.0,8,0.0,0.0,2.0,3
115214,0,0,0.2126533639443401,2.0,41.1,20.55,3.5,3.0,3,0.0,0.0,1.0,3
115215,0,0,0.22733652643368255,3.0,37.4,12.466666666666667,3.3333333333333335,4.0,6,0.0,0.0,2.0,4
115228,0,0,0.24177441794596016,1.0,16.3,16.3,4.0,2.0,1,0.0,0.0,0.0,4
115235,0,0,0.30954777392481736,0.0,0.0,0.0,0.0,1.0,16,0.0,0.0,0.0,4
115256,0,0,0.2200920566354682,4.0,59.5,14.875,3.0,5.0,10,0.0,0.0,2.0,3
115268,0,0,0.11720667232778757,5.0,77.5,15.5,3.2,6.0,7,0.0,0.0,8.0,1
115269,0,0,0.21060449133874914,4.0,65.9,16.475,2.75,5.0,8,0.0,0.0,2.0,3
115282,0,0,0.06152829068651987,4.0,79.4,19.85,4.5,5.0,10,0.0,0.0,12.0,4
115285,0,0,0.19367982104420967,3.0,52.3,17.433333333333334,5.0,4.0,5,0.0,0.0,1.0,4
115286,0,0,0.0949135723350997,5.0,106.3,21.259999999999998,3.6,6.0,8,0.0,0.0,7.0,4
115294,0,0,0.19717504252813686,2.0,24.1,12.05,5.0,3.0,5,0.0,0.0,2.0,2
115298,0,0,0.21415318385181242,4.0,61.0,15.25,3.5,5.0,16,0.0,0.0,2.0,3
115303,0,0,0.2626686479394493,4.0,58.300000000000004,14.575000000000001,3.25,6.0,18,0.0,0.0,0.0,1
115305,0,0,0.2485413893995256,1.0,6.6,6.6,4.0,2.0,0,0.0,0.0,0.0,3
115308,0,0,0.24967499940330742,3.0,26.5,8.833333333333334,3.6666666666666665,4.0,15,0.0,0.0,2.0,4
115309,1,0,0.18502654269296867,4.0,54.900000000000006,13.725000000000001,3.75,5.0,14,0.0,0.0,4.0,4
115319,0,0,0.1620161305891005,2.0,69.6,34.8,5.5,3.0,1,0.0,0.0,0.0,4
115327,1,0,0.3148138117778046,3.0,27.4,9.133333333333333,2.3333333333333335,4.0,13,0.0,0.0,0.0,3
115330,0,0,0.22625021252248473,2.0,22.0,11.0,2.5,3.0,10,0.0,0.0,3.0,4
115331,1,0,0.21409832729235148,1.0,40.7,40.7,5.0,5.0,18,0.0,0.0,0.0,2
115335,0,0,0.11375624781647121,2.0,104.2,52.1,3.5,3.0,10,0.0,0.0,3.0,4
115374,0,0,0.15492117271548092,2.0,48.8,24.4,4.0,4.0,17,0.0,0.0,4.0,3
115377,0,0,0.2454669244053158,1.0,9.5,9.5,3.0,2.0,4,0.0,0.0,1.0,2
115379,0,0,0.17732411883512647,2.0,68.3,34.15,1.5,4.0,16,0.0,0.0,3.0,2
115381,0,0,0.1354662790383951,5.0,138.0,27.6,2.6,6.0,11,0.0,0.0,1.0,2
115382,0,0,0.09086594932313405,6.0,141.10000000000002,23.51666666666667,3.8333333333333335,6.0,8,0.0,0.0,5.0,4
115394,0,0,0.2500484494826072,2.0,46.900000000000006,23.450000000000003,1.5,3.0,18,0.0,0.0,1.0,4
115395,0,0,0.1710333824694436,3.0,64.7,21.566666666666666,3.0,4.0,7,0.0,0.0,3.0,4
115397,0,0,0.09135731177676552,3.0,96.8,32.266666666666666,3.6666666666666665,4.0,8,0.0,0.0,6.0,4
115404,0,0,0.29140770927743714,1.0,9.4,9.4,1.0,2.0,13,0.0,0.0,1.0,3
115422,0,0,0.26772268396979154,2.0,19.1,9.55,2.5,3.0,5,0.0,0.0,1.0,4
115426,0,0,0.25329517456862183,1.0,5.2,5.2,4.0,2.0,3,0.0,0.0,0.0,4
115433,0,0,0.1804443267917329,3.0,74.3,24.766666666666666,2.3333333333333335,4.0,5,0.0,0.0,2.0,4
115436,0,0,0.2591468226962475,1.0,15.5,15.5,3.0,2.0,0,0.0,0.0,0.0,4
115445,0,0,0.0758195700263383,5.0,128.3,25.660000000000004,4.2,6.0,11,1.0,1.99,7.0,4
115450,0,0,0.192948990767664,3.0,54.900000000000006,18.3,3.3333333333333335,4.0,2,0.0,0.0,2.0,2
115456,0,0,0.049074270601139634,6.0,165.5,27.583333333333332,4.5,7.0,15,0.0,0.0,8.0,2
115463,0,0,0.15735833100757057,4.0,97.19999999999999,24.299999999999997,2.75,5.0,7,0.0,0.0,2.0,1
115464,1,0,0.20944404504376962,2.0,27.4,13.7,3.5,3.0,14,1.0,101.97999999999999,0.0,1
115485,1,0,0.23950869902273456,2.0,20.3,10.15,3.0,3.0,9,0.0,0.0,2.0,4
115499,0,0,0.16742580034036242,2.0,63.6,31.8,4.0,5.0,18,0.0,0.0,2.0,4
115507,0,0,0.21845321820399363,2.0,34.8,17.4,3.0,3.0,11,0.0,0.0,2.0,4
115511,1,0,0.33001499868620887,4.0,34.0,8.5,2.5,5.0,14,0.0,0.0,0.0,1
115512,1,0,0.26399435648629843,3.0,33.6,11.200000000000001,2.6666666666666665,4.0,5,0.0,0.0,1.0,2
115533,0,0,0.03361812404788885,4.0,129.7,32.425,4.0,5.0,6,0.0,0.0,13.0,4
115541,0,0,0.2117146222409377,1.0,9.8,9.8,4.0,2.0,5,0.0,0.0,2.0,4
115553,0,0,0.1153127062326766,5.0,119.5,23.9,4.4,6.0,8,0.0,0.0,3.0,4
115559,1,0,0.2912887519841787,3.0,24.299999999999997,8.1,2.3333333333333335,4.0,8,0.0,0.0,1.0,1
115563,0,0,0.19727055216227998,5.0,95.0,19.0,3.2,7.0,17,0.0,0.0,1.0,1
115573,0,0,0.15845904403640101,3.0,43.4,14.466666666666667,2.6666666666666665,4.0,5,0.0,0.0,6.0,4
115575,0,0,0.19393018949829666,4.0,46.6,11.65,3.75,5.0,7,0.0,0.0,4.0,4
115577,0,0,0.19245629853716292,4.0,44.9,11.225,4.0,5.0,6,0.0,0.0,4.0,4
115611,0,0,0.1463921171350987,3.0,76.2,25.400000000000002,5.0,4.0,10,0.0,0.0,2.0,3
115621,0,0,0.24169928275278474,5.0,53.2,10.64,3.0,6.0,10,0.0,0.0,3.0,4
115635,1,0,0.1699710831604254,7.0,122.69999999999999,17.52857142857143,1.7142857142857142,7.0,16,0.0,0.0,4.0,4
115642,0,0,0.2549524961758542,1.0,17.1,17.1,3.0,2.0,2,1.0,19.99,0.0,2
115646,0,0,0.22848146598764396,2.0,26.7,13.35,3.0,3.0,8,0.0,0.0,2.0,4
115650,0,0,0.2850349936669947,1.0,9.6,9.6,2.0,2.0,2,0.0,0.0,0.0,4
115654,0,0,0.26655160564888314,3.0,34.6,11.533333333333333,2.6666666666666665,4.0,9,0.0,0.0,1.0,3
115665,0,0,0.2567020377002874,3.0,22.7,7.566666666666666,2.0,4.0,5,0.0,0.0,3.0,4
115690,0,0,0.30506473167540255,2.0,13.8,6.9,1.5,3.0,14,0.0,0.0,1.0,4
115694,0,0,0.1210611303988694,3.0,93.8,31.266666666666666,3.0,4.0,11,0.0,0.0,4.0,1
115697,0,0,0.12710544287185108,3.0,78.6,26.2,5.0,4.0,3,0.0,0.0,3.0,4
115702,1,0,0.24996453975029978,5.0,60.0,12.0,1.8,6.0,14,0.0,0.0,3.0,2
115703,0,0,0.04846492573208749,3.0,169.3,56.43333333333334,5.0,4.0,4,0.0,0.0,4.0,1
115712,0,0,0.2817532878044495,1.0,1.8,1.8,2.0,4.0,17,0.0,0.0,1.0,4
115713,0,0,0.0028841373132616264,9.0,317.0,35.22222222222222,5.555555555555555,10.0,18,0.0,0.0,21.0,4
115714,0,0,0.22922710350999356,3.0,47.0,15.666666666666666,3.0,4.0,2,0.0,0.0,1.0,1
115729,0,0,0.23236807108664487,1.0,29.3,29.3,4.0,2.0,3,0.0,0.0,0.0,4
115730,0,0,0.251515432823369,1.0,6.2,6.2,4.0,2.0,2,0.0,0.0,0.0,4
115746,0,0,0.17894633242749533,2.0,42.3,21.15,4.0,4.0,18,0.0,0.0,3.0,3
115748,0,0,0.09378351944058971,5.0,99.10000000000001,19.82,5.8,6.0,8,0.0,0.0,6.0,4
115749,0,0,0.32339620300161753,1.0,1.6,1.6,1.0,3.0,15,0.0,0.0,0.0,3
115760,0,0,0.11354539908886932,4.0,122.8,30.7,1.75,6.0,15,0.0,0.0,4.0,1
115765,0,0,0.10199094972084509,5.0,104.1,20.82,4.6,6.0,16,0.0,0.0,6.0,4
115771,1,0,0.24009314370525933,2.0,32.2,16.1,4.0,3.0,5,0.0,0.0,0.0,4
115786,0,0,0.13061968427574325,5.0,64.8,12.959999999999999,4.6,6.0,4,0.0,0.0,7.0,4
115789,0,0,0.1463852193639643,5.0,95.8,19.16,4.4,6.0,10,0.0,0.0,3.0,3
115798,0,0,0.14552693333636935,5.0,94.9,18.98,3.6,6.0,13,0.0,0.0,4.0,4
115817,0,0,0.09647425591465,3.0,104.0,34.666666666666664,5.333333333333333,4.0,2,0.0,0.0,3.0,1
115819,0,0,0.07620543791847237,3.0,118.19999999999999,39.4,3.3333333333333335,4.0,6,0.0,0.0,6.0,4
115822,0,0,0.08856393731585818,3.0,120.30000000000001,40.1,3.6666666666666665,4.0,5,0.0,0.0,4.0,4
115829,0,0,0.1244534904278468,2.0,36.4,18.2,5.0,3.0,6,0.0,0.0,6.0,2
115830,0,0,0.12854541720846582,6.0,97.0,16.166666666666668,3.0,6.0,12,0.0,0.0,7.0,4
115831,0,0,0.18350713374814084,1.0,88.4,88.4,4.0,2.0,1,0.0,0.0,0.0,2
115851,0,0,0.2755646334888793,4.0,48.300000000000004,12.075000000000001,2.25,5.0,8,0.0,0.0,1.0,4
115852,0,0,0.22054191951244165,2.0,51.5,25.75,3.5,3.0,9,0.0,0.0,0.0,3
115857,0,0,0.14080908310630041,4.0,87.9,21.975,4.25,5.0,8,0.0,0.0,3.0,4
115865,0,0,0.2589773887679563,1.0,12.1,12.1,2.0,2.0,1,0.0,0.0,1.0,3
115866,0,0,0.18592400989102723,2.0,14.0,7.0,5.5,3.0,2,0.0,0.0,3.0,4
115869,0,0,0.11049490694289688,4.0,47.5,11.875,4.75,5.0,6,0.0,0.0,9.0,4
115881,0,0,0.19008498551690342,7.0,102.5,14.642857142857142,2.7142857142857144,7.0,14,0.0,0.0,4.0,4
115897,0,0,0.18869893727883136,1.0,43.5,43.5,6.0,2.0,1,0.0,0.0,0.0,4
115908,0,0,0.1916753703456895,2.0,56.3,28.15,3.0,4.0,18,0.0,0.0,2.0,4
115912,0,0,0.07005193174931544,6.0,145.2,24.2,4.166666666666667,7.0,15,0.0,0.0,7.0,2
115926,0,0,0.29238729935489166,1.0,16.0,16.0,2.0,2.0,17,0.0,0.0,0.0,3
115928,0,0,0.19254841400684541,3.0,55.6,18.533333333333335,4.666666666666667,4.0,5,0.0,0.0,1.0,3
115931,1,0,0.23974785302991738,4.0,41.7,10.425,3.75,5.0,9,0.0,0.0,2.0,1
115937,1,0,0.27214384246279494,1.0,12.3,12.3,3.0,5.0,18,0.0,0.0,0.0,1
115941,0,0,0.19738717648398377,1.0,30.1,30.1,5.0,2.0,4,0.0,0.0,1.0,3
115953,0,0,0.14999177488224966,4.0,89.1,22.275,2.5,7.0,18,0.0,0.0,4.0,4
115960,0,0,0.2237459514920683,2.0,44.5,22.25,1.5,3.0,7,0.0,0.0,2.0,3
115968,1,0,0.29430783839836366,2.0,13.6,6.8,3.0,3.0,10,0.0,0.0,0.0,3
115969,0,0,0.2268275289876659,2.0,27.9,13.95,5.0,3.0,1,0.0,0.0,0.0,4
115987,0,0,0.1257397626963536,3.0,70.4,23.46666666666667,3.6666666666666665,4.0,3,0.0,0.0,5.0,4
115992,0,0,0.19589058997509967,2.0,26.3,13.15,4.0,3.0,5,1.0,9.99,3.0,4
115996,0,0,0.1688026275990885,3.0,41.2,13.733333333333334,4.666666666666667,4.0,9,0.0,0.0,4.0,4
115998,0,0,0.1453742001467472,2.0,81.6,40.8,4.5,3.0,2,0.0,0.0,1.0,2
116005,0,0,0.2338272767515906,2.0,14.9,7.45,3.5,3.0,4,0.0,0.0,2.0,2
116007,0,0,0.0418861811037244,6.0,139.6,23.266666666666666,5.666666666666667,6.0,6,0.0,0.0,11.0,4
116012,0,0,0.15389748044324647,2.0,59.699999999999996,29.849999999999998,3.0,4.0,17,0.0,0.0,4.0,2
116015,0,0,0.07976112296414693,4.0,170.8,42.7,2.75,7.0,18,0.0,0.0,2.0,1
116016,0,0,0.24447326215765733,2.0,36.5,18.25,2.5,6.0,17,0.0,0.0,1.0,3
116020,0,0,0.26383209469924107,4.0,43.5,10.875,3.5,5.0,9,0.0,0.0,1.0,4
116059,0,0,0.2526164783079682,3.0,20.1,6.7,2.6666666666666665,4.0,8,0.0,0.0,3.0,4
116061,0,0,0.2299305018671516,1.0,6.9,6.9,4.0,2.0,4,0.0,0.0,1.0,1
116062,0,0,0.1765850371156591,2.0,46.9,23.45,6.5,3.0,2,0.0,0.0,0.0,2
116073,0,0,0.05752663741950189,6.0,185.6,30.933333333333334,4.5,6.0,6,0.0,0.0,4.0,1
116082,1,0,0.2574597512271864,4.0,50.800000000000004,12.700000000000001,3.25,5.0,14,0.0,0.0,1.0,4
116090,0,0,0.16860465268352512,3.0,78.4,26.133333333333336,2.6666666666666665,4.0,6,0.0,0.0,2.0,1
116092,0,0,0.31995431805089963,3.0,29.799999999999997,9.933333333333332,1.6666666666666667,4.0,11,0.0,0.0,0.0,2
116097,0,0,0.21875938281798032,1.0,1.3,1.3,6.0,2.0,0,0.0,0.0,0.0,2
116102,0,0,0.28801815562384725,1.0,9.5,9.5,2.0,2.0,5,0.0,0.0,0.0,4
116114,0,0,0.15294015115335644,3.0,68.0,22.666666666666668,3.6666666666666665,4.0,2,0.0,0.0,3.0,1
116116,0,0,0.2376293371603065,2.0,52.7,26.35,2.0,3.0,3,0.0,0.0,0.0,2
116118,0,0,0.08477201328042243,3.0,137.4,45.800000000000004,4.0,6.0,18,0.0,0.0,3.0,4
116120,0,0,0.261763202865469,3.0,35.9,11.966666666666667,3.6666666666666665,4.0,2,0.0,0.0,0.0,4
116124,0,0,0.2640095968459462,3.0,27.200000000000003,9.066666666666668,2.3333333333333335,4.0,6,0.0,0.0,2.0,4
116126,0,0,0.1263056296784951,4.0,77.6,19.4,3.25,5.0,8,0.0,0.0,6.0,4
116130,0,0,0.1726156265327908,2.0,73.2,36.6,4.5,3.0,7,0.0,0.0,0.0,1
116137,0,0,0.21720322493481178,3.0,38.7,12.9,3.6666666666666665,4.0,3,0.0,0.0,2.0,4
116140,0,0,0.052780164472407555,9.0,192.1,21.344444444444445,5.222222222222222,10.0,16,0.0,0.0,8.0,1
116144,0,0,0.22111483386675845,1.0,6.3,6.3,6.0,2.0,6,0.0,0.0,0.0,4
116146,0,0,0.09551841045267732,4.0,91.6,22.9,6.0,5.0,5,0.0,0.0,5.0,4
116148,0,0,0.06880773853723593,3.0,118.9,39.63333333333333,4.333333333333333,4.0,4,0.0,0.0,6.0,4
116158,0,0,0.13484187592842986,3.0,87.8,29.266666666666666,2.3333333333333335,4.0,9,0.0,0.0,4.0,3
116159,1,0,0.11127137973713538,5.0,110.2,22.04,4.0,6.0,17,0.0,0.0,5.0,3
116168,0,0,0.08268904112072355,5.0,89.6,17.919999999999998,3.6,6.0,6,0.0,0.0,10.0,4
116179,0,0,0.2695678142588922,3.0,31.900000000000002,10.633333333333335,3.0,4.0,13,0.0,0.0,1.0,3
116188,0,0,0.24396808922499527,2.0,12.1,6.05,4.5,3.0,5,0.0,0.0,1.0,4
116189,0,0,0.2210261505291649,1.0,25.2,25.2,5.0,2.0,5,0.0,0.0,0.0,4
116192,0,0,0.020215620109205214,6.0,220.79999999999998,36.8,3.8333333333333335,6.0,11,0.0,0.0,11.0,4
116205,0,0,0.06722267470751933,5.0,145.2,29.04,4.4,7.0,18,0.0,0.0,6.0,2
116208,0,0,0.295208533110115,2.0,17.3,8.65,2.5,3.0,7,0.0,0.0,0.0,4
116225,0,0,0.06452439802628857,6.0,157.29999999999998,26.216666666666665,4.833333333333333,7.0,15,0.0,0.0,6.0,3
116245,0,0,0.20309757897968933,3.0,38.5,12.833333333333334,3.6666666666666665,4.0,8,0.0,0.0,3.0,4
116250,0,0,0.024282819817784664,6.0,231.6,38.6,4.333333333333333,6.0,17,0.0,0.0,8.0,4
116261,1,0,0.21283983906505666,1.0,35.4,35.4,5.0,2.0,5,0.0,0.0,0.0,4
116278,0,0,0.23877042731008938,3.0,51.800000000000004,17.26666666666667,3.3333333333333335,4.0,4,0.0,0.0,0.0,4
116283,0,0,0.19087792111939883,3.0,54.400000000000006,18.133333333333336,4.333333333333333,4.0,16,0.0,0.0,2.0,4
116298,1,0,0.11577228721523776,5.0,130.9,26.18,4.4,6.0,13,0.0,0.0,2.0,4
116301,0,0,0.061350500612021214,4.0,187.89999999999998,46.974999999999994,3.5,5.0,9,0.0,0.0,2.0,2
116305,0,0,0.11443166573328839,4.0,94.1,23.525,3.5,5.0,5,0.0,0.0,5.0,3
116306,1,0,0.2655366340237895,1.0,11.5,11.5,3.0,2.0,3,0.0,0.0,0.0,4
116309,0,0,0.16476435215159635,3.0,44.2,14.733333333333334,3.6666666666666665,4.0,13,0.0,0.0,5.0,4
116317,0,0,0.23107551415524247,1.0,15.4,15.4,4.0,2.0,11,0.0,0.0,1.0,4
116320,0,0,0.3106014301077674,1.0,2.6,2.6,1.0,2.0,4,0.0,0.0,0.0,1
116332,0,0,0.2138701334529803,1.0,21.2,21.2,6.0,5.0,18,0.0,0.0,0.0,2
116351,0,0,0.2100997907172942,2.0,21.8,10.9,2.0,3.0,5,0.0,0.0,4.0,2
116352,1,0,0.15108893320527206,3.0,90.5,30.166666666666668,2.0,4.0,12,0.0,0.0,3.0,4
116354,0,0,0.17397660931990508,3.0,88.80000000000001,29.600000000000005,3.3333333333333335,4.0,2,0.0,0.0,0.0,2
116359,1,0,0.19278329012616996,2.0,28.1,14.05,6.0,3.0,2,0.0,0.0,1.0,3
116394,0,0,0.06779096330701821,5.0,138.2,27.639999999999997,5.8,6.0,4,0.0,0.0,5.0,4
116395,0,0,0.2379899462199771,3.0,32.5,10.833333333333334,3.6666666666666665,5.0,16,0.0,0.0,2.0,4
116396,0,0,0.18804053231520773,2.0,36.0,18.0,1.0,3.0,6,0.0,0.0,5.0,2
116401,0,0,0.0268283203223878,7.0,177.8,25.400000000000002,4.0,7.0,9,0.0,0.0,14.0,4
116402,0,0,0.13955926787748718,4.0,88.3,22.075,5.25,5.0,6,0.0,0.0,2.0,1
116403,0,0,0.23102539213319545,3.0,26.0,8.666666666666666,4.666666666666667,4.0,14,0.0,0.0,2.0,2
116413,0,0,0.23576537217218063,1.0,21.4,21.4,4.0,2.0,2,0.0,0.0,0.0,1
116427,0,0,0.21988287264286585,1.0,19.1,19.1,4.0,2.0,4,0.0,0.0,1.0,1
116428,0,0,0.1765371751959145,4.0,64.4,16.1,3.25,5.0,14,0.0,0.0,4.0,4
116433,0,0,0.23917239726154094,2.0,32.0,16.0,3.0,3.0,5,1.0,9.99,1.0,2
116435,0,0,0.23453895114165996,3.0,24.5,8.166666666666666,2.3333333333333335,5.0,15,0.0,0.0,4.0,4
116440,0,0,0.08948631182831865,6.0,149.5,24.916666666666668,5.5,8.0,17,0.0,0.0,3.0,1
116448,1,0,0.27600254045319145,2.0,23.700000000000003,11.850000000000001,3.0,3.0,9,0.0,0.0,0.0,4
116456,0,0,0.21175907077748166,1.0,12.0,12.0,6.0,2.0,0,0.0,0.0,0.0,4
116459,1,0,0.16017233875203424,3.0,68.9,22.96666666666667,4.666666666666667,4.0,11,0.0,0.0,2.0,2
116483,0,0,0.23066991941871604,1.0,20.1,20.1,4.0,4.0,18,0.0,0.0,1.0,4
116492,0,0,0.1630622524043646,3.0,74.1,24.7,5.333333333333333,5.0,18,0.0,0.0,1.0,2
116503,0,0,0.017816216261817418,9.0,216.4,24.044444444444444,5.666666666666667,9.0,12,0.0,0.0,15.0,1
116521,0,0,0.20194010660222436,4.0,56.800000000000004,14.200000000000001,3.5,5.0,13,0.0,0.0,3.0,4
116522,0,0,0.14297021019969855,4.0,71.10000000000001,17.775000000000002,4.75,5.0,9,0.0,0.0,4.0,1
116528,0,0,0.20448941624470915,3.0,43.6,14.533333333333333,3.6666666666666665,4.0,12,1.0,1.99,3.0,3
116541,0,0,0.21836080134343339,6.0,82.7,13.783333333333333,2.8333333333333335,6.0,15,0.0,0.0,3.0,4
116543,0,0,0.1664011707746941,5.0,74.5,14.9,3.2,6.0,13,0.0,0.0,5.0,4
116544,1,0,0.15085520889768883,5.0,103.0,20.6,3.2,6.0,13,0.0,0.0,3.0,1
116545,0,0,0.21695703855826573,1.0,62.9,62.9,3.0,2.0,0,0.0,0.0,0.0,2
116547,0,0,0.2502308725721849,2.0,12.0,6.0,4.0,3.0,3,0.0,0.0,1.0,3
116549,0,0,0.29920106911863076,1.0,3.1,3.1,2.0,2.0,11,0.0,0.0,0.0,3
116555,0,0,0.1354510711240323,3.0,46.3,15.433333333333332,3.3333333333333335,4.0,9,0.0,0.0,7.0,4
116556,0,0,0.09809057744165968,3.0,99.3,33.1,6.0,4.0,6,0.0,0.0,3.0,4
116559,0,0,0.020284133233120633,7.0,174.5,24.928571428571427,5.428571428571429,9.0,18,0.0,0.0,16.0,4
116568,0,0,0.03718179542162663,5.0,168.8,33.760000000000005,5.4,6.0,6,0.0,0.0,8.0,4
116579,0,0,0.26919546692617374,2.0,21.4,10.7,2.0,3.0,1,0.0,0.0,1.0,4
116599,1,0,0.2472297835039395,1.0,14.4,14.4,3.0,2.0,9,0.0,0.0,1.0,4
116602,0,0,0.20655588862266894,1.0,33.2,33.2,3.0,2.0,2,0.0,0.0,2.0,4
116603,0,0,0.13868046336056747,3.0,96.6,32.199999999999996,3.3333333333333335,4.0,7,0.0,0.0,2.0,4
116607,0,0,0.2550577872505814,3.0,24.0,8.0,2.0,4.0,6,0.0,0.0,3.0,4
116622,0,0,0.044964749127941656,5.0,171.0,34.2,4.6,6.0,15,0.0,0.0,7.0,3
116643,0,0,0.1508588649879364,5.0,79.0,15.8,3.8,6.0,12,0.0,0.0,5.0,3
116653,0,0,0.06466761002365203,5.0,118.0,23.6,4.6,7.0,16,0.0,0.0,9.0,4
116659,0,0,0.15688984574584747,2.0,48.5,24.25,5.5,3.0,2,0.0,0.0,2.0,2
116673,0,0,0.2750882439157386,2.0,6.9,3.45,5.0,3.0,18,0.0,0.0,0.0,2
116676,0,0,0.3044060794496168,3.0,8.6,2.8666666666666667,2.0,4.0,3,0.0,0.0,2.0,2
116688,0,0,0.24048887201269045,2.0,16.9,8.45,4.0,3.0,3,0.0,0.0,1.0,1
116693,0,0,0.21875000866604885,1.0,4.3,4.3,6.0,2.0,3,0.0,0.0,0.0,2
116698,0,0,0.3081900021983461,4.0,30.8,7.7,4.0,5.0,15,0.0,0.0,0.0,1
116719,0,0,0.1442944830414801,4.0,83.6,20.9,3.5,6.0,15,0.0,0.0,4.0,3
116720,0,0,0.3247898647491767,1.0,1.6,1.6,1.0,2.0,14,0.0,0.0,0.0,4
116722,0,0,0.2003973781923233,1.0,26.7,26.7,6.0,2.0,0,0.0,0.0,0.0,4
116743,0,0,0.16314540112357456,5.0,78.5,15.7,4.0,6.0,11,0.0,0.0,4.0,3
116753,0,0,0.2772034162117761,2.0,18.8,9.4,3.0,3.0,2,0.0,0.0,0.0,3
116757,0,0,0.12344053617203937,2.0,106.5,53.25,5.0,3.0,12,1.0,4.99,1.0,1
116760,0,0,0.20431363468644187,5.0,91.4,18.28,2.0,6.0,13,0.0,0.0,2.0,4
116761,0,0,0.214275236200473,1.0,5.3,5.3,5.0,2.0,3,0.0,0.0,1.0,1
116791,0,0,0.15809187981339676,4.0,54.6,13.65,3.0,5.0,7,0.0,0.0,6.0,2
116804,1,0,0.2692067258773453,2.0,36.5,18.25,2.0,3.0,6,0.0,0.0,0.0,4
116817,0,0,0.19588208586971165,2.0,21.5,10.75,3.5,4.0,15,0.0,0.0,4.0,4
116828,0,0,0.17011338970012527,4.0,53.0,13.25,2.75,5.0,15,0.0,0.0,6.0,4
116831,0,0,0.285747537848512,1.0,6.9,6.9,2.0,2.0,1,0.0,0.0,0.0,3
116833,0,0,0.28165109608318767,4.0,21.4,5.35,3.0,6.0,18,0.0,0.0,3.0,1
116834,0,0,0.20747656910118953,2.0,18.5,9.25,5.0,3.0,8,0.0,0.0,2.0,2
116837,0,0,0.30961991297668856,4.0,34.4,8.6,3.25,5.0,7,0.0,0.0,0.0,4
116839,0,0,0.24724835633124131,1.0,33.8,33.8,3.0,2.0,5,0.0,0.0,0.0,4
116848,0,0,0.22368867874843182,2.0,18.0,9.0,5.0,3.0,2,0.0,0.0,1.0,4
116856,0,0,0.280952097588821,3.0,9.5,3.1666666666666665,2.3333333333333335,4.0,11,0.0,0.0,3.0,2
116859,0,0,0.2250101576100364,1.0,20.7,20.7,4.0,2.0,9,0.0,0.0,1.0,4
116863,0,0,0.13770178514298045,4.0,80.2,20.05,4.5,5.0,14,0.0,0.0,4.0,3
116873,0,0,0.15782740672903128,4.0,87.3,21.825,5.0,5.0,3,0.0,0.0,1.0,4
116880,0,0,0.2706670567385019,3.0,28.6,9.533333333333333,1.6666666666666667,4.0,4,0.0,0.0,2.0,3
116888,0,0,0.3069307327487697,2.0,12.1,6.05,2.0,3.0,2,0.0,0.0,0.0,1
116901,0,0,0.20643461081559455,2.0,34.8,17.4,1.0,3.0,3,0.0,0.0,4.0,4
116904,0,0,0.24083355190389746,1.0,22.4,22.4,4.0,2.0,7,0.0,0.0,0.0,3
116905,0,0,0.24706792010291767,5.0,30.8,6.16,3.4,6.0,17,0.0,0.0,5.0,4
116907,0,0,0.1919667375646802,1.0,16.3,16.3,7.0,2.0,0,0.0,0.0,0.0,2
116920,0,0,0.08650421398012888,5.0,116.1,23.22,3.6,6.0,10,0.0,0.0,7.0,4
116921,0,0,0.22836837663875093,1.0,35.5,35.5,3.0,2.0,10,0.0,0.0,1.0,2
116925,0,0,0.18198099572953244,2.0,46.800000000000004,23.400000000000002,4.0,3.0,5,0.0,0.0,2.0,4
116949,0,0,0.001812627183922298,7.0,413.6,59.08571428571429,4.714285714285714,9.0,18,0.0,0.0,13.0,4
116954,0,0,0.19761753839217774,2.0,24.3,12.15,1.5,3.0,5,0.0,0.0,5.0,4
116955,0,0,0.03000848514575534,8.0,244.5,30.5625,4.375,9.0,15,0.0,0.0,7.0,4
116959,0,0,0.21354885175166574,2.0,45.1,22.55,3.5,4.0,15,0.0,0.0,1.0,1
116961,0,0,0.3306314513961602,5.0,36.6,7.32,2.8,6.0,12,0.0,0.0,1.0,4
116971,0,0,0.04800580089624065,4.0,185.60000000000002,46.400000000000006,5.0,6.0,18,1.0,4.99,4.0,3
116980,0,0,0.12605230946414228,4.0,98.4,24.6,4.75,7.0,18,0.0,0.0,3.0,4
116983,0,0,0.24387594517431255,3.0,35.3,11.766666666666666,3.6666666666666665,4.0,6,0.0,0.0,1.0,2
116986,0,0,0.2705258847419208,1.0,10.5,10.5,2.0,2.0,12,0.0,0.0,1.0,3
116995,0,0,0.27787214699259893,1.0,16.1,16.1,2.0,2.0,1,0.0,0.0,0.0,4
116997,1,0,0.25897966370944014,1.0,44.5,44.5,2.0,2.0,11,0.0,0.0,0.0,2
117007,0,0,0.16889741955582177,5.0,100.2,20.04,2.2,6.0,13,0.0,0.0,3.0,3
117012,0,0,0.28006230808444055,2.0,19.0,9.5,2.0,3.0,10,0.0,0.0,1.0,2
117021,0,0,0.3172000933905507,3.0,33.3,11.1,1.6666666666666667,4.0,14,0.0,0.0,0.0,4
117028,0,0,0.2845792878784142,2.0,19.6,9.8,1.5,3.0,4,0.0,0.0,1.0,4
117035,0,0,0.20138669622419006,2.0,43.6,21.8,4.0,3.0,5,0.0,0.0,1.0,1
117042,0,0,0.22409082281621287,2.0,24.4,12.2,5.5,3.0,1,0.0,0.0,0.0,4
117053,0,0,0.06984836126215276,7.0,199.4,28.485714285714288,4.0,7.0,12,1.0,4.99,3.0,2
117054,0,0,0.1669854966455911,2.0,31.200000000000003,15.600000000000001,3.5,3.0,14,0.0,0.0,5.0,4
117059,0,0,0.1295190926578883,4.0,101.0,25.25,3.5,5.0,5,0.0,0.0,3.0,2
117078,0,0,0.2969726350296006,1.0,18.2,18.2,1.0,2.0,5,0.0,0.0,0.0,2
117096,0,0,0.24324415173193265,5.0,56.7,11.34,4.6,6.0,6,0.0,0.0,1.0,3
117102,0,0,0.290665824171344,2.0,24.700000000000003,12.350000000000001,1.0,3.0,10,0.0,0.0,1.0,4
117105,0,0,0.22951171948506618,4.0,56.699999999999996,14.174999999999999,3.0,5.0,14,0.0,0.0,2.0,4
117110,0,0,0.20541494760307857,1.0,20.5,20.5,5.0,2.0,4,0.0,0.0,1.0,4
117111,0,0,0.14731181931581624,4.0,46.0,11.5,5.25,5.0,13,0.0,0.0,6.0,3
117112,0,0,0.17900527352280013,2.0,42.6,21.3,2.5,3.0,10,0.0,0.0,4.0,4
117115,0,0,0.21338207419613728,2.0,55.699999999999996,27.849999999999998,3.5,3.0,7,0.0,0.0,0.0,4
117117,0,0,0.09086519148665254,5.0,126.69999999999999,25.339999999999996,4.2,6.0,12,0.0,0.0,5.0,4
117120,0,0,0.26312759546183,2.0,32.3,16.15,3.0,5.0,17,0.0,0.0,0.0,1
117123,0,0,0.21228861620041073,5.0,43.6,8.72,3.4,6.0,9,0.0,0.0,5.0,1
117126,0,0,0.1983764359303559,2.0,47.1,23.55,1.5,3.0,3,0.0,0.0,3.0,3
117128,0,0,0.0916675539782937,5.0,119.4,23.880000000000003,4.0,6.0,7,1.0,1.99,6.0,3
117134,0,0,0.2819674099750927,1.0,11.8,11.8,2.0,2.0,1,0.0,0.0,0.0,4
117137,0,0,0.12198836465627913,5.0,79.8,15.959999999999999,5.0,6.0,10,0.0,0.0,6.0,2
117145,0,0,0.13346077825926725,3.0,61.9,20.633333333333333,5.0,4.0,2,0.0,0.0,4.0,4
117155,0,0,0.2708674645302166,2.0,17.3,8.65,2.5,3.0,5,0.0,0.0,1.0,4
117165,0,0,0.15339671120000034,4.0,100.5,25.125,5.0,5.0,5,0.0,0.0,0.0,2
117207,0,0,0.2797152104405203,2.0,18.099999999999998,9.049999999999999,2.0,3.0,6,0.0,0.0,1.0,4
117208,0,0,0.19431922101017263,2.0,57.7,28.85,2.0,3.0,3,0.0,0.0,2.0,4
117211,0,0,0.28403715278780206,2.0,9.9,4.95,2.5,3.0,5,0.0,0.0,1.0,4
117221,0,0,0.20296973727155518,2.0,64.9,32.45,3.0,3.0,1,0.0,0.0,0.0,4
117251,0,0,0.2831154023693135,3.0,21.2,7.066666666666666,3.0,4.0,6,0.0,0.0,1.0,1
117280,0,0,0.03488288838229719,5.0,94.5,18.9,3.8,7.0,17,0.0,0.0,18.0,4
117283,0,0,0.2852350708801268,1.0,7.4,7.4,2.0,2.0,0,0.0,0.0,0.0,4
117293,0,0,0.12394422427798407,5.0,108.6,21.72,4.8,6.0,8,0.0,0.0,3.0,3
117299,1,0,0.3047780597763714,3.0,11.9,3.966666666666667,3.0,4.0,5,0.0,0.0,1.0,4
117305,0,0,0.25664494907340824,3.0,46.0,15.333333333333334,3.3333333333333335,4.0,4,1.0,4.99,0.0,4
117308,0,0,0.23644803503572903,1.0,21.5,21.5,4.0,2.0,0,0.0,0.0,0.0,4
117342,0,0,0.2373552302040819,3.0,19.2,6.3999999999999995,2.6666666666666665,4.0,12,0.0,0.0,4.0,4
117350,0,0,0.22843683275322962,1.0,32.0,32.0,4.0,2.0,1,0.0,0.0,0.0,4
117358,0,0,0.05457377262829243,4.0,156.0,39.0,2.75,5.0,9,0.0,0.0,7.0,4
117361,0,0,0.0017037086695442156,11.0,357.3,32.481818181818184,5.545454545454546,10.0,13,0.0,0.0,24.0,4
117362,1,0,0.2658463714683996,1.0,17.7,17.7,3.0,6.0,18,0.0,0.0,0.0,1
117366,0,0,0.1627483723750208,3.0,30.9,10.299999999999999,2.6666666666666665,4.0,8,0.0,0.0,7.0,4
117371,0,0,0.15807930509885118,4.0,87.7,21.925,3.75,5.0,3,0.0,0.0,2.0,4
117374,0,0,0.17318939881155038,4.0,53.0,13.25,3.25,5.0,7,0.0,0.0,5.0,3
117377,0,0,0.10041393921730797,3.0,58.6,19.533333333333335,4.666666666666667,4.0,7,1.0,4.99,8.0,3
117381,0,0,0.16666614334176685,2.0,67.2,33.6,3.0,3.0,1,0.0,0.0,2.0,4
117385,0,0,0.11353435945643481,2.0,36.9,18.45,7.0,3.0,2,0.0,0.0,5.0,1
117388,0,0,0.19159091552329907,5.0,61.3,12.26,3.8,6.0,6,0.0,0.0,4.0,4
117393,0,0,0.12898062877842892,4.0,91.8,22.95,3.75,5.0,12,0.0,0.0,4.0,1
117404,0,0,0.2486579034212205,3.0,25.5,8.5,4.666666666666667,4.0,9,0.0,0.0,1.0,3
117408,0,0,0.16579440892407007,6.0,103.2,17.2,3.6666666666666665,9.0,17,0.0,0.0,3.0,1
117409,0,0,0.225649787173521,4.0,50.3,12.575,2.5,5.0,8,0.0,0.0,3.0,4
117410,0,0,0.2880546653613308,2.0,15.6,7.8,2.0,3.0,10,0.0,0.0,1.0,4
117418,0,0,0.18798711197147402,2.0,47.400000000000006,23.700000000000003,4.5,3.0,2,0.0,0.0,1.0,3
117439,0,0,0.25506452978354377,1.0,16.5,16.5,2.0,2.0,3,0.0,0.0,1.0,1
117445,0,0,0.04396257421903321,7.0,216.8,30.97142857142857,4.285714285714286,7.0,12,0.0,0.0,5.0,2
117449,0,0,0.13083135060354842,3.0,88.6,29.53333333333333,2.6666666666666665,4.0,9,0.0,0.0,4.0,4
117460,0,0,0.2071698465363169,3.0,61.9,20.633333333333333,3.0,4.0,7,0.0,0.0,1.0,1
117479,0,0,0.11864837639019125,2.0,52.5,26.25,7.0,4.0,17,0.0,0.0,4.0,4
117484,0,0,0.14164495970757085,4.0,112.3,28.075,2.5,5.0,8,0.0,0.0,2.0,4
117487,0,0,0.29235653498240294,2.0,13.6,6.8,3.0,3.0,8,0.0,0.0,0.0,3
117496,0,0,0.19416484331323444,1.0,16.7,16.7,6.0,2.0,8,0.0,0.0,1.0,1
117503,0,0,0.3412102366843268,3.0,23.0,7.666666666666667,1.6666666666666667,5.0,17,0.0,0.0,0.0,3
117508,0,0,0.2523067783047329,1.0,24.5,24.5,2.0,2.0,6,0.0,0.0,1.0,3
117519,0,0,0.30928092138688984,1.0,6.8,6.8,1.0,2.0,4,0.0,0.0,0.0,4
117521,1,0,0.2840712543806342,1.0,2.8,2.8,3.0,2.0,15,0.0,0.0,0.0,3
117523,0,0,0.1368123487567829,6.0,145.1,24.183333333333334,4.166666666666667,6.0,5,0.0,0.0,0.0,4
117524,0,0,0.11770085573863509,2.0,119.0,59.5,3.0,4.0,16,0.0,0.0,2.0,2
117527,0,0,0.13061116626127037,4.0,94.8,23.7,3.25,5.0,8,1.0,9.99,4.0,1
117537,0,0,0.21948011505715764,2.0,10.8,5.4,2.5,3.0,6,0.0,0.0,4.0,2
117547,0,0,0.2656219178660057,2.0,26.599999999999998,13.299999999999999,3.5,5.0,16,0.0,0.0,0.0,4
117550,0,0,0.21603901573526646,1.0,26.4,26.4,5.0,2.0,0,0.0,0.0,0.0,4
117571,0,0,0.09065552036102702,9.0,164.0,18.22222222222222,3.888888888888889,9.0,14,0.0,0.0,7.0,3
117588,0,0,0.23906427874913516,2.0,43.4,21.7,3.0,3.0,7,0.0,0.0,0.0,2
117602,0,0,0.24999034233974363,1.0,45.5,45.5,2.0,2.0,0,0.0,0.0,0.0,4
117603,1,0,0.30062288394685727,4.0,44.3,11.075,2.75,5.0,14,0.0,0.0,0.0,1
117605,0,0,0.060418383724982976,4.0,169.3,42.325,5.75,5.0,5,0.0,0.0,2.0,4
117607,0,0,0.19939277525177612,3.0,38.8,12.933333333333332,4.333333333333333,4.0,17,0.0,0.0,3.0,4
117631,0,0,0.3086901606738575,1.0,2.5,2.5,1.0,2.0,2,0.0,0.0,0.0,1
117640,0,0,0.22666440458359652,2.0,33.8,16.9,4.5,3.0,2,0.0,0.0,0.0,4
117646,0,0,0.2688661009231151,1.0,24.7,24.7,2.0,2.0,0,0.0,0.0,0.0,4
117664,0,0,0.2652709638710663,1.0,8.8,8.8,3.0,2.0,0,0.0,0.0,0.0,4
117666,0,0,0.16145972790067512,4.0,81.3,20.325,2.5,6.0,17,0.0,0.0,4.0,4
117667,0,0,0.14448664464940864,2.0,35.2,17.6,4.5,3.0,5,0.0,0.0,5.0,4
117674,0,0,0.27281259633279514,3.0,45.3,15.1,2.3333333333333335,4.0,8,0.0,0.0,0.0,4
117678,0,0,0.13486468233769552,4.0,76.4,19.1,4.75,5.0,5,0.0,0.0,4.0,3
117679,0,0,0.11976891144267408,6.0,129.5,21.583333333333332,3.1666666666666665,6.0,11,0.0,0.0,4.0,1
117680,0,0,0.1030845611199736,5.0,114.0,22.8,4.2,6.0,11,0.0,0.0,5.0,4
117686,0,0,0.2836956458252965,1.0,21.6,21.6,2.0,3.0,15,0.0,0.0,0.0,3
117707,0,0,0.11837816165046332,4.0,66.3,16.575,3.25,5.0,13,0.0,0.0,8.0,4
117731,0,0,0.23539737612984332,2.0,34.8,17.4,3.0,3.0,9,0.0,0.0,1.0,3
117737,0,0,0.22192226452062713,2.0,37.4,18.7,4.5,3.0,3,0.0,0.0,0.0,4
117740,0,0,0.25443509091572547,2.0,20.4,10.2,3.5,4.0,16,0.0,0.0,1.0,2
117743,0,0,0.2076992744982641,3.0,61.400000000000006,20.46666666666667,2.3333333333333335,4.0,5,1.0,1.99,2.0,3
117746,1,0,0.12155974610016021,4.0,98.1,24.525,2.75,5.0,13,0.0,0.0,5.0,4
117762,0,0,0.3172944266933469,1.0,2.0,2.0,1.0,2.0,10,0.0,0.0,0.0,1
117763,0,0,0.21242124175021534,2.0,47.900000000000006,23.950000000000003,4.0,3.0,1,0.0,0.0,0.0,4
117764,0,0,0.20404130295725678,1.0,17.4,17.4,5.0,2.0,2,0.0,0.0,1.0,1
117765,0,0,0.07563223650622092,5.0,122.5,24.5,5.8,7.0,16,0.0,0.0,6.0,4
117771,0,0,0.28784314747917605,1.0,4.7,4.7,2.0,2.0,0,0.0,0.0,0.0,4
117775,0,0,0.12580001304358854,3.0,81.9,27.3,4.666666666666667,4.0,3,0.0,0.0,3.0,2
117781,0,0,0.2702419501325312,1.0,3.8,3.8,2.0,2.0,4,0.0,0.0,1.0,4
117800,0,0,0.2823391315968649,2.0,25.1,12.55,1.5,3.0,13,0.0,0.0,1.0,3
117804,0,0,0.26995682547343647,3.0,29.4,9.799999999999999,3.0,4.0,7,0.0,0.0,1.0,4
117806,0,0,0.2333153213913245,4.0,40.1,10.025,2.25,5.0,12,0.0,0.0,4.0,4
117813,1,0,0.23134978409682128,2.0,14.0,7.0,5.5,4.0,16,0.0,0.0,1.0,3
117824,0,0,0.06255631388034691,4.0,77.19999999999999,19.299999999999997,5.5,5.0,5,0.0,0.0,11.0,4
117833,0,0,0.15305611935480415,4.0,70.89999999999999,17.724999999999998,5.25,5.0,11,0.0,0.0,3.0,2
117839,0,0,0.28428604537290114,3.0,36.7,12.233333333333334,2.6666666666666665,4.0,8,0.0,0.0,0.0,4
117852,1,0,0.18105326542830677,4.0,77.5,19.375,3.5,5.0,9,0.0,0.0,2.0,4
117871,1,0,0.2088691310449054,2.0,26.700000000000003,13.350000000000001,3.0,3.0,10,0.0,0.0,3.0,1
117881,0,0,0.33051742454721056,3.0,24.0,8.0,2.0,6.0,17,0.0,0.0,0.0,3
117882,0,0,0.1665003091518721,3.0,51.0,17.0,3.6666666666666665,4.0,7,0.0,0.0,4.0,4
117883,0,0,0.05628668062816483,4.0,134.8,33.7,3.5,5.0,5,0.0,0.0,8.0,4
117884,0,0,0.15175138184003503,3.0,59.0,19.666666666666668,5.0,4.0,4,0.0,0.0,3.0,4
117893,0,0,0.1963828623574291,3.0,58.400000000000006,19.46666666666667,4.0,4.0,5,0.0,0.0,1.0,1
117904,1,0,0.11750861256399202,4.0,92.5,23.125,4.0,6.0,18,0.0,0.0,5.0,4
117912,0,0,0.2786259347970914,2.0,20.3,10.15,2.0,3.0,9,0.0,0.0,1.0,4
117919,0,0,0.28380173559194966,3.0,25.1,8.366666666666667,3.6666666666666665,4.0,4,0.0,0.0,0.0,2
117920,0,0,0.10603511600633074,4.0,87.7,21.925,3.0,5.0,8,0.0,0.0,7.0,4
117921,1,0,0.259746822470782,3.0,37.3,12.433333333333332,1.6666666666666667,4.0,13,0.0,0.0,2.0,1
117924,0,0,0.2715196099102892,3.0,24.1,8.033333333333333,2.6666666666666665,4.0,14,0.0,0.0,2.0,4
117927,0,0,0.14472727599884944,4.0,106.1,26.525,3.5,5.0,12,1.0,4.99,2.0,3
117928,0,0,0.012022117150737702,6.0,315.1,52.51666666666667,4.833333333333333,6.0,13,0.0,0.0,5.0,2
117934,0,0,0.20473499182465113,1.0,41.8,41.8,5.0,2.0,1,0.0,0.0,0.0,4
117937,0,0,0.2476243109080456,1.0,8.7,8.7,4.0,2.0,3,0.0,0.0,0.0,1
117938,0,0,0.17375558481563444,4.0,63.3,15.825,4.75,6.0,16,0.0,0.0,3.0,3
117947,0,0,0.13363446304254537,5.0,125.39999999999999,25.08,4.2,6.0,9,0.0,0.0,1.0,2
117950,0,0,0.2579950553579154,4.0,31.2,7.8,3.0,5.0,11,0.0,0.0,3.0,4
117971,0,0,0.22826020936896388,1.0,9.5,9.5,5.0,2.0,0,0.0,0.0,0.0,2
117980,0,0,0.26522474139244856,2.0,27.2,13.6,3.0,3.0,4,0.0,0.0,0.0,4
117987,0,0,0.10060820510914721,4.0,124.9,31.225,3.25,6.0,18,0.0,0.0,4.0,4
117990,0,0,0.21188510429546986,3.0,41.2,13.733333333333334,3.0,4.0,12,0.0,0.0,3.0,4
117999,0,0,0.2257976709453479,4.0,46.400000000000006,11.600000000000001,3.25,5.0,14,0.0,0.0,3.0,4
118002,1,0,0.2345533657381725,1.0,18.5,18.5,5.0,3.0,16,0.0,0.0,0.0,4
118011,0,0,0.14498658179009458,4.0,97.0,24.25,3.75,5.0,3,0.0,0.0,2.0,4
118021,0,0,0.10604512045660802,2.0,110.80000000000001,55.400000000000006,4.5,3.0,4,0.0,0.0,2.0,2
118028,0,0,0.13533213959812448,4.0,78.9,19.725,2.5,5.0,13,0.0,0.0,6.0,4
118037,1,0,0.2780978495664139,3.0,45.8,15.266666666666666,2.0,4.0,11,0.0,0.0,0.0,1
118041,0,0,0.24731812018570284,3.0,52.6,17.533333333333335,3.3333333333333335,5.0,17,0.0,0.0,0.0,4
118048,0,0,0.1387543397267555,6.0,81.8,13.633333333333333,2.6666666666666665,6.0,10,0.0,0.0,8.0,4
118050,0,0,0.17961453651723908,2.0,54.2,27.1,4.5,3.0,2,0.0,0.0,1.0,4
118052,0,0,0.1183775637157269,5.0,112.1,22.419999999999998,3.0,7.0,17,0.0,0.0,5.0,4
118068,1,0,0.28397767963164267,1.0,18.7,18.7,2.0,2.0,11,0.0,0.0,0.0,3
118072,0,0,0.238397537552526,3.0,52.0,17.333333333333332,3.3333333333333335,4.0,4,0.0,0.0,0.0,4
118080,0,0,0.20733660398304687,2.0,36.3,18.15,4.5,3.0,7,0.0,0.0,1.0,3
118082,0,0,0.21251380511218063,2.0,60.7,30.35,2.0,3.0,10,0.0,0.0,1.0,3
118084,0,0,0.26398981917472647,1.0,7.3,7.3,3.0,2.0,0,0.0,0.0,0.0,1
118085,0,0,0.19251688323357788,2.0,42.5,21.25,3.0,5.0,18,0.0,0.0,3.0,4
118086,0,0,0.28129454980158375,1.0,13.5,13.5,2.0,2.0,2,0.0,0.0,0.0,4
118087,0,0,0.03580664396641668,7.0,192.4,27.485714285714288,5.142857142857143,9.0,18,0.0,0.0,9.0,3
118103,0,0,0.19024731397531783,3.0,45.800000000000004,15.266666666666667,4.666666666666667,4.0,3,0.0,0.0,2.0,4
118106,0,0,0.17857176261768,2.0,60.3,30.15,4.5,3.0,12,0.0,0.0,1.0,4
118107,0,0,0.2647211796658468,2.0,14.7,7.35,2.0,3.0,7,0.0,0.0,2.0,4
118111,0,0,0.07787167605676042,6.0,124.2,20.7,3.1666666666666665,6.0,7,1.0,9.99,9.0,4
118114,0,0,0.23433532592061196,1.0,2.3,2.3,5.0,2.0,1,0.0,0.0,0.0,1
118131,0,0,0.25517524798909874,2.0,14.0,7.0,3.0,3.0,15,0.0,0.0,2.0,4
118141,0,0,0.2675849279482213,4.0,37.900000000000006,9.475000000000001,3.0,6.0,15,0.0,0.0,2.0,4
118144,0,0,0.26748291654067724,3.0,27.3,9.1,2.3333333333333335,4.0,10,0.0,0.0,2.0,4
118146,0,0,0.275477558711139,2.0,7.0,3.5,2.5,3.0,14,0.0,0.0,2.0,4
118156,0,0,0.17395630623780586,3.0,37.2,12.4,3.3333333333333335,4.0,5,0.0,0.0,5.0,4
118157,0,0,0.060826904469175935,5.0,157.2,31.439999999999998,4.0,6.0,14,0.0,0.0,6.0,3
118200,1,0,0.17082629011673403,6.0,105.5,17.583333333333332,3.0,6.0,11,0.0,0.0,3.0,3
118205,0,0,0.22196056547706183,2.0,48.1,24.05,2.5,3.0,7,0.0,0.0,1.0,4
118207,0,0,0.16839376906671338,2.0,71.6,35.8,2.5,3.0,2,0.0,0.0,2.0,4
118210,0,0,0.24036982401979076,2.0,28.0,14.0,3.0,3.0,2,0.0,0.0,1.0,3
118214,0,0,0.2363187590304362,1.0,0.9,0.9,5.0,2.0,0,0.0,0.0,0.0,3
118224,0,0,0.0432025582034342,6.0,192.10000000000002,32.01666666666667,5.0,6.0,14,0.0,0.0,6.0,2
118229,0,0,0.08038545623481287,5.0,110.0,22.0,4.8,6.0,5,0.0,0.0,7.0,1
118231,0,0,0.24841969893003135,5.0,76.8,15.36,3.4,6.0,10,1.0,9.98,0.0,2
118232,1,0,0.26896255008570985,2.0,25.099999999999998,12.549999999999999,3.0,3.0,7,0.0,0.0,0.0,1
118252,0,0,0.0564381237192956,2.0,164.9,82.45,5.5,3.0,2,0.0,0.0,3.0,4
118262,0,0,0.24056123335952842,2.0,22.599999999999998,11.299999999999999,3.5,3.0,1,0.0,0.0,1.0,4
118266,0,0,0.3166252289088973,5.0,41.4,8.28,2.8,6.0,10,0.0,0.0,1.0,4
118268,0,0,0.11906313480417854,5.0,96.6,19.32,3.2,6.0,8,0.0,0.0,6.0,3
118278,0,0,0.07076486592399327,4.0,145.89999999999998,36.474999999999994,5.5,5.0,5,0.0,0.0,3.0,4
118286,0,0,0.17021124067272395,3.0,69.8,23.266666666666666,4.666666666666667,4.0,3,0.0,0.0,1.0,4
118288,0,0,0.23944144838612128,4.0,33.7,8.425,3.5,5.0,7,1.0,49.99,2.0,4
118298,0,0,0.15410487774149703,3.0,95.2,31.733333333333334,4.333333333333333,4.0,5,0.0,0.0,0.0,2
118311,1,0,0.2669236869645798,3.0,43.1,14.366666666666667,3.0,4.0,13,0.0,0.0,0.0,1
118312,0,0,0.18789368106604,5.0,72.1,14.419999999999998,3.2,6.0,17,0.0,0.0,4.0,2
118332,0,0,0.2694093706348424,1.0,28.1,28.1,2.0,2.0,4,0.0,0.0,0.0,4
118334,0,0,0.15938247932291508,3.0,40.0,13.333333333333334,3.3333333333333335,6.0,17,0.0,0.0,6.0,2
118342,1,0,0.2361401191069747,4.0,48.2,12.05,3.5,5.0,13,0.0,0.0,2.0,3
118353,0,0,0.11210598219702528,3.0,99.5,33.166666666666664,4.333333333333333,4.0,6,0.0,0.0,3.0,3
118358,0,0,0.06376071475295957,6.0,148.5,24.75,5.833333333333333,6.0,9,0.0,0.0,6.0,3
118365,0,0,0.16627815630798806,3.0,35.5,11.833333333333334,3.3333333333333335,6.0,16,0.0,0.0,6.0,4
118371,0,0,0.14468022873873157,3.0,116.6,38.86666666666667,2.6666666666666665,5.0,18,1.0,4.99,1.0,4
118374,0,0,0.24362592192066393,2.0,36.9,18.45,3.0,3.0,1,0.0,0.0,0.0,1
118375,0,0,0.2343177546964816,2.0,40.0,20.0,3.5,3.0,3,0.0,0.0,0.0,4
118391,0,0,0.21711454352215465,3.0,49.7,16.566666666666666,4.0,4.0,10,0.0,0.0,1.0,4
118404,0,0,0.08445737902065636,3.0,139.8,46.6,5.333333333333333,4.0,2,0.0,0.0,1.0,1
118418,0,0,0.1458479162759034,5.0,83.3,16.66,4.4,6.0,15,1.0,1.99,5.0,4
118427,0,0,0.2548055164675877,5.0,53.900000000000006,10.780000000000001,3.4,6.0,13,0.0,0.0,2.0,2
118438,0,0,0.12587227074381274,5.0,94.6,18.919999999999998,4.2,6.0,13,0.0,0.0,5.0,3
118453,0,0,0.2153961545603605,4.0,73.4,18.35,3.0,5.0,13,0.0,0.0,1.0,3
118458,1,0,0.22186097331415314,1.0,17.6,17.6,4.0,2.0,3,0.0,0.0,1.0,3
118474,0,0,0.10003366378224071,3.0,109.0,36.333333333333336,5.0,7.0,18,0.0,0.0,3.0,2
118483,0,0,0.21424354959243141,4.0,38.6,9.65,3.5,5.0,10,0.0,0.0,4.0,4
118489,1,0,0.28357053760838513,1.0,17.1,17.1,2.0,2.0,8,0.0,0.0,0.0,4
118500,0,0,0.06923923964032057,4.0,102.7,25.675,4.25,6.0,17,0.0,0.0,9.0,4
118515,0,0,0.1871137338122945,2.0,80.2,40.1,1.5,3.0,5,0.0,0.0,1.0,1
118520,1,0,0.2661014231470185,3.0,45.6,15.200000000000001,2.6666666666666665,4.0,9,0.0,0.0,0.0,3
118534,0,0,0.2846638644990794,1.0,5.1,5.1,2.0,2.0,0,0.0,0.0,0.0,1
118536,0,0,0.1617705575255656,3.0,81.4,27.133333333333336,4.0,4.0,5,0.0,0.0,1.0,1
118541,0,0,0.1627464033840655,4.0,69.2,17.3,5.5,5.0,4,0.0,0.0,2.0,2
118546,0,0,0.19107502670916263,3.0,34.4,11.466666666666667,4.0,4.0,14,0.0,0.0,4.0,3
118560,0,0,0.24585204232505906,3.0,39.4,13.133333333333333,3.0,4.0,3,0.0,0.0,1.0,3
118567,0,0,0.2542715824247598,2.0,4.5,2.25,3.5,3.0,6,0.0,0.0,2.0,4
118574,0,0,0.2522244524548754,3.0,41.4,13.799999999999999,4.0,4.0,10,0.0,0.0,0.0,4
118576,0,0,0.1638145633069822,3.0,83.1,27.7,2.6666666666666665,4.0,6,0.0,0.0,2.0,4
118582,0,0,0.2155639874800948,3.0,69.4,23.133333333333336,2.6666666666666665,4.0,2,0.0,0.0,0.0,3
118586,0,0,0.0943564290303141,4.0,96.4,24.1,4.5,5.0,7,0.0,0.0,6.0,4
118593,0,0,0.26150534060847347,1.0,14.9,14.9,3.0,2.0,2,0.0,0.0,0.0,4
118596,1,0,0.17220803946601398,3.0,80.0,26.666666666666668,2.6666666666666665,4.0,12,0.0,0.0,2.0,4
118604,1,0,0.2593984483516489,2.0,7.8,3.9,3.0,3.0,8,0.0,0.0,2.0,4
118635,0,0,0.096248362177313,4.0,96.39999999999999,24.099999999999998,5.25,5.0,5,0.0,0.0,5.0,2
118638,0,0,0.25548127091813655,3.0,40.0,13.333333333333334,3.0,6.0,17,0.0,0.0,1.0,4
118641,0,0,0.2794470093162805,1.0,4.6,4.6,2.0,3.0,16,0.0,0.0,1.0,4
118643,0,0,0.21510470465100437,1.0,11.2,11.2,5.0,2.0,9,0.0,0.0,1.0,2
118650,1,0,0.2643471383387239,3.0,26.8,8.933333333333334,2.6666666666666665,4.0,8,1.0,9.99,2.0,4
118663,0,0,0.23325316127509732,1.0,8.2,8.2,3.0,2.0,10,0.0,0.0,2.0,4
118679,0,0,0.18507474070924146,4.0,61.7,15.425,2.75,5.0,11,0.0,0.0,4.0,3
118682,0,0,0.0973886616999592,4.0,121.2,30.3,4.0,7.0,18,0.0,0.0,4.0,4
118688,0,0,0.21287703593189788,3.0,57.5,19.166666666666668,2.3333333333333335,4.0,14,0.0,0.0,2.0,2
118689,0,0,0.1282608384816653,6.0,95.6,15.933333333333332,3.3333333333333335,7.0,16,0.0,0.0,7.0,4
118705,0,0,0.21036778513578366,1.0,13.8,13.8,6.0,2.0,1,0.0,0.0,0.0,3
118720,0,0,0.009942958027149609,8.0,282.3,35.2875,3.25,8.0,14,0.0,0.0,14.0,3
118725,0,0,0.1313621574421759,3.0,95.6,31.866666666666664,3.3333333333333335,4.0,15,0.0,0.0,3.0,4
118728,0,0,0.06104137968563779,4.0,129.5,32.375,3.25,5.0,6,0.0,0.0,8.0,4
118733,0,0,0.22692786923350472,3.0,27.6,9.200000000000001,4.333333333333333,4.0,4,0.0,0.0,2.0,4
118736,1,0,0.26854338254308996,2.0,23.400000000000002,11.700000000000001,2.5,3.0,14,0.0,0.0,1.0,4
118744,1,0,0.22510127738781363,1.0,1.2,1.2,4.0,2.0,14,0.0,0.0,2.0,3
118754,0,0,0.07324790373736836,5.0,136.0,27.2,4.2,6.0,11,0.0,0.0,6.0,1
118762,0,0,0.12640841021066987,2.0,73.3,36.65,3.0,5.0,17,0.0,0.0,5.0,4
118770,0,0,0.03977830443513194,5.0,125.89999999999999,25.18,5.6,8.0,18,0.0,0.0,12.0,4
118787,0,0,0.2344774285964526,1.0,44.6,44.6,3.0,2.0,1,0.0,0.0,0.0,4
118793,0,0,0.23128826566055807,4.0,49.8,12.45,3.5,5.0,10,0.0,0.0,2.0,4
118798,0,0,0.21885853775288927,3.0,53.7,17.900000000000002,3.0,4.0,2,0.0,0.0,1.0,3
118804,1,0,0.27936123690503933,1.0,21.6,21.6,2.0,2.0,11,0.0,0.0,0.0,1
118806,0,0,0.12898218568155823,4.0,79.1,19.775,4.0,5.0,8,0.0,0.0,5.0,4
118812,1,0,0.2796659953906579,4.0,45.2,11.3,2.5,5.0,13,0.0,0.0,1.0,1
118813,0,0,0.2484518786556983,3.0,15.3,5.1000000000000005,3.3333333333333335,4.0,8,0.0,0.0,3.0,2
118831,0,0,0.1948514493441294,5.0,85.4,17.080000000000002,4.4,6.0,13,0.0,0.0,1.0,1
118833,0,0,0.22649757384467817,2.0,17.6,8.8,2.5,3.0,2,0.0,0.0,3.0,4
118835,0,0,0.07857674303839988,6.0,139.4,23.233333333333334,5.0,6.0,9,1.0,4.99,6.0,4
118836,0,0,0.27091173527281226,2.0,13.6,6.8,3.0,3.0,8,0.0,0.0,1.0,4
118856,0,0,0.2747459320601326,1.0,20.5,20.5,2.0,2.0,5,0.0,0.0,0.0,1
118866,0,0,0.2795721330380953,1.0,0.5,0.5,3.0,2.0,7,0.0,0.0,0.0,4
118870,0,0,0.165638377446619,8.0,151.29999999999998,18.912499999999998,3.5,9.0,17,0.0,0.0,1.0,1
118884,0,0,0.23328478331652946,3.0,37.3,12.433333333333332,3.3333333333333335,4.0,3,1.0,1.99,2.0,4
118886,1,0,0.2666331875723308,1.0,13.3,13.3,3.0,2.0,6,0.0,0.0,0.0,4
118889,0,0,0.09908471464225066,5.0,123.8,24.759999999999998,2.4,6.0,15,0.0,0.0,6.0,2
118894,0,0,0.27073982167022353,1.0,2.9,2.9,3.0,2.0,0,0.0,0.0,0.0,4
118906,0,0,0.19699762752427033,2.0,55.800000000000004,27.900000000000002,2.0,3.0,4,0.0,0.0,2.0,3
118908,0,0,0.2999884484934694,1.0,12.1,12.1,1.0,2.0,0,0.0,0.0,0.0,4
118915,0,0,0.18371221490421244,5.0,92.6,18.52,4.4,6.0,14,0.0,0.0,1.0,2
118923,0,0,0.2392122918558534,2.0,47.0,23.5,2.5,3.0,5,0.0,0.0,0.0,1
118924,0,0,0.08032507063008124,5.0,121.0,24.2,4.8,6.0,5,0.0,0.0,6.0,4
118929,0,0,0.22410734289895443,3.0,48.6,16.2,3.3333333333333335,4.0,3,0.0,0.0,1.0,4
118932,0,0,0.05478662876262055,5.0,160.2,32.04,3.8,6.0,15,1.0,9.98,7.0,1
118935,0,0,0.02172216348638883,7.0,269.4,38.48571428571428,3.142857142857143,7.0,14,0.0,0.0,7.0,2
118937,1,0,0.26042737364405644,4.0,54.5,13.625,2.5,5.0,11,0.0,0.0,1.0,4
118938,0,0,0.15458072843574922,4.0,124.0,31.0,2.75,5.0,15,0.0,0.0,0.0,4
118943,0,0,0.28029313793968047,1.0,18.9,18.9,1.0,2.0,10,0.0,0.0,1.0,4
118945,0,0,0.08651894685650023,3.0,113.4,37.800000000000004,5.0,4.0,11,0.0,0.0,4.0,4
118953,0,0,0.27262443349031196,3.0,24.3,8.1,2.3333333333333335,4.0,9,0.0,0.0,2.0,4
118954,0,0,0.2362396640738926,1.0,8.3,8.3,4.0,2.0,10,0.0,0.0,1.0,4
118977,0,0,0.11676070358328026,5.0,109.4,21.880000000000003,4.4,6.0,13,0.0,0.0,4.0,1
118983,0,0,0.09544598105270316,6.0,129.5,21.583333333333332,3.6666666666666665,6.0,11,0.0,0.0,6.0,4
119001,0,0,0.22708345336338462,4.0,33.5,8.375,3.0,5.0,6,0.0,0.0,4.0,2
119007,0,0,0.31082521166348664,1.0,6.3,6.3,1.0,2.0,6,0.0,0.0,0.0,3
119055,0,0,0.23690566646254474,3.0,42.5,14.166666666666666,3.3333333333333335,4.0,6,0.0,0.0,1.0,3
119058,0,0,0.24005917393027112,2.0,14.5,7.25,4.5,3.0,5,0.0,0.0,1.0,4
119063,0,0,0.14266572545642328,5.0,117.6,23.52,3.0,6.0,4,0.0,0.0,2.0,4
119064,1,0,0.2245788915952491,3.0,39.4,13.133333333333333,4.666666666666667,4.0,10,0.0,0.0,1.0,4
119070,0,0,0.2993674242481226,4.0,25.2,6.3,4.75,5.0,8,0.0,0.0,0.0,1
119074,0,0,0.174900352237626,3.0,83.2,27.733333333333334,3.3333333333333335,5.0,17,0.0,0.0,1.0,1
119077,0,0,0.125898776853133,2.0,63.5,31.75,4.5,3.0,3,0.0,0.0,4.0,2
119079,0,0,0.30780500305583386,3.0,17.5,5.833333333333333,2.6666666666666665,5.0,15,0.0,0.0,1.0,4
119084,0,0,0.22526354335674714,4.0,47.400000000000006,11.850000000000001,3.0,6.0,15,0.0,0.0,3.0,1
119086,0,0,0.2260431550504401,5.0,61.599999999999994,12.319999999999999,4.2,6.0,14,0.0,0.0,2.0,2
119089,0,0,0.2699621946726248,3.0,20.5,6.833333333333333,3.0,4.0,14,0.0,0.0,2.0,1
119094,0,0,0.2371483160110498,2.0,42.099999999999994,21.049999999999997,2.0,3.0,4,0.0,0.0,1.0,4
119108,0,0,0.21721257711211284,2.0,29.099999999999998,14.549999999999999,4.5,3.0,5,0.0,0.0,1.0,4
119111,0,0,0.2491567934664447,3.0,47.1,15.700000000000001,3.0,4.0,2,0.0,0.0,0.0,1
119123,0,0,0.26500249746051435,3.0,31.4,10.466666666666667,1.6666666666666667,4.0,3,0.0,0.0,2.0,4
119139,0,0,0.19958732892719894,4.0,45.2,11.3,5.0,6.0,16,0.0,0.0,3.0,2
119142,0,0,0.2815141892800044,2.0,26.6,13.3,1.0,3.0,6,0.0,0.0,1.0,2
119145,0,0,0.2552112242299363,2.0,27.3,13.65,4.0,3.0,13,0.0,0.0,0.0,4
119151,0,0,0.0900392478332295,4.0,125.0,31.25,4.5,6.0,17,0.0,0.0,4.0,4
119152,0,0,0.21432863311591888,2.0,48.6,24.3,2.0,3.0,12,0.0,0.0,2.0,4
119153,0,0,0.010899350826161664,7.0,201.1,28.728571428571428,5.142857142857143,7.0,13,0.0,0.0,19.0,4
119158,0,0,0.28469323540993374,4.0,27.7,6.925,3.0,5.0,10,0.0,0.0,2.0,2
119160,0,0,0.13912017930426435,5.0,120.5,24.1,4.4,6.0,12,0.0,0.0,1.0,1
119168,0,0,0.14599669994062037,2.0,43.300000000000004,21.650000000000002,3.5,3.0,3,0.0,0.0,5.0,4
119185,0,0,0.13821279540461562,4.0,87.1,21.775,5.5,5.0,6,1.0,19.99,2.0,4
119191,0,0,0.2965666254377769,1.0,9.4,9.4,2.0,3.0,17,0.0,0.0,0.0,2
119193,0,0,0.13959220943585599,3.0,73.1,24.366666666666664,2.3333333333333335,4.0,8,0.0,0.0,5.0,4
119203,0,0,0.19560242015085744,2.0,51.900000000000006,25.950000000000003,3.5,3.0,3,0.0,0.0,1.0,1
119206,0,0,0.07832461400962878,4.0,166.20000000000002,41.550000000000004,5.25,5.0,3,0.0,0.0,0.0,1
119211,1,0,0.1842500998425555,6.0,91.3,15.216666666666667,2.8333333333333335,7.0,16,0.0,0.0,4.0,4
119216,0,0,0.26803213774175416,1.0,8.8,8.8,3.0,2.0,3,0.0,0.0,0.0,4
119226,0,0,0.17912640048858902,4.0,69.9,17.475,3.75,5.0,17,0.0,0.0,3.0,4
119235,0,0,0.21794555098960064,1.0,31.1,31.1,2.0,2.0,18,0.0,0.0,3.0,4
119237,0,0,0.16162047298833715,2.0,65.6,32.8,4.0,3.0,11,0.0,0.0,2.0,3
119252,0,0,0.029356249331717738,6.0,143.7,23.95,3.3333333333333335,6.0,9,0.0,0.0,16.0,4
119261,0,0,0.1545154877756518,6.0,118.6,19.766666666666666,2.8333333333333335,7.0,17,0.0,0.0,3.0,2
119267,0,0,0.18711647079902471,3.0,75.6,25.2,3.0,4.0,8,0.0,0.0,1.0,3
119272,0,0,0.2659590437291123,3.0,46.4,15.466666666666667,2.3333333333333335,4.0,3,0.0,0.0,0.0,4
119285,0,0,0.025294419696724395,4.0,234.5,58.625,3.5,7.0,17,0.0,0.0,6.0,3
119292,0,0,0.10908401553424166,5.0,67.2,13.440000000000001,3.2,6.0,9,0.0,0.0,10.0,4
119296,1,0,0.209281956746054,2.0,47.8,23.9,2.5,3.0,14,0.0,0.0,2.0,4
119298,0,0,0.24958707377418637,1.0,26.2,26.2,3.0,2.0,1,0.0,0.0,0.0,3
119301,0,0,0.0941680645723486,4.0,95.89999999999999,23.974999999999998,3.5,5.0,9,0.0,0.0,7.0,4
119305,0,0,0.26169141423819414,1.0,13.7,13.7,3.0,2.0,1,0.0,0.0,0.0,4
119314,0,0,0.284285945329757,2.0,17.5,8.75,3.0,3.0,7,0.0,0.0,0.0,3
119316,0,0,0.15111179927198104,3.0,33.4,11.133333333333333,3.3333333333333335,4.0,8,0.0,0.0,7.0,4
119323,0,0,0.26854216904179934,2.0,15.600000000000001,7.800000000000001,2.0,6.0,17,0.0,0.0,2.0,4
119328,1,0,0.27503311277682774,1.0,20.1,20.1,2.0,2.0,2,0.0,0.0,0.0,4
119343,0,0,0.10606603667775714,5.0,128.3,25.660000000000004,4.6,8.0,17,0.0,0.0,3.0,3
119344,0,0,0.3401865370903039,3.0,16.9,5.633333333333333,2.0,4.0,7,0.0,0.0,0.0,4
119359,0,0,0.044141731600643726,5.0,168.7,33.739999999999995,3.6,6.0,8,0.0,0.0,8.0,4
119363,0,0,0.1810208331936996,2.0,83.5,41.75,3.0,3.0,6,0.0,0.0,0.0,4
119366,0,0,0.2617652302646479,1.0,22.6,22.6,2.0,3.0,16,0.0,0.0,1.0,3
119368,0,0,0.1757983434136991,3.0,40.2,13.4,4.0,4.0,4,0.0,0.0,4.0,4
119372,0,0,0.20922369103584243,1.0,13.3,13.3,6.0,2.0,0,0.0,0.0,0.0,2
119375,0,0,0.2821015239600309,2.0,22.9,11.45,2.5,3.0,4,0.0,0.0,0.0,4
119376,0,0,0.12335176377592233,3.0,55.7,18.566666666666666,4.333333333333333,4.0,4,0.0,0.0,6.0,3
119382,0,0,0.27493644896540287,1.0,4.4,4.4,3.0,2.0,6,0.0,0.0,0.0,4
119384,0,0,0.22809517996427112,2.0,23.799999999999997,11.899999999999999,3.0,3.0,4,0.0,0.0,2.0,2
119394,0,0,0.29338029232959484,1.0,3.0,3.0,2.0,2.0,4,0.0,0.0,0.0,4
119395,0,0,0.1878099053009609,2.0,70.5,35.25,3.5,3.0,1,0.0,0.0,0.0,4
119400,0,0,0.054019739849976045,4.0,132.4,33.1,4.75,5.0,15,0.0,0.0,8.0,4
119414,0,0,0.21903485202770945,3.0,40.400000000000006,13.466666666666669,2.3333333333333335,4.0,6,0.0,0.0,3.0,4
119420,0,0,0.3146792276449443,2.0,8.7,4.35,1.0,3.0,4,0.0,0.0,1.0,4
119439,0,0,0.18818344517772764,1.0,22.8,22.8,6.0,2.0,3,0.0,0.0,1.0,4
119446,0,0,0.16526222447351496,5.0,79.2,15.84,4.0,6.0,15,0.0,0.0,4.0,4
119461,0,0,0.24114430608963172,3.0,29.3,9.766666666666667,4.333333333333333,4.0,3,0.0,0.0,1.0,2
119464,0,0,0.1945434755594009,2.0,30.7,15.35,4.5,3.0,3,0.0,0.0,2.0,3
119465,0,0,0.22889001581235063,4.0,54.2,13.55,2.25,5.0,17,0.0,0.0,3.0,3
119472,0,0,0.2519979027516203,2.0,30.8,15.4,3.5,3.0,8,0.0,0.0,0.0,2
119489,0,0,0.22986644651267735,1.0,10.5,10.5,5.0,2.0,1,0.0,0.0,0.0,4
119491,0,0,0.3044491749376941,1.0,13.6,13.6,1.0,2.0,6,0.0,0.0,0.0,4
119493,1,0,0.2689565666118111,1.0,8.8,8.8,3.0,2.0,4,0.0,0.0,0.0,4
119496,0,0,0.08428602504482921,6.0,125.3,20.883333333333333,5.5,6.0,8,0.0,0.0,6.0,4
119500,0,0,0.05528790986149726,3.0,168.5,56.166666666666664,4.0,4.0,9,0.0,0.0,4.0,4
119511,0,0,0.1812478962142964,2.0,30.5,15.25,5.5,3.0,3,0.0,0.0,2.0,4
119529,0,0,0.19883654894016312,2.0,38.7,19.35,3.5,3.0,4,0.0,0.0,2.0,3
119532,0,0,0.14766070875136517,3.0,92.4,30.8,2.3333333333333335,4.0,18,0.0,0.0,3.0,3
119540,1,0,0.175447143567111,3.0,44.099999999999994,14.699999999999998,2.6666666666666665,4.0,9,0.0,0.0,5.0,4
119550,1,0,0.24137700767167522,2.0,19.5,9.75,4.0,3.0,7,0.0,0.0,1.0,3
119557,0,0,0.21431235890031722,2.0,34.900000000000006,17.450000000000003,3.0,3.0,6,0.0,0.0,2.0,4
119570,0,0,0.18764168803266362,2.0,29.0,14.5,4.5,3.0,8,1.0,4.99,3.0,1
119576,0,0,0.212779661101922,3.0,62.1,20.7,2.6666666666666665,4.0,8,0.0,0.0,1.0,1
119587,0,0,0.23089145569162672,3.0,48.5,16.166666666666668,2.3333333333333335,5.0,16,0.0,0.0,2.0,4
119597,0,0,0.18206917209118909,4.0,63.39999999999999,15.849999999999998,3.75,5.0,9,0.0,0.0,3.0,1
119602,0,0,0.2936854389185354,2.0,3.6,1.8,2.5,3.0,6,0.0,0.0,1.0,1
119604,1,0,0.2089658814726587,2.0,45.7,22.85,3.5,3.0,6,0.0,0.0,1.0,4
119605,0,0,0.15517192450693357,2.0,64.0,32.0,2.0,3.0,4,0.0,0.0,4.0,4
119607,0,0,0.20743290324573768,4.0,63.8,15.95,3.25,5.0,8,0.0,0.0,2.0,4
119608,1,0,0.26391292103362696,3.0,31.2,10.4,2.3333333333333335,5.0,16,0.0,0.0,2.0,4
119612,1,0,0.31503120575011057,2.0,14.0,7.0,2.0,4.0,15,0.0,0.0,0.0,1
119622,0,0,0.2156658831707775,2.0,52.6,26.3,3.5,3.0,5,0.0,0.0,0.0,3
119626,0,0,0.20910927145823288,4.0,25.5,6.375,3.0,5.0,11,0.0,0.0,6.0,3
119628,0,0,0.3203536474803793,3.0,24.2,8.066666666666666,1.6666666666666667,4.0,13,1.0,4.99,1.0,4
119645,0,0,0.26962440854176206,1.0,2.2,2.2,3.0,2.0,1,0.0,0.0,0.0,1
119650,0,0,0.24830910756264807,2.0,14.2,7.1,4.0,3.0,4,0.0,0.0,1.0,4
119662,0,0,0.3220830519368487,3.0,21.1,7.033333333333334,2.6666666666666665,4.0,13,0.0,0.0,0.0,3
119686,0,0,0.15576360131192377,3.0,82.9,27.633333333333336,3.3333333333333335,4.0,8,0.0,0.0,2.0,2
119692,0,0,0.26531864901111507,1.0,11.8,11.8,3.0,2.0,5,0.0,0.0,0.0,2
119698,0,0,0.10183508474939482,9.0,146.5,16.27777777777778,4.777777777777778,9.0,13,0.0,0.0,7.0,4
119700,0,0,0.3158206957486982,2.0,9.5,4.75,2.0,3.0,3,0.0,0.0,0.0,4
119709,0,0,0.2700825751534451,1.0,13.2,13.2,2.0,4.0,17,0.0,0.0,1.0,3
119729,0,0,0.027124921761083453,8.0,233.4,29.175,4.5,9.0,17,0.0,0.0,9.0,1
119731,0,0,0.20041265616228657,4.0,72.3,18.075,3.75,5.0,6,0.0,0.0,1.0,3
119740,0,0,0.1855703569452172,2.0,39.9,19.95,4.5,3.0,7,0.0,0.0,2.0,4
119742,1,0,0.06172658215637589,4.0,151.3,37.825,3.75,7.0,17,1.0,1.99,6.0,2
119759,0,0,0.19477913396771643,1.0,34.2,34.2,6.0,2.0,0,0.0,0.0,0.0,4
119769,0,0,0.27581067517378033,4.0,44.199999999999996,11.049999999999999,3.0,6.0,15,0.0,0.0,1.0,4
119786,0,0,0.25514249750646606,2.0,40.5,20.25,2.0,3.0,1,0.0,0.0,0.0,1
119801,0,0,0.2121721026182568,4.0,66.2,16.55,3.75,5.0,9,0.0,0.0,1.0,1
119847,0,0,0.2904314676646279,1.0,11.0,11.0,2.0,2.0,9,0.0,0.0,0.0,4
119852,0,0,0.27368147722935243,2.0,10.1,5.05,2.0,3.0,8,0.0,0.0,2.0,4
119856,0,0,0.22904676091267337,1.0,31.3,31.3,4.0,2.0,2,0.0,0.0,0.0,3
119857,0,0,0.2376163695892132,1.0,19.2,19.2,4.0,2.0,1,0.0,0.0,0.0,2
119872,0,0,0.16619726954700442,5.0,111.1,22.22,3.4,6.0,14,0.0,0.0,1.0,1
119881,0,0,0.2588656744204813,1.0,18.2,18.2,2.0,2.0,7,0.0,0.0,1.0,3
119884,0,0,0.14340760397912214,3.0,92.2,30.733333333333334,4.333333333333333,4.0,4,0.0,0.0,1.0,2
119891,0,0,0.20869939389099645,5.0,62.2,12.440000000000001,3.0,6.0,15,0.0,0.0,4.0,4
119914,0,0,0.08204140249208874,3.0,111.6,37.199999999999996,4.333333333333333,4.0,5,0.0,0.0,5.0,4
119919,0,0,0.15988786445914469,2.0,79.5,39.75,3.5,3.0,3,0.0,0.0,1.0,1
119921,0,0,0.19541547628318304,1.0,19.5,19.5,5.0,4.0,16,0.0,0.0,2.0,4
119922,0,0,0.2325275976319012,1.0,23.5,23.5,3.0,2.0,1,0.0,0.0,1.0,4
119923,0,0,0.2063441072492818,2.0,57.300000000000004,28.650000000000002,3.5,3.0,1,0.0,0.0,0.0,4
119924,0,0,0.22551915158585253,1.0,40.5,40.5,4.0,2.0,6,0.0,0.0,0.0,4
119926,0,0,0.1973008928245949,4.0,21.9,5.475,3.25,6.0,16,0.0,0.0,7.0,4
119929,0,0,0.13844192084676615,4.0,121.4,30.35,2.75,5.0,5,0.0,0.0,1.0,4
119945,0,0,0.2711124348132378,4.0,52.8,13.2,2.25,6.0,18,0.0,0.0,1.0,1
119950,0,0,0.11564649538254157,5.0,100.6,20.119999999999997,4.6,6.0,14,0.0,0.0,5.0,4
119974,0,0,0.2611682545005412,1.0,32.1,32.1,2.0,2.0,0,0.0,0.0,0.0,3
119980,0,0,0.09671657486727789,3.0,136.5,45.5,5.333333333333333,4.0,2,0.0,0.0,0.0,2
119985,1,0,0.21866299776353076,5.0,66.3,13.26,2.6,6.0,8,0.0,0.0,3.0,2
119988,1,0,0.16884526305150513,4.0,50.4,12.6,3.0,5.0,12,0.0,0.0,6.0,4
119989,0,0,0.21490034308147152,5.0,78.4,15.680000000000001,2.8,6.0,13,0.0,0.0,2.0,2
119994,0,0,0.2601814373325778,5.0,53.6,10.72,2.0,6.0,12,0.0,0.0,3.0,4
120010,0,0,0.11441239658289284,7.0,113.8,16.257142857142856,5.0,7.0,8,0.0,0.0,6.0,4
120012,0,0,0.24849380693770187,2.0,40.800000000000004,20.400000000000002,2.5,3.0,4,0.0,0.0,0.0,1
120013,0,0,0.16895680907158245,3.0,59.8,19.933333333333334,2.6666666666666665,4.0,12,0.0,0.0,4.0,2
120018,0,0,0.2013566807055834,1.0,42.6,42.6,4.0,2.0,1,0.0,0.0,1.0,4
120019,1,0,0.264941273517644,3.0,29.2,9.733333333333333,2.6666666666666665,4.0,18,0.0,0.0,2.0,4
120032,0,0,0.2854912716228726,0.0,0.0,0.0,0.0,1.0,16,0.0,0.0,1.0,3
120036,0,0,0.1969050403535499,1.0,16.6,16.6,7.0,2.0,7,0.0,0.0,0.0,2
120037,1,0,0.23336722196516982,3.0,39.7,13.233333333333334,2.6666666666666665,4.0,5,0.0,0.0,2.0,4
120041,0,0,0.238918756029499,2.0,15.4,7.7,3.5,3.0,9,0.0,0.0,2.0,4
120048,0,0,0.227750469079131,3.0,27.8,9.266666666666667,3.3333333333333335,4.0,11,0.0,0.0,3.0,2
120058,0,0,0.25145946013013365,3.0,49.1,16.366666666666667,3.0,4.0,8,0.0,0.0,0.0,2
120066,0,0,0.11229881316170638,7.0,108.39999999999999,15.485714285714284,3.857142857142857,9.0,17,0.0,0.0,8.0,4
120070,0,0,0.2611058831298929,1.0,4.5,4.5,3.0,3.0,16,0.0,0.0,1.0,4
120080,0,0,0.27062333965253266,2.0,34.1,17.05,2.0,3.0,3,0.0,0.0,0.0,4
120082,0,0,0.16821959809231424,3.0,51.0,17.0,3.3333333333333335,4.0,3,0.0,0.0,4.0,4
120087,0,0,0.24676426025337028,2.0,6.9,3.45,3.5,3.0,3,0.0,0.0,2.0,3
120094,0,0,0.15988100132616753,5.0,106.0,21.2,2.2,6.0,15,0.0,0.0,3.0,1
120096,0,0,0.26238189236873766,2.0,18.0,9.0,3.0,3.0,8,0.0,0.0,1.0,3
120099,0,0,0.22155492410568248,2.0,36.1,18.05,4.5,3.0,3,0.0,0.0,0.0,1
120111,0,0,0.29011061658057596,1.0,1.4,1.4,2.0,2.0,0,0.0,0.0,0.0,3
120126,0,0,0.15065852633437438,4.0,31.9,7.975,6.75,6.0,16,0.0,0.0,6.0,4
120148,0,0,0.11251975543837137,4.0,67.7,16.925,3.75,5.0,14,0.0,0.0,8.0,4
120149,0,0,0.26233381435231673,3.0,43.1,14.366666666666667,1.6666666666666667,4.0,5,0.0,0.0,1.0,1
120151,0,0,0.2508079266630263,1.0,6.0,6.0,4.0,2.0,1,0.0,0.0,0.0,4
120153,0,0,0.24707743585539318,2.0,29.2,14.6,2.5,3.0,4,0.0,0.0,1.0,1
120157,0,0,0.25949342454047614,1.0,3.3,3.3,4.0,2.0,8,0.0,0.0,0.0,4
120187,0,0,0.2426349454283884,1.0,17.3,17.3,4.0,2.0,3,0.0,0.0,0.0,4
120189,0,0,0.23067362010496748,5.0,61.2,12.24,1.8,6.0,16,0.0,0.0,4.0,4
120191,0,0,0.1330416907600974,3.0,65.0,21.666666666666668,3.6666666666666665,4.0,5,0.0,0.0,5.0,4
120199,0,0,0.23129476787173872,1.0,7.8,7.8,5.0,2.0,0,0.0,0.0,0.0,4
120216,0,0,0.11996567909864012,2.0,85.0,42.5,3.5,3.0,12,0.0,0.0,4.0,2
120221,0,0,0.04897506733199527,4.0,176.79999999999998,44.199999999999996,4.0,5.0,11,0.0,0.0,5.0,4
120227,0,0,0.03951665680598605,6.0,184.4,30.733333333333334,4.666666666666667,7.0,15,0.0,0.0,8.0,4
120231,0,0,0.1969050567415213,2.0,51.5,25.75,3.5,3.0,4,0.0,0.0,1.0,1
120232,0,0,0.03749935599683836,7.0,217.39999999999998,31.057142857142853,3.7142857142857144,7.0,12,0.0,0.0,7.0,4
120234,0,0,0.306422921981853,1.0,19.6,19.6,1.0,2.0,14,0.0,0.0,0.0,4
120235,0,0,0.10026616849387678,5.0,104.8,20.96,5.8,6.0,14,0.0,0.0,5.0,4
120238,0,0,0.14030045952138046,4.0,51.6,12.9,5.0,5.0,8,0.0,0.0,6.0,4
120245,0,0,0.10163762537513933,3.0,64.9,21.633333333333336,5.0,4.0,6,1.0,99.99,4.0,2
120249,0,0,0.2227134177546813,2.0,18.5,9.25,5.5,4.0,15,0.0,0.0,1.0,2
120252,0,0,0.12240172858510669,2.0,86.4,43.2,4.0,3.0,4,0.0,0.0,3.0,4
120263,1,0,0.26336044019901367,4.0,52.7,13.175,2.75,5.0,15,0.0,0.0,1.0,4
120270,0,0,0.16694524212295375,3.0,51.6,17.2,2.3333333333333335,4.0,6,0.0,0.0,5.0,4
120271,1,0,0.052893404341766655,3.0,176.3,58.76666666666667,4.0,4.0,18,0.0,0.0,4.0,2
120274,0,0,0.25706959016772546,2.0,22.7,11.35,2.5,3.0,3,0.0,0.0,1.0,1
120294,0,0,0.26673892299530005,1.0,8.3,8.3,3.0,2.0,4,0.0,0.0,0.0,1
120304,0,0,0.18316824452361097,2.0,52.900000000000006,26.450000000000003,5.5,3.0,1,0.0,0.0,0.0,4
120316,0,0,0.11871614724272106,3.0,73.0,24.333333333333332,4.333333333333333,4.0,8,0.0,0.0,5.0,4
120322,0,0,0.16269990126918812,3.0,64.30000000000001,21.433333333333337,4.666666666666667,4.0,3,0.0,0.0,2.0,4
120323,0,0,0.2540424202158973,3.0,28.5,9.5,4.333333333333333,4.0,15,0.0,0.0,1.0,3
120324,0,0,0.1888545917684312,2.0,49.2,24.6,5.5,3.0,2,0.0,0.0,0.0,4
120325,0,0,0.19755300584538854,3.0,17.0,5.666666666666667,4.333333333333333,4.0,14,0.0,0.0,5.0,4
120327,0,0,0.23313967123274254,1.0,8.0,8.0,4.0,2.0,7,0.0,0.0,1.0,3
120345,0,0,0.10587345560406344,4.0,88.3,22.075,3.25,5.0,14,0.0,0.0,7.0,4
120349,0,0,0.2077485282827367,1.0,64.4,64.4,2.0,2.0,15,0.0,0.0,2.0,4
120350,0,0,0.040391836682467507,8.0,110.6,13.825,6.5,8.0,15,0.0,0.0,17.0,4
120355,0,0,0.23252997344712015,1.0,21.6,21.6,3.0,2.0,2,0.0,0.0,1.0,1
120370,0,0,0.267306280520139,2.0,26.0,13.0,3.0,3.0,4,0.0,0.0,0.0,4
120377,0,0,0.20249403645772995,3.0,51.3,17.099999999999998,3.3333333333333335,4.0,5,0.0,0.0,2.0,4
120378,0,0,0.22701536895553995,3.0,31.5,10.5,2.6666666666666665,4.0,3,0.0,0.0,3.0,4
120383,0,0,0.2440981746910673,3.0,30.9,10.299999999999999,2.3333333333333335,6.0,18,0.0,0.0,3.0,4
120389,0,0,0.16753665227728304,5.0,74.9,14.98,4.0,6.0,11,0.0,0.0,4.0,1
120391,0,0,0.15271715974407662,4.0,57.199999999999996,14.299999999999999,4.75,6.0,17,0.0,0.0,5.0,2
120392,0,0,0.3124441699198591,2.0,6.0,3.0,2.5,3.0,3,0.0,0.0,0.0,4
120400,1,0,0.2787164279576717,1.0,1.4,1.4,3.0,2.0,7,0.0,0.0,0.0,4
120402,0,0,0.25933085265569417,1.0,13.4,13.4,3.0,2.0,1,0.0,0.0,0.0,1
120404,0,0,0.07220427487448211,5.0,149.70000000000002,29.940000000000005,2.8,6.0,13,0.0,0.0,6.0,1
120410,0,0,0.23627191690427113,2.0,32.3,16.15,2.5,3.0,8,1.0,1.99,2.0,4
120414,1,0,0.29432105480044557,1.0,3.1,3.1,2.0,2.0,7,0.0,0.0,0.0,2
120425,0,0,0.19128901742061408,1.0,31.8,31.8,4.0,2.0,3,0.0,0.0,2.0,1
120435,0,0,0.10036507688580788,2.0,39.8,19.9,5.0,3.0,6,0.0,0.0,8.0,4
120436,0,0,0.265528164718332,1.0,5.3,5.3,1.0,2.0,5,0.0,0.0,2.0,3
120444,0,0,0.2491880938915913,2.0,18.6,9.3,2.5,3.0,7,0.0,0.0,2.0,4
120452,0,0,0.10315096363295101,4.0,117.69999999999999,29.424999999999997,4.5,5.0,10,0.0,0.0,3.0,1
120455,0,0,0.3008450084816298,1.0,4.4,4.4,2.0,2.0,13,0.0,0.0,0.0,4
120462,0,0,0.14996428741521772,4.0,87.0,21.75,4.75,5.0,8,0.0,0.0,2.0,4
120465,0,0,0.18899372729203728,3.0,20.8,6.933333333333334,4.0,4.0,4,0.0,0.0,5.0,4
120468,0,0,0.24937581728214142,4.0,43.2,10.8,4.25,5.0,10,0.0,0.0,1.0,1
120469,0,0,0.1197357557530854,4.0,89.3,22.325,4.75,5.0,8,0.0,0.0,4.0,1
120479,0,0,0.18771670303136628,5.0,66.3,13.26,5.0,6.0,15,0.0,0.0,3.0,2
120492,0,0,0.3194807019282951,6.0,67.3,11.216666666666667,2.5,6.0,12,0.0,0.0,0.0,2
120496,0,0,0.23056387650112575,2.0,52.900000000000006,26.450000000000003,2.5,3.0,3,0.0,0.0,0.0,4
120497,0,0,0.142182045553943,2.0,60.3,30.15,3.5,3.0,5,0.0,0.0,4.0,4
120506,0,0,0.1716635509377318,4.0,75.1,18.775,1.75,5.0,6,1.0,19.99,4.0,3
120507,1,0,0.2459424859641288,8.0,64.7,8.0875,3.5,8.0,15,0.0,0.0,6.0,4
120520,0,0,0.2627531461567729,1.0,20.4,20.4,2.0,3.0,18,1.0,19.99,1.0,3
120521,0,0,0.23570863893440006,3.0,23.7,7.8999999999999995,3.0,4.0,3,0.0,0.0,3.0,4
120524,1,0,0.24360937984948333,2.0,35.5,17.75,2.5,3.0,9,0.0,0.0,1.0,4
120525,0,0,0.28292503323504264,1.0,10.8,10.8,2.0,2.0,1,0.0,0.0,0.0,4
120526,0,0,0.22212172091765944,2.0,25.2,12.6,5.5,3.0,3,0.0,0.0,0.0,1
120538,0,0,0.26554376574294924,1.0,9.5,9.5,3.0,2.0,1,0.0,0.0,0.0,4
120554,0,0,0.0330851563016417,6.0,162.4,27.066666666666666,4.666666666666667,6.0,14,0.0,0.0,12.0,4
120561,0,0,0.11406476745456867,5.0,96.5,19.3,3.0,6.0,16,0.0,0.0,7.0,4
120565,0,0,0.24543011707778029,1.0,11.2,11.2,4.0,2.0,3,0.0,0.0,0.0,1
120566,0,0,0.22247320546852684,1.0,13.2,13.2,3.0,2.0,2,0.0,0.0,2.0,4
120571,0,0,0.03953991476545795,6.0,167.1,27.849999999999998,4.5,7.0,16,0.0,0.0,10.0,4
120585,0,0,0.22071906368009533,2.0,29.6,14.8,3.0,3.0,4,0.0,0.0,2.0,4
120592,0,0,0.018015545134422106,6.0,249.5,41.583333333333336,5.166666666666667,6.0,15,0.0,0.0,8.0,2
120594,0,0,0.13754750873215454,4.0,90.8,22.7,4.0,5.0,4,0.0,0.0,3.0,4
120599,0,0,0.23977054791357155,2.0,18.9,9.45,4.0,3.0,4,0.0,0.0,1.0,3
120606,0,0,0.2627742279061344,1.0,16.5,16.5,3.0,2.0,5,0.0,0.0,0.0,4
120607,0,0,0.16010573669000938,3.0,44.5,14.833333333333334,4.0,4.0,13,0.0,0.0,5.0,4
120614,0,0,0.14802336588968448,3.0,55.5,18.5,5.0,5.0,16,0.0,0.0,4.0,3
120619,0,0,0.2398297642704392,1.0,14.0,14.0,3.0,2.0,2,0.0,0.0,1.0,2
120622,0,0,0.22461118535480318,1.0,17.2,17.2,4.0,2.0,5,0.0,0.0,1.0,4
120632,0,0,0.2500891535118682,2.0,33.5,16.75,3.5,3.0,9,0.0,0.0,0.0,4
120649,0,0,0.1222651749641377,3.0,96.9,32.300000000000004,4.0,5.0,15,0.0,0.0,3.0,4
120659,0,0,0.32248125498911134,3.0,9.5,3.1666666666666665,2.3333333333333335,4.0,4,0.0,0.0,1.0,4
120660,0,0,0.18837679186666784,5.0,60.0,12.0,3.2,6.0,10,0.0,0.0,5.0,4
120664,0,0,0.2479694884441053,4.0,20.900000000000002,5.2250000000000005,3.5,5.0,7,1.0,9.99,4.0,2
120665,0,0,0.021795582334898828,9.0,230.89999999999998,25.65555555555555,4.333333333333333,10.0,18,0.0,0.0,13.0,4
120676,0,0,0.28869088937285264,1.0,25.7,25.7,1.0,2.0,5,0.0,0.0,0.0,1
120686,0,0,0.2950498012610176,1.0,16.2,16.2,1.0,2.0,2,0.0,0.0,0.0,1
120701,0,0,0.0665541818671279,4.0,109.0,27.25,2.5,5.0,10,0.0,0.0,10.0,4
120703,0,0,0.24450994908174603,3.0,50.8,16.933333333333334,3.6666666666666665,4.0,18,0.0,0.0,0.0,1
120719,0,0,0.2705887425150668,2.0,31.7,15.85,1.5,3.0,12,0.0,0.0,1.0,4
120725,0,0,0.2974558951684983,1.0,3.9,3.9,2.0,2.0,11,0.0,0.0,0.0,2
120744,0,0,0.16505334667392152,1.0,32.1,32.1,6.0,2.0,2,0.0,0.0,2.0,4
120745,0,0,0.14876952802289853,5.0,101.1,20.22,3.6,6.0,16,1.0,19.99,3.0,1
120750,0,0,0.22216718814963193,1.0,23.8,23.8,5.0,2.0,5,0.0,0.0,0.0,4
120757,0,0,0.08482665725026332,4.0,141.8,35.45,3.25,5.0,9,1.0,1.99,4.0,1
120761,0,0,0.13940750403639923,5.0,106.7,21.34,2.6,6.0,11,0.0,0.0,4.0,4
120762,0,0,0.07977365139679059,7.0,170.9,24.414285714285715,3.5714285714285716,7.0,17,0.0,0.0,5.0,2
120774,0,0,0.21361644361597779,1.0,6.4,6.4,4.0,2.0,4,0.0,0.0,2.0,4
120777,0,0,0.19482465614148292,2.0,32.3,16.15,3.5,3.0,11,0.0,0.0,3.0,2
120796,0,0,0.2298665305286644,2.0,13.2,6.6,4.0,3.0,6,0.0,0.0,2.0,2
120798,0,0,0.31447044675936414,5.0,54.5,10.9,2.8,6.0,17,0.0,0.0,0.0,3
120803,0,0,0.2973750235533237,1.0,15.8,15.8,1.0,2.0,3,0.0,0.0,0.0,2
120819,0,0,0.03023823711075329,9.0,257.7,28.633333333333333,3.0,9.0,13,0.0,0.0,8.0,4
120822,0,0,0.26840669389456334,1.0,7.4,7.4,3.0,2.0,2,0.0,0.0,0.0,4
120829,1,0,0.3255031047981081,5.0,36.2,7.24,3.0,6.0,12,0.0,0.0,1.0,2
120830,0,0,0.1412446693524861,3.0,86.8,28.933333333333334,3.0,4.0,8,0.0,0.0,3.0,3
120836,0,0,0.1985540619948113,3.0,47.5,15.833333333333334,2.0,4.0,12,0.0,0.0,4.0,4
120837,0,0,0.07574911494757969,4.0,109.5,27.375,4.5,5.0,10,0.0,0.0,7.0,4
120839,0,0,0.22386217514381881,2.0,14.600000000000001,7.300000000000001,3.0,3.0,5,0.0,0.0,3.0,2
120841,0,0,0.12439766827857754,3.0,75.4,25.133333333333336,5.666666666666667,4.0,5,0.0,0.0,3.0,3
120847,0,0,0.3105867021830599,0.0,0.0,0.0,0.0,1.0,18,0.0,0.0,0.0,3
120850,0,0,0.22600217666368896,4.0,66.2,16.55,2.25,5.0,9,1.0,1.99,2.0,2
120854,0,0,0.2472943051318876,3.0,14.5,4.833333333333333,3.3333333333333335,4.0,3,0.0,0.0,3.0,4
120856,0,0,0.267572470832473,1.0,8.3,8.3,3.0,2.0,2,0.0,0.0,0.0,4
120858,0,0,0.10742302807644463,4.0,102.0,25.5,5.0,6.0,15,0.0,0.0,4.0,4
120860,0,0,0.2857400746195514,1.0,8.9,8.9,2.0,2.0,3,0.0,0.0,0.0,3
120871,0,0,0.10826797416278737,5.0,93.7,18.740000000000002,5.0,6.0,13,0.0,0.0,6.0,4
120872,0,0,0.1317663810755455,5.0,144.8,28.96,3.4,6.0,14,0.0,0.0,0.0,1
120873,0,0,0.26404898168439,1.0,8.2,8.2,3.0,2.0,0,0.0,0.0,0.0,2
120905,0,0,0.2822507861603138,1.0,12.5,12.5,2.0,2.0,2,0.0,0.0,0.0,4
120908,0,0,0.1910627902040682,1.0,18.5,18.5,7.0,2.0,0,0.0,0.0,0.0,3
120916,0,0,0.29030938049016713,2.0,24.700000000000003,12.350000000000001,2.0,3.0,6,0.0,0.0,0.0,4
120920,0,0,0.047252024432507186,7.0,154.3,22.042857142857144,4.142857142857143,7.0,13,1.0,19.99,11.0,1
120927,0,0,0.03068720992514414,6.0,124.4,20.733333333333334,4.166666666666667,6.0,11,0.0,0.0,17.0,4
120937,0,0,0.19812536630317273,5.0,80.4,16.080000000000002,3.8,6.0,14,0.0,0.0,2.0,4
120945,0,0,0.29414555351385063,1.0,7.2,7.2,2.0,2.0,9,0.0,0.0,0.0,4
120946,0,0,0.02477845279911283,6.0,182.2,30.366666666666664,5.333333333333333,6.0,13,0.0,0.0,12.0,4
120948,0,0,0.17788189279763597,4.0,57.3,14.325,2.5,5.0,9,0.0,0.0,5.0,3
120961,0,0,0.2911695343839846,2.0,13.7,6.85,3.0,3.0,6,0.0,0.0,0.0,4
120970,0,0,0.09011084100539003,6.0,155.7,25.95,3.5,6.0,14,0.0,0.0,4.0,2
120972,0,0,0.030321912526597168,6.0,209.7,34.949999999999996,4.166666666666667,6.0,8,0.0,0.0,8.0,4
120980,1,0,0.18826186730287361,6.0,113.5,18.916666666666668,3.0,6.0,8,0.0,0.0,1.0,4
120982,0,0,0.08550234995228768,4.0,114.1,28.525,6.0,5.0,8,0.0,0.0,4.0,4
120988,0,0,0.24403379163285685,2.0,33.5,16.75,3.0,4.0,18,0.0,0.0,1.0,3
120998,0,0,0.1810371427207469,5.0,55.4,11.08,3.4,6.0,16,0.0,0.0,6.0,4
121000,0,0,0.30123751238028507,2.0,27.8,13.9,1.5,3.0,15,0.0,0.0,0.0,2
121008,0,0,0.24091039629904748,3.0,43.4,14.466666666666667,1.6666666666666667,4.0,4,0.0,0.0,2.0,2
121009,0,0,0.20659073111857432,2.0,61.0,30.5,2.0,3.0,2,0.0,0.0,1.0,4
121023,0,0,0.18821541259814542,2.0,56.4,28.2,2.5,3.0,5,0.0,0.0,2.0,1
121047,0,0,0.1920234098917445,1.0,47.9,47.9,6.0,2.0,10,0.0,0.0,0.0,4
121057,0,0,0.06180538859380045,4.0,139.1,34.775,4.25,5.0,5,0.0,0.0,6.0,3
121073,0,0,0.22479941993574776,2.0,21.0,10.5,4.0,4.0,15,0.0,0.0,2.0,3
121078,0,0,0.16052420390823288,2.0,39.8,19.9,5.0,3.0,3,0.0,0.0,3.0,4
121082,0,0,0.25000173987812496,1.0,25.7,25.7,3.0,2.0,0,0.0,0.0,0.0,4
121084,0,0,0.015050718329444476,7.0,252.70000000000002,36.1,4.571428571428571,7.0,13,0.0,0.0,11.0,4
121088,0,0,0.32328655748564467,3.0,13.1,4.366666666666666,3.3333333333333335,4.0,9,0.0,0.0,0.0,4
121092,0,0,0.10353525105283919,4.0,113.6,28.4,3.75,5.0,8,0.0,0.0,4.0,3
121110,0,0,0.16108910282125063,4.0,106.7,26.675,3.75,5.0,5,0.0,0.0,0.0,4
121111,0,0,0.21461203495513353,2.0,30.299999999999997,15.149999999999999,4.5,3.0,4,0.0,0.0,1.0,4
121120,0,0,0.006611887809039062,7.0,295.5,42.214285714285715,5.571428571428571,7.0,11,0.0,0.0,13.0,4
121127,0,0,0.24677041600896873,1.0,11.6,11.6,4.0,2.0,3,0.0,0.0,0.0,3
121130,0,0,0.2201715560019846,3.0,35.800000000000004,11.933333333333335,2.6666666666666665,4.0,4,0.0,0.0,3.0,4
121132,0,0,0.2746566158854361,1.0,2.8,2.8,3.0,2.0,7,0.0,0.0,0.0,1
121135,0,0,0.29075760904128173,1.0,1.7,1.7,2.0,2.0,0,0.0,0.0,0.0,4
121145,0,0,0.04007380830892241,7.0,146.79999999999998,20.971428571428568,4.571428571428571,7.0,7,0.0,0.0,13.0,4
121151,0,0,0.1958938862085537,2.0,46.2,23.1,3.5,5.0,16,0.0,0.0,2.0,4
121173,0,0,0.2643805538846522,3.0,29.799999999999997,9.933333333333332,3.6666666666666665,4.0,17,0.0,0.0,1.0,2
121177,1,0,0.11743358544512754,7.0,102.6,14.657142857142857,2.857142857142857,7.0,14,0.0,0.0,9.0,4
121181,0,0,0.2953366689485207,1.0,11.2,11.2,2.0,4.0,17,0.0,0.0,0.0,4
121182,0,0,0.05027140536502491,6.0,174.3,29.05,5.166666666666667,6.0,8,0.0,0.0,6.0,1
121198,0,0,0.17168365219789639,5.0,89.7,17.94,4.6,6.0,16,0.0,0.0,2.0,3
121210,0,0,0.09556207706190707,3.0,104.4,34.800000000000004,3.3333333333333335,4.0,5,0.0,0.0,5.0,4
121235,0,0,0.15425715319615005,2.0,36.2,18.1,6.0,3.0,7,0.0,0.0,3.0,3
121238,0,0,0.20409310946763504,5.0,58.5,11.7,3.4,6.0,9,0.0,0.0,4.0,3
121241,0,0,0.1903076717333958,1.0,20.5,20.5,7.0,2.0,0,0.0,0.0,0.0,4
121246,0,0,0.25915619032674697,4.0,38.7,9.675,3.25,5.0,10,1.0,9.99,2.0,1
121261,0,0,0.2138573080829349,1.0,45.4,45.4,3.0,2.0,3,0.0,0.0,1.0,1
121268,0,0,0.24034906638460848,2.0,15.6,7.8,6.0,4.0,18,0.0,0.0,0.0,1
121275,0,0,0.26428244194976946,3.0,29.4,9.799999999999999,2.3333333333333335,4.0,14,0.0,0.0,2.0,1
121276,0,0,0.029351032358184623,5.0,181.0,36.2,5.2,7.0,18,1.0,1.99,10.0,4
121277,0,0,0.19619103600735535,1.0,32.3,32.3,6.0,2.0,0,0.0,0.0,0.0,4
121286,0,0,0.24096791528744907,2.0,25.0,12.5,3.5,3.0,6,0.0,0.0,1.0,4
121292,0,0,0.03083491725311477,5.0,226.8,45.36,3.2,8.0,18,0.0,0.0,6.0,3
121293,0,0,0.19927778217218275,4.0,46.1,11.525,3.5,5.0,10,0.0,0.0,4.0,2
121296,0,0,0.18626477307761347,4.0,66.4,16.6,2.25,6.0,17,0.0,0.0,4.0,1
121297,0,0,0.27613162923807416,2.0,10.8,5.4,1.5,3.0,2,0.0,0.0,2.0,4
121298,0,0,0.11779674787974281,5.0,90.39999999999999,18.08,3.0,6.0,9,0.0,0.0,7.0,4
121302,0,0,0.1739603122482604,3.0,32.5,10.833333333333334,4.0,4.0,8,0.0,0.0,5.0,4
121307,0,0,0.1836092089939844,3.0,32.0,10.666666666666666,4.333333333333333,4.0,4,0.0,0.0,4.0,4
121308,0,0,0.13643517905627223,5.0,97.7,19.54,5.2,6.0,15,0.0,0.0,3.0,1
121310,1,0,0.2158173600390455,1.0,12.3,12.3,5.0,2.0,11,0.0,0.0,1.0,2
121317,0,0,0.23525616065324575,4.0,47.1,11.775,2.25,5.0,10,0.0,0.0,3.0,1
121324,0,0,0.12523359676619567,2.0,88.6,44.3,5.0,3.0,12,0.0,0.0,2.0,2
121329,0,0,0.2885096782616729,2.0,8.3,4.15,3.5,3.0,3,0.0,0.0,0.0,4
121332,0,0,0.2959568511585132,2.0,11.1,5.55,3.0,3.0,6,0.0,0.0,0.0,4
121343,0,0,0.16915433129096893,3.0,64.8,21.599999999999998,4.666666666666667,4.0,14,0.0,0.0,2.0,4
121354,0,0,0.2151520346109181,4.0,72.69999999999999,18.174999999999997,3.0,5.0,13,0.0,0.0,1.0,1
121356,0,0,0.24272520981311826,4.0,38.9,9.725,4.0,5.0,8,0.0,0.0,2.0,4
121367,0,0,0.1977659465569412,3.0,38.7,12.9,2.6666666666666665,4.0,5,0.0,0.0,4.0,4
121369,0,0,0.2882269845503059,1.0,5.3,5.3,2.0,2.0,1,0.0,0.0,0.0,4
121380,0,0,0.2648134263925051,2.0,19.3,9.65,2.5,3.0,1,1.0,9.99,1.0,1
121388,0,0,0.16018062400530622,4.0,85.0,21.25,3.25,6.0,15,0.0,0.0,3.0,4
121390,0,0,0.2747542091036457,1.0,19.4,19.4,2.0,2.0,1,0.0,0.0,0.0,4
121399,0,0,0.1152051720629898,4.0,82.2,20.55,5.25,6.0,17,0.0,0.0,5.0,1
121400,0,0,0.2412440414762223,2.0,34.3,17.15,2.5,3.0,4,0.0,0.0,1.0,4
121417,0,0,0.1871294088384388,6.0,62.4,10.4,3.8333333333333335,6.0,14,0.0,0.0,6.0,4
121420,0,0,0.27933650564623846,2.0,22.4,11.2,2.0,4.0,18,0.0,0.0,1.0,1
121426,0,0,0.20507369101165437,3.0,34.1,11.366666666666667,4.333333333333333,6.0,17,0.0,0.0,3.0,4
121427,0,0,0.25855359539713363,2.0,30.0,15.0,3.5,6.0,17,0.0,0.0,0.0,3
121435,0,0,0.24357391825125627,1.0,5.0,5.0,4.0,4.0,18,0.0,0.0,1.0,4
121441,0,0,0.1716090382057822,2.0,62.6,31.3,4.5,3.0,9,0.0,0.0,1.0,1
121445,0,0,0.2175003950029756,1.0,11.5,11.5,4.0,2.0,14,0.0,0.0,2.0,4
121448,0,0,0.25018204278167333,2.0,21.200000000000003,10.600000000000001,2.5,3.0,14,0.0,0.0,2.0,3
121451,0,0,0.046178289231868286,7.0,148.6,21.228571428571428,4.142857142857143,7.0,11,0.0,0.0,12.0,4
121459,0,0,0.21899574186467224,1.0,19.2,19.2,4.0,2.0,3,0.0,0.0,1.0,1
121460,0,0,0.07249663664120112,5.0,120.8,24.16,4.0,6.0,13,0.0,0.0,8.0,3
121461,1,0,0.26316600288908254,2.0,30.0,15.0,3.0,3.0,8,0.0,0.0,0.0,3
121464,0,0,0.27663157351518824,2.0,24.9,12.45,2.5,3.0,2,0.0,0.0,0.0,4
121466,0,0,0.22218214049475335,1.0,2.4,2.4,5.0,2.0,8,0.0,0.0,1.0,3
121476,0,0,0.06246708773944582,5.0,74.0,14.8,4.2,6.0,10,0.0,0.0,14.0,4
121478,0,0,0.13598246609295914,2.0,113.5,56.75,2.5,3.0,4,0.0,0.0,1.0,4
121480,0,0,0.20566910074595762,5.0,68.89999999999999,13.779999999999998,3.2,6.0,12,1.0,49.99,2.0,1
121485,1,0,0.26905522535298343,1.0,15.1,15.1,2.0,2.0,16,0.0,0.0,1.0,2
121486,0,0,0.21154786049514115,2.0,33.1,16.55,3.5,3.0,10,0.0,0.0,2.0,3
121518,0,0,0.20487237004633763,3.0,63.1,21.033333333333335,4.0,4.0,3,0.0,0.0,0.0,1
121522,0,0,0.02207719652541071,7.0,240.3,34.32857142857143,3.0,7.0,10,0.0,0.0,10.0,4
121531,0,0,0.24311894687004623,2.0,33.2,16.6,2.5,3.0,7,0.0,0.0,1.0,1
121533,0,0,0.12826132276639846,5.0,99.39999999999999,19.88,2.0,6.0,8,0.0,0.0,6.0,4
121536,0,0,0.14855823677179247,1.0,31.5,31.5,5.0,2.0,2,0.0,0.0,4.0,4
121539,0,0,0.2565101698241138,2.0,25.1,12.55,2.5,3.0,4,0.0,0.0,1.0,4
121559,0,0,0.2569798385295707,3.0,46.4,15.466666666666667,2.3333333333333335,5.0,18,0.0,0.0,1.0,4
121562,0,0,0.13485307197917817,2.0,98.1,49.05,5.0,3.0,1,0.0,0.0,0.0,2
121572,1,0,0.14392644984271477,3.0,49.0,16.333333333333332,3.6666666666666665,4.0,13,0.0,0.0,6.0,4
121577,0,0,0.1202083353365288,3.0,85.3,28.433333333333334,3.6666666666666665,4.0,4,0.0,0.0,4.0,1
121582,0,0,0.25699395714634415,3.0,47.8,15.933333333333332,2.0,4.0,15,0.0,0.0,1.0,2
121597,0,0,0.09140316733423849,9.0,168.0,18.666666666666668,3.2222222222222223,9.0,12,0.0,0.0,7.0,4
121598,0,0,0.1450604566257176,2.0,94.2,47.1,2.5,3.0,9,0.0,0.0,2.0,2
121602,0,0,0.2774583785200288,2.0,9.7,4.85,4.0,3.0,4,0.0,0.0,0.0,4
121617,0,0,0.11833624518995432,3.0,98.7,32.9,3.6666666666666665,4.0,4,0.0,0.0,3.0,3
121621,1,0,0.19969877505696867,4.0,50.4,12.6,4.5,5.0,15,0.0,0.0,3.0,4
121625,0,0,0.16674415679422702,5.0,84.4,16.880000000000003,2.8,6.0,6,0.0,0.0,4.0,4
121628,0,0,0.1317019657104328,7.0,97.1,13.87142857142857,3.2857142857142856,7.0,13,0.0,0.0,8.0,4
121630,0,0,0.245136896678848,1.0,13.2,13.2,2.0,2.0,10,0.0,0.0,2.0,3
121631,0,0,0.15358714852893837,3.0,72.8,24.266666666666666,3.3333333333333335,4.0,4,0.0,0.0,3.0,4
121634,0,0,0.23850589069715597,1.0,1.3,1.3,5.0,2.0,2,0.0,0.0,0.0,4
121639,0,0,0.23069643287191674,1.0,28.3,28.3,4.0,2.0,0,0.0,0.0,0.0,4
121645,0,0,0.20714803953536853,2.0,32.4,16.2,3.5,3.0,4,0.0,0.0,2.0,2
121648,1,0,0.20014001049467176,3.0,67.19999999999999,22.399999999999995,3.3333333333333335,4.0,15,0.0,0.0,1.0,2
121654,0,0,0.2030266298276101,2.0,43.8,21.9,5.0,3.0,1,0.0,0.0,0.0,4
121655,0,0,0.2731456165682153,1.0,24.1,24.1,2.0,2.0,4,0.0,0.0,0.0,4
121660,0,0,0.1625484796642738,5.0,45.800000000000004,9.16,2.4,6.0,10,1.0,4.99,9.0,2
121669,0,0,0.23031777290698768,2.0,35.0,17.5,2.0,3.0,6,0.0,0.0,2.0,4
121670,0,0,0.20558465508903398,3.0,50.7,16.900000000000002,1.3333333333333333,4.0,15,0.0,0.0,4.0,4
121673,0,0,0.27559026183819413,1.0,38.3,38.3,1.0,2.0,1,0.0,0.0,0.0,4
121678,0,0,0.15836655868217148,1.0,27.4,27.4,8.0,2.0,4,0.0,0.0,1.0,3
121682,0,0,0.27159785735030034,1.0,21.8,21.8,2.0,2.0,1,0.0,0.0,0.0,3
121689,0,0,0.28149202980184895,1.0,10.4,10.4,2.0,2.0,2,0.0,0.0,0.0,1
121699,0,0,0.12658039300184995,5.0,100.60000000000001,20.12,3.4,6.0,12,0.0,0.0,5.0,4
121701,0,0,0.0627837906516431,5.0,133.1,26.619999999999997,3.8,6.0,5,0.0,0.0,8.0,4
121703,0,0,0.30018693298295857,1.0,11.9,11.9,1.0,2.0,0,0.0,0.0,0.0,4
121713,0,0,0.12038360600171664,3.0,69.80000000000001,23.26666666666667,2.0,4.0,6,0.0,0.0,7.0,3
121714,0,0,0.22912330538546374,1.0,7.5,7.5,5.0,2.0,0,0.0,0.0,0.0,1
121715,0,0,0.2735309417379351,1.0,4.3,4.3,2.0,2.0,9,0.0,0.0,1.0,3
121724,0,0,0.23370138941351654,4.0,45.0,11.25,5.0,5.0,8,0.0,0.0,1.0,4
121725,0,0,0.1529524419813351,2.0,75.9,37.95,4.5,3.0,2,0.0,0.0,1.0,4
121728,0,0,0.16289792571488954,5.0,57.0,11.4,4.6,7.0,18,0.0,0.0,6.0,4
121730,0,0,0.2556246398378912,1.0,19.4,19.4,3.0,2.0,0,0.0,0.0,0.0,4
121741,0,0,0.2598894697859937,2.0,28.200000000000003,14.100000000000001,3.0,3.0,1,0.0,0.0,0.0,3
121753,0,0,0.2965055089483731,1.0,4.8,4.8,2.0,2.0,9,0.0,0.0,0.0,4
121755,0,0,0.17301813654473586,6.0,73.3,12.216666666666667,4.333333333333333,6.0,10,0.0,0.0,5.0,1
121757,0,0,0.1827653405717819,4.0,73.2,18.3,3.0,5.0,15,0.0,0.0,3.0,4
121758,0,0,0.20819530256557892,2.0,34.3,17.15,3.5,3.0,7,0.0,0.0,2.0,4
121760,1,0,0.26684419470500303,2.0,19.8,9.9,1.5,3.0,9,0.0,0.0,2.0,4
121772,0,0,0.24387564069128928,3.0,63.1,21.033333333333335,1.0,5.0,16,0.0,0.0,1.0,1
121776,0,0,0.3052050435068103,1.0,6.9,6.9,1.0,2.0,1,0.0,0.0,0.0,3
121777,0,0,0.10144230862894356,4.0,125.6,31.4,4.75,5.0,3,0.0,0.0,2.0,4
121780,0,0,0.29496849863240293,1.0,21.2,21.2,1.0,2.0,5,0.0,0.0,0.0,3
121781,0,0,0.18695651045238398,3.0,69.2,23.066666666666666,3.6666666666666665,4.0,9,0.0,0.0,1.0,1
121785,0,0,0.24700861242238029,1.0,9.4,9.4,4.0,2.0,3,0.0,0.0,0.0,1
121791,0,0,0.23633723088355865,1.0,3.3,3.3,4.0,2.0,8,0.0,0.0,1.0,1
121796,0,0,0.1813221008974716,8.0,89.9,11.2375,3.125,8.0,14,0.0,0.0,7.0,3
121816,0,0,0.04614799348647801,9.0,194.3,21.58888888888889,5.333333333333333,9.0,15,0.0,0.0,9.0,2
121818,0,0,0.2139272559919088,3.0,45.0,15.0,3.3333333333333335,4.0,6,0.0,0.0,2.0,4
121822,1,0,0.03880855258662068,6.0,195.0,32.5,5.833333333333333,6.0,13,0.0,0.0,6.0,3
121852,0,0,0.08948714111442206,4.0,103.0,25.75,4.25,5.0,5,0.0,0.0,6.0,4
121861,0,0,0.19872068342688118,3.0,63.900000000000006,21.3,2.6666666666666665,6.0,17,0.0,0.0,2.0,4
121871,1,0,0.2141436167866062,2.0,30.1,15.05,4.5,3.0,4,0.0,0.0,1.0,3
121881,0,0,0.12882273065046457,4.0,78.8,19.7,4.0,5.0,7,0.0,0.0,5.0,4
121899,0,0,0.08236467645837721,4.0,125.5,31.375,5.0,5.0,6,0.0,0.0,4.0,4
121908,0,0,0.1676744805020808,3.0,47.6,15.866666666666667,4.0,4.0,8,0.0,0.0,4.0,4
121910,0,0,0.24104898576062292,3.0,42.1,14.033333333333333,3.3333333333333335,4.0,9,0.0,0.0,1.0,4
121921,0,0,0.19520553095325965,3.0,65.5,21.833333333333332,2.6666666666666665,4.0,13,0.0,0.0,2.0,4
121929,0,0,0.16341654558494598,2.0,79.0,39.5,4.0,4.0,16,0.0,0.0,1.0,4
121942,0,0,0.10156113990184498,7.0,119.6,17.085714285714285,3.4285714285714284,7.0,10,0.0,0.0,8.0,4
121948,0,0,0.06503832808981735,5.0,158.6,31.72,4.0,6.0,11,0.0,0.0,5.0,1
121952,0,0,0.2683146042345132,1.0,15.5,15.5,3.0,2.0,11,0.0,0.0,0.0,3
121953,0,0,0.2538622523920881,4.0,48.7,12.175,3.25,5.0,8,0.0,0.0,1.0,1
121956,0,0,0.0553577045904421,6.0,165.8,27.633333333333336,4.0,6.0,6,0.0,0.0,7.0,4
121957,0,0,0.20435357143607252,1.0,41.3,41.3,5.0,2.0,0,0.0,0.0,0.0,4
121961,0,0,0.23073424497840592,3.0,28.6,9.533333333333333,4.333333333333333,4.0,6,1.0,69.98,0.0,1
121969,0,0,0.24569025908375614,1.0,12.8,12.8,4.0,2.0,2,0.0,0.0,0.0,4
121971,0,0,0.06111143592817252,4.0,164.1,41.025,5.5,5.0,7,1.0,1.99,3.0,1
121973,0,0,0.06662233097532788,5.0,125.0,25.0,4.6,6.0,9,1.0,4.99,8.0,2
121974,0,0,0.065515200443112,4.0,181.2,45.3,2.5,5.0,10,0.0,0.0,3.0,4
121978,0,0,0.29659508893018466,1.0,11.3,11.3,2.0,3.0,17,0.0,0.0,0.0,4
121987,0,0,0.2512948680535614,6.0,66.0,11.0,3.8333333333333335,6.0,10,0.0,0.0,2.0,3
121996,0,0,0.1707635405593117,5.0,67.8,13.559999999999999,2.4,6.0,12,0.0,0.0,6.0,3
121997,0,0,0.22759717228102228,4.0,56.0,14.0,3.0,5.0,12,0.0,0.0,2.0,2
122004,0,0,0.19828581198170728,1.0,29.5,29.5,6.0,2.0,0,0.0,0.0,0.0,4
122010,0,0,0.310367805328364,1.0,10.8,10.8,1.0,2.0,12,0.0,0.0,0.0,1
122018,0,0,0.14205648428572856,4.0,73.2,18.3,3.25,5.0,6,0.0,0.0,5.0,1
122023,0,0,0.24363384793317291,2.0,43.7,21.85,2.5,3.0,1,0.0,0.0,0.0,4
122025,0,0,0.15973210683749556,2.0,66.1,33.05,4.0,3.0,8,0.0,0.0,2.0,4
122034,0,0,0.15653271384810652,2.0,45.5,22.75,3.5,3.0,4,0.0,0.0,4.0,1
122037,0,0,0.21692782153298265,1.0,6.5,6.5,6.0,2.0,1,0.0,0.0,0.0,4
122051,0,0,0.1304983290100099,6.0,111.9,18.650000000000002,3.3333333333333335,6.0,10,1.0,9.99,5.0,2
122066,0,0,0.24147257263071253,1.0,12.4,12.4,2.0,2.0,4,0.0,0.0,2.0,4
122081,0,0,0.13276843655748702,4.0,53.2,13.3,4.5,6.0,16,0.0,0.0,7.0,1
122094,0,0,0.2029829391628373,6.0,76.6,12.766666666666666,2.1666666666666665,6.0,14,0.0,0.0,5.0,4
122112,0,0,0.07508220558060517,5.0,175.0,35.0,4.0,6.0,11,0.0,0.0,2.0,3
122131,0,0,0.06930478189108646,4.0,109.0,27.25,4.25,5.0,7,0.0,0.0,8.0,4
122132,1,0,0.112119456432795,5.0,90.80000000000001,18.160000000000004,3.8,6.0,14,0.0,0.0,7.0,4
122135,0,0,0.22127686696582505,1.0,39.1,39.1,3.0,2.0,4,0.0,0.0,1.0,3
122144,0,0,0.1376481789808781,2.0,82.6,41.3,4.0,3.0,2,0.0,0.0,2.0,4
122150,1,0,0.22600309483129083,1.0,2.3,2.3,4.0,4.0,18,0.0,0.0,2.0,4
122157,0,0,0.11838054406034436,5.0,104.3,20.86,2.6,6.0,7,1.0,6.98,6.0,3
122159,0,0,0.29926750357315945,1.0,19.8,19.8,1.0,2.0,7,0.0,0.0,0.0,4
122160,0,0,0.2614909893728177,2.0,23.6,11.8,3.0,4.0,18,0.0,0.0,1.0,4
122173,0,0,0.12492864206624793,4.0,115.3,28.825,4.0,5.0,14,0.0,0.0,2.0,4
122177,0,0,0.2807596978314002,3.0,16.4,5.466666666666666,2.6666666666666665,4.0,8,0.0,0.0,2.0,3
122185,0,0,0.18509900957584904,5.0,70.4,14.080000000000002,2.4,7.0,17,0.0,0.0,5.0,3
122190,0,0,0.2459496650643264,1.0,13.5,13.5,4.0,2.0,3,0.0,0.0,0.0,4
122194,0,0,0.18825139727251605,5.0,60.9,12.18,3.2,6.0,12,0.0,0.0,5.0,4
122195,0,0,0.2653264282787922,4.0,28.599999999999998,7.1499999999999995,5.25,6.0,15,0.0,0.0,1.0,1
122196,0,0,0.2349779047578013,2.0,26.6,13.3,3.5,3.0,2,0.0,0.0,1.0,4
122198,0,0,0.1860942554101439,2.0,45.5,22.75,3.0,3.0,12,0.0,0.0,3.0,4
122203,0,0,0.18204524525161647,3.0,45.5,15.166666666666666,4.0,4.0,4,0.0,0.0,3.0,1
122217,0,0,0.24132846008363137,1.0,52.5,52.5,2.0,2.0,0,0.0,0.0,0.0,1
122227,0,0,0.2940588464353053,1.0,4.3,4.3,2.0,2.0,6,0.0,0.0,0.0,4
122230,0,0,0.291831820306145,3.0,32.7,10.9,2.6666666666666665,4.0,10,0.0,0.0,0.0,1
122237,0,0,0.10107916461737568,5.0,102.9,20.580000000000002,4.2,6.0,4,0.0,0.0,6.0,3
122239,0,0,0.13975742128000637,3.0,57.2,19.066666666666666,5.0,4.0,6,0.0,0.0,4.0,1
122248,1,0,0.2626602275011214,3.0,44.9,14.966666666666667,2.0,4.0,13,0.0,0.0,1.0,4
122263,0,0,0.02071722844464771,9.0,221.6,24.62222222222222,4.777777777777778,9.0,14,0.0,0.0,14.0,4
122265,0,0,0.14537888152979092,6.0,106.69999999999999,17.78333333333333,2.6666666666666665,7.0,16,0.0,0.0,5.0,2
122271,0,0,0.14841917985560346,4.0,70.9,17.725,4.25,5.0,5,0.0,0.0,4.0,4
122290,0,0,0.079370727517092,6.0,153.0,25.5,5.166666666666667,6.0,10,0.0,0.0,4.0,3
122294,0,0,0.09123158946996497,4.0,149.0,37.25,4.5,5.0,6,0.0,0.0,1.0,2
122300,0,0,0.27200027140226446,2.0,17.9,8.95,4.0,4.0,16,0.0,0.0,0.0,3
122304,0,0,0.19901848629687896,1.0,43.1,43.1,3.0,2.0,3,0.0,0.0,2.0,3
122312,0,0,0.2346426627749698,1.0,12.8,12.8,5.0,2.0,9,0.0,0.0,0.0,4
122323,0,0,0.2387059590409809,2.0,25.700000000000003,12.850000000000001,4.0,4.0,16,0.0,0.0,1.0,4
122327,0,0,0.29666555544261414,2.0,12.5,6.25,1.5,3.0,5,0.0,0.0,1.0,2
122333,0,0,0.2217611240856681,2.0,47.699999999999996,23.849999999999998,2.5,3.0,6,0.0,0.0,1.0,4
122337,0,0,0.22687332971696694,4.0,60.5,15.125,3.75,5.0,13,0.0,0.0,1.0,2
122342,0,0,0.2608281249779892,1.0,17.1,17.1,2.0,2.0,10,0.0,0.0,1.0,1
122343,0,0,0.37435136813906167,4.0,20.9,5.225,2.0,5.0,12,0.0,0.0,0.0,4
122350,0,0,0.20962733547285164,4.0,62.3,15.575,2.0,5.0,6,0.0,0.0,3.0,4
122355,0,0,0.2018129004894202,2.0,15.0,7.5,5.5,3.0,2,0.0,0.0,2.0,4
122359,0,0,0.20233615437655444,4.0,61.10000000000001,15.275000000000002,3.75,5.0,5,0.0,0.0,2.0,4
122369,0,0,0.21187101187872437,4.0,63.1,15.775,3.0,5.0,10,0.0,0.0,2.0,1
122374,0,0,0.10441194626744627,3.0,103.3,34.43333333333333,4.666666666666667,4.0,3,0.0,0.0,3.0,4
122380,0,0,0.25079762005690187,1.0,9.0,9.0,4.0,2.0,4,0.0,0.0,0.0,4
122382,0,0,0.1409584569510797,5.0,111.2,22.240000000000002,3.4,6.0,17,0.0,0.0,3.0,4
122392,0,0,0.27563168872621496,1.0,31.1,31.1,2.0,3.0,17,0.0,0.0,0.0,2
122397,0,0,0.13076903402488949,6.0,90.1,15.016666666666666,4.833333333333333,6.0,13,0.0,0.0,6.0,3
122399,0,0,0.17583838819925843,3.0,47.0,15.666666666666666,5.666666666666667,4.0,5,0.0,0.0,2.0,4
122403,0,0,0.08446717619507196,5.0,141.70000000000002,28.340000000000003,4.4,7.0,16,0.0,0.0,4.0,1
122411,0,0,0.29499965254147453,3.0,44.0,14.666666666666666,1.6666666666666667,4.0,11,1.0,9.99,0.0,4
122419,0,0,0.1513141665632062,2.0,60.5,30.25,3.0,6.0,18,0.0,0.0,4.0,1
122424,0,0,0.25165927858728865,2.0,23.6,11.8,4.0,3.0,3,0.0,0.0,0.0,3
122434,0,0,0.10862831998232861,4.0,113.1,28.275,4.75,6.0,16,0.0,0.0,3.0,3
122437,0,0,0.21698707773628081,2.0,31.9,15.95,4.5,3.0,10,0.0,0.0,1.0,4
122438,1,0,0.26941030617682765,3.0,18.9,6.3,4.333333333333333,4.0,10,0.0,0.0,1.0,4
122446,0,0,0.21799310746178113,2.0,13.0,6.5,5.0,3.0,10,0.0,0.0,2.0,3
122448,1,0,0.05618444070108416,8.0,166.0,20.75,3.75,9.0,15,0.0,0.0,10.0,1
122449,0,0,0.30957978049877843,0.0,0.0,0.0,0.0,1.0,17,0.0,0.0,0.0,3
122456,0,0,0.1857106335038263,7.0,114.2,16.314285714285713,3.857142857142857,7.0,15,0.0,0.0,2.0,2
122465,0,0,0.06560734035903058,6.0,178.8,29.8,4.333333333333333,7.0,17,0.0,0.0,4.0,1
122470,1,0,0.3087289742842902,2.0,16.4,8.2,2.0,3.0,9,0.0,0.0,0.0,4
122472,0,0,0.07990524167818784,4.0,92.69999999999999,23.174999999999997,5.75,5.0,9,0.0,0.0,7.0,3
122479,0,0,0.06230901807398004,3.0,147.3,49.1,4.666666666666667,4.0,3,0.0,0.0,4.0,4
122485,0,0,0.2674627076788927,2.0,19.3,9.65,2.5,3.0,8,0.0,0.0,1.0,1
122493,1,0,0.28724555878358493,1.0,1.5,1.5,3.0,2.0,17,0.0,0.0,0.0,3
122497,0,0,0.31362816246862835,2.0,11.9,5.95,1.0,3.0,9,0.0,0.0,1.0,4
122504,0,0,0.11381356479415716,5.0,151.1,30.22,2.0,6.0,11,0.0,0.0,2.0,3
122506,0,0,0.3076032465768918,0.0,0.0,0.0,0.0,1.0,16,0.0,0.0,0.0,2
122511,0,0,0.020530863106524102,9.0,266.20000000000005,29.577777777777783,4.666666666666667,9.0,10,0.0,0.0,9.0,1
122520,0,0,0.14315659035129077,4.0,49.599999999999994,12.399999999999999,3.75,5.0,7,0.0,0.0,7.0,4
122531,0,0,0.29592973150459634,1.0,1.4,1.4,2.0,2.0,5,0.0,0.0,0.0,4
122544,0,0,0.2228763864165154,2.0,45.400000000000006,22.700000000000003,2.5,3.0,4,0.0,0.0,1.0,3
122555,0,0,0.2025609524649206,2.0,54.900000000000006,27.450000000000003,3.0,3.0,8,0.0,0.0,1.0,1
122559,0,0,0.2910288977275908,1.0,22.3,22.3,1.0,2.0,4,0.0,0.0,0.0,1
122561,0,0,0.2822848284815822,1.0,11.5,11.5,2.0,2.0,2,0.0,0.0,0.0,3
122566,0,0,0.22538941952006347,1.0,12.0,12.0,5.0,2.0,0,0.0,0.0,0.0,1
122577,0,0,0.1535696548116431,3.0,71.3,23.766666666666666,4.0,4.0,5,1.0,1.99,3.0,3
122588,0,0,0.1812571688650844,4.0,39.0,9.75,4.5,5.0,11,0.0,0.0,5.0,3
122602,0,0,0.2400513194126349,1.0,8.5,8.5,5.0,2.0,12,0.0,0.0,0.0,3
122603,0,0,0.2158629770535775,2.0,23.0,11.5,3.0,3.0,9,0.0,0.0,3.0,4
122606,0,0,0.16907562197258347,6.0,123.79999999999998,20.63333333333333,3.1666666666666665,6.0,9,0.0,0.0,1.0,4
122618,0,0,0.13964925313743579,3.0,82.0,27.333333333333332,3.6666666666666665,4.0,7,0.0,0.0,3.0,4
122621,1,0,0.2819498126394937,2.0,18.3,9.15,3.0,3.0,8,0.0,0.0,0.0,1
122626,1,0,0.14381221308639083,3.0,71.1,23.7,3.6666666666666665,4.0,14,0.0,0.0,4.0,4
122627,0,0,0.2806061981393461,1.0,10.3,10.3,2.0,2.0,0,0.0,0.0,0.0,2
122630,0,0,0.31744879684027905,3.0,27.4,9.133333333333333,2.0,4.0,8,0.0,0.0,0.0,4
122645,0,0,0.12409533706041882,6.0,89.1,14.85,3.3333333333333335,6.0,14,0.0,0.0,8.0,4
122651,0,0,0.11842063289729607,3.0,75.4,25.133333333333336,5.333333333333333,4.0,9,0.0,0.0,4.0,4
122658,1,0,0.2231325683979938,2.0,16.1,8.05,3.0,3.0,5,0.0,0.0,3.0,4
122663,0,0,0.29136652091109644,3.0,13.0,4.333333333333333,2.3333333333333335,4.0,5,0.0,0.0,2.0,3
122668,0,0,0.2647135363549911,4.0,30.6,7.65,2.75,5.0,13,0.0,0.0,3.0,3
122680,0,0,0.2470792882888334,2.0,37.1,18.55,2.5,3.0,16,0.0,0.0,1.0,4
122681,0,0,0.23295768805677886,2.0,24.0,12.0,5.0,3.0,1,0.0,0.0,0.0,4
122690,0,0,0.2864292428550724,1.0,22.1,22.1,2.0,2.0,16,0.0,0.0,0.0,4
122691,0,0,0.07790182720537113,4.0,121.80000000000001,30.450000000000003,4.25,6.0,18,0.0,0.0,6.0,4
122692,0,0,0.04276902469448356,5.0,98.5,19.7,5.6,6.0,15,0.0,0.0,14.0,1
122697,0,0,0.304263720048809,2.0,10.7,5.35,3.0,4.0,16,0.0,0.0,0.0,3
122701,1,0,0.09164468337865368,5.0,173.0,34.6,3.4,6.0,8,1.0,1.99,1.0,2
122714,0,0,0.05510959040692078,7.0,141.0,20.142857142857142,4.428571428571429,8.0,15,0.0,0.0,11.0,4
122725,0,0,0.03717351753477866,5.0,201.29999999999998,40.26,5.0,6.0,7,0.0,0.0,5.0,3
122726,0,0,0.03280424961303319,7.0,159.0,22.714285714285715,4.428571428571429,9.0,17,0.0,0.0,14.0,4
122732,0,0,0.12575627113052,4.0,92.3,23.075,3.75,5.0,7,0.0,0.0,4.0,1
122736,0,0,0.04932955466390324,6.0,126.1,21.016666666666666,5.666666666666667,6.0,9,0.0,0.0,11.0,4
122745,0,0,0.31764434049980483,4.0,19.8,4.95,2.5,5.0,14,0.0,0.0,2.0,3
122761,0,0,0.14300249365734183,3.0,100.4,33.46666666666667,3.6666666666666665,4.0,6,0.0,0.0,1.0,4
122766,0,0,0.19572201483732585,5.0,85.0,17.0,3.6,6.0,8,1.0,1.99,2.0,4
122769,0,0,0.2259475997591268,2.0,22.0,11.0,3.5,3.0,6,0.0,0.0,2.0,4
122770,0,0,0.17715193322064315,2.0,38.6,19.3,4.0,3.0,8,0.0,0.0,3.0,2
122779,0,0,0.15257913038101562,4.0,36.099999999999994,9.024999999999999,3.5,5.0,10,0.0,0.0,8.0,4
122780,0,0,0.2570483682765593,1.0,22.8,22.8,3.0,2.0,5,0.0,0.0,0.0,4
122781,0,0,0.11359424453493179,5.0,114.4,22.880000000000003,3.2,8.0,18,0.0,0.0,5.0,4
122787,0,0,0.28360667414115603,1.0,6.2,6.2,2.0,2.0,0,0.0,0.0,0.0,1
122789,0,0,0.1606399243352379,5.0,49.3,9.86,4.4,6.0,14,0.0,0.0,7.0,4
122791,0,0,0.05794659462462725,6.0,132.6,22.099999999999998,5.666666666666667,8.0,17,0.0,0.0,9.0,4
122792,0,0,0.1419984608283709,2.0,46.6,23.3,6.0,3.0,5,0.0,0.0,3.0,4
122794,0,0,0.24265350415659373,2.0,44.3,22.15,2.5,3.0,1,0.0,0.0,0.0,4
122806,0,0,0.27022847943974154,2.0,18.0,9.0,3.5,3.0,2,0.0,0.0,0.0,4
122807,0,0,0.28780566911436495,1.0,14.7,14.7,2.0,2.0,10,0.0,0.0,0.0,4
122808,0,0,0.0070576031773879255,5.0,235.4,47.08,4.2,6.0,9,1.0,99.99,15.0,4
122829,0,0,0.12203066944898319,4.0,104.8,26.2,3.0,5.0,11,0.0,0.0,4.0,4
122830,0,0,0.2122923910601021,2.0,33.8,16.9,2.0,3.0,5,0.0,0.0,3.0,4
122831,0,0,0.10759009081544534,6.0,143.5,23.916666666666668,4.0,6.0,13,0.0,0.0,3.0,1
122833,0,0,0.2861471067155779,3.0,37.8,12.6,2.0,4.0,2,0.0,0.0,0.0,1
122838,0,0,0.15809246395198745,5.0,110.3,22.06,2.8,6.0,10,0.0,0.0,2.0,2
122843,0,0,0.3029565994781057,2.0,20.9,10.45,2.0,4.0,16,0.0,0.0,0.0,1
122844,0,0,0.005451380339981393,11.0,354.8,32.25454545454546,5.2727272727272725,10.0,14,0.0,0.0,14.0,4
122851,0,0,0.1974579654108479,1.0,31.6,31.6,6.0,2.0,1,0.0,0.0,0.0,4
122883,0,0,0.29355760950310444,3.0,30.0,10.0,2.0,6.0,16,0.0,0.0,1.0,4
122894,0,0,0.2506032234598184,3.0,39.7,13.233333333333334,3.0,4.0,11,0.0,0.0,1.0,1
122915,0,0,0.2771898254058049,2.0,11.6,5.8,2.5,3.0,1,0.0,0.0,1.0,4
122917,0,0,0.2622350364471434,1.0,13.2,13.2,3.0,2.0,4,0.0,0.0,0.0,1
122926,0,0,0.02084542247655925,6.0,278.6,46.43333333333334,4.666666666666667,6.0,6,1.0,4.99,4.0,3
122954,0,0,0.1998546986534452,4.0,46.5,11.625,4.75,5.0,14,0.0,0.0,3.0,1
122960,0,0,0.22031766711127312,2.0,51.1,25.55,3.5,3.0,7,0.0,0.0,0.0,4
122964,0,0,0.2572956550965768,1.0,3.2,3.2,3.0,2.0,12,0.0,0.0,1.0,1
122974,0,0,0.17683447003973324,4.0,33.5,8.375,3.25,5.0,13,0.0,0.0,7.0,4
122982,0,0,0.2333192463252399,4.0,34.7,8.675,1.75,5.0,13,0.0,0.0,5.0,4
123010,0,0,0.28189381906296346,3.0,28.9,9.633333333333333,1.6666666666666667,5.0,17,0.0,0.0,2.0,4
123011,0,0,0.29378301025548,1.0,12.2,12.2,2.0,3.0,16,0.0,0.0,0.0,3
123012,0,0,0.2624904677518086,3.0,34.5,11.5,3.0,4.0,10,0.0,0.0,1.0,4
123023,0,0,0.17199948403052423,2.0,80.9,40.45,4.0,3.0,1,1.0,4.99,0.0,3
123030,0,0,0.22753472668208286,3.0,37.0,12.333333333333334,2.3333333333333335,4.0,9,0.0,0.0,3.0,4
123043,0,0,0.04523314834534433,7.0,172.79999999999998,24.685714285714283,4.857142857142857,7.0,11,0.0,0.0,9.0,4
123044,0,0,0.14325387934722478,6.0,86.9,14.483333333333334,2.8333333333333335,8.0,16,0.0,0.0,7.0,1
123045,0,0,0.24726537129756448,1.0,28.8,28.8,3.0,2.0,0,0.0,0.0,0.0,4
123046,0,0,0.2530815459860239,1.0,23.6,23.6,2.0,2.0,5,0.0,0.0,1.0,4
123054,1,0,0.29259454299971377,4.0,42.4,10.6,2.0,5.0,10,0.0,0.0,1.0,1
123069,0,0,0.2720299252372446,2.0,17.9,8.95,4.0,4.0,17,0.0,0.0,0.0,2
123071,0,0,0.18737431423906514,2.0,31.9,15.95,4.0,3.0,8,0.0,0.0,3.0,4
123076,0,0,0.2854890128547693,3.0,37.8,12.6,2.3333333333333335,4.0,6,0.0,0.0,0.0,3
123077,0,0,0.269189854955984,1.0,3.6,3.6,3.0,2.0,0,0.0,0.0,0.0,3
123080,0,0,0.24674395345420558,1.0,26.5,26.5,3.0,2.0,0,0.0,0.0,0.0,1
123082,0,0,0.10265683147879417,4.0,122.69999999999999,30.674999999999997,5.0,5.0,5,0.0,0.0,2.0,3
123088,0,0,0.046336613257931016,5.0,173.3,34.660000000000004,6.0,6.0,10,0.0,0.0,5.0,1
123089,0,0,0.1981901510598373,4.0,39.7,9.925,4.0,5.0,3,1.0,49.99,3.0,4
123092,0,0,0.20722561955748467,1.0,8.7,8.7,5.0,2.0,18,0.0,0.0,2.0,4
123094,0,0,0.2164348312983808,3.0,16.6,5.533333333333334,3.0,4.0,14,0.0,0.0,5.0,1
123095,0,0,0.23621349212995846,2.0,38.3,19.15,3.5,3.0,3,0.0,0.0,0.0,3
123097,0,0,0.2115041476002578,2.0,58.2,29.1,2.0,3.0,4,0.0,0.0,1.0,3
123100,0,0,0.18761069322138005,4.0,44.4,11.1,3.5,6.0,16,0.0,0.0,5.0,1
123109,0,0,0.05378742274966324,6.0,139.0,23.166666666666668,5.5,6.0,10,0.0,0.0,9.0,4
123115,0,0,0.0276514120283583,8.0,142.0,17.75,4.25,8.0,14,0.0,0.0,19.0,4
123145,1,0,0.07852437823827146,8.0,141.20000000000002,17.650000000000002,4.375,9.0,15,0.0,0.0,9.0,3
123158,0,0,0.25418924102774937,2.0,22.799999999999997,11.399999999999999,3.0,3.0,7,0.0,0.0,1.0,4
123165,0,0,0.1577215501439872,3.0,116.80000000000001,38.93333333333334,1.6666666666666667,4.0,4,0.0,0.0,0.0,3
123166,0,0,0.20626739254519696,3.0,41.3,13.766666666666666,3.0,4.0,5,0.0,0.0,3.0,4
123175,0,0,0.2583109603663404,1.0,13.8,13.8,2.0,2.0,1,0.0,0.0,1.0,4
123178,0,0,0.11912911679375349,8.0,118.1,14.7625,3.75,8.0,16,0.0,0.0,8.0,4
123186,0,0,0.18035956404371875,3.0,51.3,17.099999999999998,6.0,4.0,6,0.0,0.0,1.0,2
123194,0,0,0.1633354692602207,3.0,72.7,24.233333333333334,4.0,4.0,11,0.0,0.0,2.0,2
123211,0,0,0.31434654130735407,1.0,2.8,2.8,1.0,2.0,5,0.0,0.0,0.0,4
123213,0,0,0.24683721084262544,1.0,9.5,9.5,4.0,2.0,0,0.0,0.0,0.0,4
123225,0,0,0.2746604315768154,2.0,22.7,11.35,3.5,4.0,17,0.0,0.0,0.0,4
123228,0,0,0.12114566833852913,4.0,93.6,23.4,4.25,5.0,8,0.0,0.0,4.0,4
123245,0,0,0.2615608964027739,3.0,26.8,8.933333333333334,2.6666666666666665,4.0,11,0.0,0.0,2.0,2
123260,0,0,0.07040316791004726,4.0,116.7,29.175,3.5,6.0,15,0.0,0.0,8.0,4
123263,0,0,0.2382145139103294,4.0,60.8,15.2,2.0,5.0,14,0.0,0.0,2.0,4
123269,0,0,0.248201951796758,2.0,14.6,7.3,5.0,3.0,1,0.0,0.0,0.0,4
123272,1,0,0.3230672073264863,3.0,14.9,4.966666666666667,3.3333333333333335,5.0,17,0.0,0.0,0.0,1
123288,0,0,0.2369487753670991,2.0,31.2,15.6,3.5,3.0,13,0.0,0.0,1.0,4
123295,0,0,0.047962662115553556,8.0,214.6,26.825,3.0,9.0,18,0.0,0.0,7.0,1
123298,0,0,0.21477453678883163,3.0,49.7,16.566666666666666,4.0,4.0,9,0.0,0.0,1.0,2
123304,0,0,0.23548993724065487,2.0,35.8,17.9,2.5,3.0,3,0.0,0.0,1.0,1
123307,0,0,0.10470891636269136,5.0,130.7,26.139999999999997,4.4,6.0,13,0.0,0.0,3.0,3
123309,0,0,0.16923778066676443,3.0,62.0,20.666666666666668,3.3333333333333335,4.0,6,0.0,0.0,3.0,3
123312,0,0,0.12916604548488103,4.0,107.4,26.85,3.25,7.0,18,0.0,0.0,3.0,1
123319,0,0,0.24834372614687847,2.0,21.9,10.95,4.5,3.0,5,0.0,0.0,0.0,4
123327,0,0,0.05810427007860275,6.0,153.9,25.650000000000002,4.166666666666667,8.0,18,0.0,0.0,8.0,3
123328,1,0,0.24701198402843993,2.0,28.5,14.25,2.0,5.0,17,0.0,0.0,2.0,3
123337,0,0,0.058666986301699586,4.0,95.4,23.85,7.0,6.0,18,0.0,0.0,9.0,3
123355,0,0,0.16030851214418781,1.0,24.3,24.3,8.0,2.0,3,0.0,0.0,1.0,4
123356,0,0,0.25525397153204943,2.0,33.6,16.8,3.5,3.0,15,0.0,0.0,0.0,4
123360,0,0,0.26796805352595693,3.0,23.1,7.7,1.3333333333333333,4.0,5,0.0,0.0,3.0,4
123363,0,0,0.258585372692531,1.0,21.1,21.1,3.0,2.0,5,0.0,0.0,0.0,4
123373,0,0,0.26763740601757485,2.0,27.4,13.7,3.0,3.0,7,0.0,0.0,0.0,4
123380,0,0,0.2087824943059102,2.0,20.4,10.2,3.5,3.0,6,0.0,0.0,3.0,3
123390,0,0,0.19265924982670757,2.0,65.4,32.7,4.0,3.0,8,0.0,0.0,0.0,4
123394,0,0,0.08012029599361585,7.0,164.8,23.542857142857144,4.142857142857143,7.0,14,0.0,0.0,5.0,2
123397,0,0,0.17563182046322906,3.0,60.4,20.133333333333333,3.3333333333333335,4.0,13,0.0,0.0,3.0,2
123403,0,0,0.08973926433735951,6.0,87.2,14.533333333333333,2.6666666666666665,6.0,13,0.0,0.0,12.0,4
123405,0,0,0.014031900806511457,5.0,202.1,40.42,4.2,6.0,15,0.0,0.0,15.0,4
123409,0,0,0.25315429418219204,2.0,26.1,13.05,3.0,3.0,14,0.0,0.0,1.0,2
123412,0,0,0.05565545895979458,7.0,140.6,20.085714285714285,5.571428571428571,7.0,15,0.0,0.0,10.0,3
123421,0,0,0.03857482735830373,4.0,145.4,36.35,3.0,5.0,6,0.0,0.0,11.0,4
123424,0,0,0.2922610640570293,6.0,69.6,11.6,2.5,6.0,12,0.0,0.0,1.0,4
123429,0,0,0.11818230545060157,5.0,125.70000000000002,25.140000000000004,3.6,6.0,13,0.0,0.0,3.0,4
123430,0,0,0.05352766204295231,3.0,115.5,38.5,6.333333333333333,4.0,3,0.0,0.0,7.0,4
123443,0,0,0.2559489277421817,3.0,22.8,7.6000000000000005,2.3333333333333335,4.0,11,0.0,0.0,3.0,4
123451,0,0,0.10326018720497482,4.0,113.6,28.4,3.0,5.0,15,0.0,0.0,5.0,4
123525,0,0,0.12458355342463619,5.0,82.60000000000001,16.520000000000003,3.6,7.0,17,0.0,0.0,7.0,4
123539,0,0,0.15207761891743504,3.0,39.2,13.066666666666668,2.6666666666666665,4.0,9,0.0,0.0,7.0,4
123541,0,0,0.298548795458302,1.0,10.7,10.7,2.0,2.0,17,0.0,0.0,0.0,4
123545,0,0,0.18392817459635738,2.0,64.5,32.25,4.5,3.0,7,0.0,0.0,0.0,1
123550,0,0,0.2553338518526972,3.0,30.7,10.233333333333333,3.6666666666666665,4.0,8,0.0,0.0,1.0,3
123554,0,0,0.15726916189307877,8.0,146.6,18.325,3.5,8.0,14,0.0,0.0,2.0,1
123567,0,0,0.02381920173555114,5.0,244.0,48.8,6.0,6.0,10,0.0,0.0,4.0,2
123584,0,0,0.10938300630930278,4.0,104.0,26.0,4.5,6.0,15,0.0,0.0,4.0,3
123586,1,0,0.287558074334317,4.0,38.9,9.725,3.0,6.0,15,0.0,0.0,1.0,4
123596,0,0,0.2573070869570894,1.0,1.1,1.1,3.0,2.0,7,0.0,0.0,1.0,4
123608,0,0,0.21684034998131593,1.0,25.4,25.4,5.0,2.0,0,0.0,0.0,0.0,4
123615,0,0,0.2673077534566558,2.0,22.5,11.25,2.0,3.0,2,0.0,0.0,1.0,3
123626,0,0,0.13037080888359173,3.0,96.6,32.199999999999996,5.333333333333333,4.0,10,0.0,0.0,1.0,2
123631,0,0,0.27479416565589904,3.0,20.2,6.733333333333333,2.6666666666666665,4.0,9,0.0,0.0,2.0,4
123635,0,0,0.24929753942744032,2.0,25.0,12.5,4.0,3.0,2,0.0,0.0,0.0,4
123652,0,0,0.2739828910029632,2.0,31.2,15.6,2.5,3.0,13,0.0,0.0,0.0,2
123665,0,0,0.32088323567407456,1.0,5.0,5.0,1.0,3.0,15,0.0,0.0,0.0,4
123667,0,0,0.28142406388429886,1.0,12.4,12.4,2.0,2.0,2,0.0,0.0,0.0,3
123677,0,0,0.12002360432863221,3.0,78.9,26.3,5.666666666666667,4.0,3,0.0,0.0,3.0,4
123688,0,0,0.1608117027397561,4.0,44.2,11.05,4.0,5.0,6,0.0,0.0,6.0,3
123695,0,0,0.26139128900636327,1.0,12.1,12.1,3.0,2.0,1,0.0,0.0,0.0,2
123697,0,0,0.005916994884092505,7.0,288.2,41.17142857142857,4.142857142857143,7.0,11,0.0,0.0,16.0,4
123701,0,0,0.2477645943799985,1.0,11.8,11.8,3.0,2.0,7,0.0,0.0,1.0,4
123702,0,0,0.15858353786982363,4.0,95.5,23.875,2.75,5.0,5,0.0,0.0,2.0,1
123712,0,0,0.25641072578086754,1.0,9.2,9.2,2.0,3.0,16,1.0,9.99,2.0,3
123732,0,0,0.20095219920269697,2.0,35.3,17.65,6.0,3.0,5,0.0,0.0,0.0,1
123733,0,0,0.08111022235340677,5.0,117.8,23.56,4.2,6.0,14,0.0,0.0,7.0,1
123737,0,0,0.22820386150711647,5.0,32.7,6.540000000000001,2.6,6.0,9,0.0,0.0,6.0,2
123755,0,0,0.2157206014085951,2.0,20.3,10.15,4.0,3.0,3,0.0,0.0,2.0,1
123766,0,0,0.032074212497826195,4.0,127.9,31.975,6.25,6.0,16,0.0,0.0,12.0,2
123783,0,0,0.24747364009651113,2.0,30.5,15.25,2.5,3.0,4,0.0,0.0,1.0,4
123785,0,0,0.18727161146758622,2.0,13.0,6.5,5.5,3.0,2,0.0,0.0,3.0,4
123789,0,0,0.25350741919532593,5.0,62.5,12.5,3.8,6.0,10,1.0,4.99,1.0,1
123804,0,0,0.2548813678106513,2.0,23.5,11.75,3.0,3.0,12,0.0,0.0,1.0,1
123806,0,0,0.20038321549269586,2.0,39.2,19.6,3.5,3.0,7,0.0,0.0,2.0,3
123812,0,0,0.13435886347378412,5.0,67.7,13.540000000000001,4.0,6.0,6,0.0,0.0,7.0,4
123819,0,0,0.2279291916184992,2.0,23.900000000000002,11.950000000000001,2.5,4.0,17,0.0,0.0,3.0,4
123828,0,0,0.20902296289629843,3.0,26.9,8.966666666666667,6.666666666666667,4.0,3,0.0,0.0,1.0,4
123829,0,0,0.09599506635114255,8.0,186.1,23.2625,4.0,8.0,15,1.0,0.0,3.0,3
123833,0,0,0.10567726479915752,6.0,139.3,23.21666666666667,3.5,6.0,9,0.0,0.0,4.0,4
123836,0,0,0.1774536152461299,4.0,65.1,16.275,3.0,5.0,12,0.0,0.0,4.0,4
123849,0,0,0.04982870362353099,5.0,178.20000000000002,35.64,3.4,6.0,7,0.0,0.0,6.0,4
123862,0,0,0.28465743049307224,1.0,8.0,8.0,2.0,2.0,0,0.0,0.0,0.0,4
123865,0,0,0.23987725058197243,1.0,17.5,17.5,4.0,2.0,0,0.0,0.0,0.0,4
123866,0,0,0.01754390729666242,8.0,267.5,33.4375,5.125,8.0,13,1.0,6.98,9.0,2
123869,0,0,0.26331033119674313,2.0,6.4,3.2,4.0,3.0,7,0.0,0.0,1.0,3
123874,0,0,0.271103765649292,1.0,20.4,20.4,2.0,2.0,1,0.0,0.0,0.0,1
123879,0,0,0.2822272034730528,2.0,22.3,11.15,2.5,3.0,3,0.0,0.0,0.0,4
123887,0,0,0.18831541963693546,2.0,31.4,15.7,3.0,3.0,12,0.0,0.0,4.0,4
123889,0,0,0.2867940710540642,3.0,21.4,7.133333333333333,2.0,4.0,11,0.0,0.0,2.0,4
123894,0,0,0.11409583139780065,3.0,99.10000000000001,33.03333333333334,3.3333333333333335,4.0,5,1.0,1.99,4.0,1
123902,0,0,0.10625683634021112,2.0,102.30000000000001,51.150000000000006,4.5,3.0,10,0.0,0.0,3.0,4
123904,0,0,0.16956526545924405,2.0,49.599999999999994,24.799999999999997,4.5,3.0,2,0.0,0.0,2.0,4
123920,1,0,0.2683427109613595,5.0,56.9,11.379999999999999,1.2,6.0,13,0.0,0.0,3.0,4
123934,0,0,0.28498905181712636,3.0,36.4,12.133333333333333,1.6666666666666667,5.0,16,0.0,0.0,1.0,1
123937,0,0,0.19071813034540783,6.0,79.10000000000001,13.183333333333335,3.6666666666666665,6.0,10,0.0,0.0,4.0,4
123939,0,0,0.2924765747292815,1.0,0.4,0.4,1.0,2.0,7,0.0,0.0,1.0,1
123957,0,0,0.2961488427856285,2.0,8.7,4.35,2.5,5.0,18,0.0,0.0,1.0,4
123970,0,0,0.26683589912273964,1.0,8.1,8.1,3.0,2.0,1,0.0,0.0,0.0,4
123972,0,0,0.2770599610881901,2.0,38.9,19.45,1.5,3.0,9,0.0,0.0,0.0,4
123983,0,0,0.2577005619153699,1.0,15.2,15.2,3.0,2.0,1,0.0,0.0,0.0,1
124011,0,0,0.22061900728981598,2.0,18.8,9.4,3.0,3.0,7,0.0,0.0,3.0,4
124024,0,0,0.1044288320998162,3.0,74.9,24.96666666666667,3.6666666666666665,6.0,18,0.0,0.0,7.0,4
124026,0,0,0.13893456053526337,3.0,88.5,29.5,4.0,4.0,4,0.0,0.0,2.0,3
124027,0,0,0.12257755959423493,4.0,114.29999999999998,28.574999999999996,4.25,5.0,13,0.0,0.0,2.0,3
124029,0,0,0.09955062234436915,7.0,168.9,24.12857142857143,3.2857142857142856,7.0,10,0.0,0.0,3.0,3
124032,0,0,0.18154299203386862,3.0,54.900000000000006,18.3,4.333333333333333,4.0,4,0.0,0.0,2.0,4
124038,0,0,0.11386019440022634,4.0,95.6,23.9,2.75,5.0,12,1.0,104.97,3.0,1
124046,0,0,0.1416083028126289,7.0,131.0,18.714285714285715,3.857142857142857,7.0,11,0.0,0.0,3.0,3
124055,0,0,0.21530119509773885,2.0,20.9,10.45,3.5,5.0,18,0.0,0.0,3.0,3
124059,0,0,0.24212015119504526,1.0,15.0,15.0,4.0,2.0,3,0.0,0.0,0.0,1
124070,0,0,0.30627650265016826,1.0,5.8,5.8,1.0,2.0,0,0.0,0.0,0.0,4
124072,0,0,0.24822564711336118,1.0,5.3,5.3,3.0,2.0,1,0.0,0.0,1.0,4
124076,0,0,0.12180559211782074,5.0,76.1,15.219999999999999,3.2,6.0,10,0.0,0.0,8.0,4
124077,0,0,0.06828827683377908,5.0,134.2,26.839999999999996,4.2,6.0,10,1.0,9.99,7.0,1
124079,0,0,0.013844096315288573,10.0,261.7,26.169999999999998,3.3,9.0,13,0.0,0.0,16.0,4
124087,0,0,0.05934400674514056,7.0,167.60000000000002,23.942857142857147,4.571428571428571,7.0,9,0.0,0.0,7.0,1
124108,0,0,0.03339486415690207,6.0,176.4,29.400000000000002,6.166666666666667,6.0,10,0.0,0.0,9.0,4
124112,0,0,0.2609617373350801,1.0,14.5,14.5,3.0,2.0,1,0.0,0.0,0.0,4
124113,0,0,0.11272045710221269,3.0,90.1,30.03333333333333,5.666666666666667,6.0,18,0.0,0.0,3.0,1
124116,0,0,0.22672560071638675,8.0,79.69999999999999,9.962499999999999,3.5,8.0,10,0.0,0.0,5.0,1
124119,0,0,0.29227748232437506,4.0,37.7,9.425,3.75,5.0,10,0.0,0.0,0.0,1
124122,0,0,0.066100683186214,6.0,136.2,22.7,3.6666666666666665,8.0,16,0.0,0.0,9.0,4
124125,1,0,0.26362711770970715,4.0,13.9,3.475,2.5,5.0,14,0.0,0.0,5.0,4
124132,0,0,0.021689604330708247,7.0,242.9,34.7,4.0,7.0,11,0.0,0.0,9.0,2
124142,0,0,0.14885671360759242,3.0,94.7,31.566666666666666,4.0,6.0,18,1.0,19.99,1.0,2
124157,0,0,0.030230259185704045,7.0,249.7,35.67142857142857,3.142857142857143,7.0,13,0.0,0.0,6.0,2
124161,0,0,0.18540951097877073,3.0,48.599999999999994,16.2,3.6666666666666665,4.0,6,0.0,0.0,3.0,4
124169,0,0,0.22574341224167668,1.0,13.5,13.5,5.0,2.0,0,0.0,0.0,0.0,3
124170,0,0,0.19937547445185635,3.0,71.6,23.866666666666664,1.6666666666666667,4.0,13,0.0,0.0,2.0,3
124188,0,0,0.21580313296926393,1.0,8.9,8.9,6.0,2.0,2,0.0,0.0,0.0,4
124189,1,0,0.2961269589758248,4.0,32.0,8.0,1.75,5.0,6,0.0,0.0,2.0,3
124198,0,0,0.19419144129208707,4.0,56.7,14.175,2.75,5.0,11,0.0,0.0,4.0,4
124204,0,0,0.1716902172633311,4.0,59.2,14.8,5.0,5.0,6,0.0,0.0,3.0,4
124210,1,0,0.20293680561769756,4.0,55.8,13.95,2.5,6.0,17,0.0,0.0,4.0,4
124211,0,0,0.25244069937644764,1.0,12.5,12.5,3.0,2.0,13,0.0,0.0,1.0,4
124217,0,0,0.24068086407685907,1.0,16.6,16.6,4.0,2.0,1,0.0,0.0,0.0,3
124221,0,0,0.31278575298178346,3.0,17.2,5.733333333333333,3.0,4.0,2,0.0,0.0,0.0,3
124225,0,0,0.1891676958405301,2.0,36.9,18.45,6.5,3.0,2,0.0,0.0,0.0,1
124234,0,0,0.2850974214100481,5.0,37.6,7.5200000000000005,2.4,6.0,8,0.0,0.0,3.0,4
124241,0,0,0.09812561539238245,2.0,83.7,41.85,5.0,3.0,13,0.0,0.0,5.0,4
124245,1,0,0.16985459060110814,3.0,70.2,23.400000000000002,1.6666666666666667,6.0,17,0.0,0.0,4.0,4
124247,0,0,0.17317407035209756,6.0,89.5,14.916666666666666,2.5,6.0,11,0.0,0.0,5.0,4
124254,0,0,0.28334872427076757,2.0,21.2,10.6,3.0,3.0,13,0.0,0.0,0.0,3
124258,1,0,0.20293463036348725,3.0,59.7,19.900000000000002,2.3333333333333335,4.0,5,0.0,0.0,2.0,3
124261,0,0,0.07438197954046961,5.0,147.4,29.48,5.2,6.0,13,0.0,0.0,4.0,3
124263,0,0,0.03294404538855497,8.0,167.2,20.9,5.0,8.0,14,0.0,0.0,14.0,4
124266,0,0,0.18217950299610752,3.0,80.9,26.96666666666667,2.6666666666666665,4.0,5,0.0,0.0,1.0,4
124271,0,0,0.3156467871215549,5.0,32.9,6.58,2.8,6.0,12,0.0,0.0,2.0,4
124274,0,0,0.11103156035629226,2.0,102.7,51.35,2.5,3.0,5,0.0,0.0,4.0,4
124280,0,0,0.23770775776857622,2.0,14.4,7.2,4.5,3.0,4,0.0,0.0,1.0,2
124286,0,0,0.27651094571528906,1.0,18.9,18.9,1.0,2.0,6,0.0,0.0,1.0,4
124295,0,0,0.14072461297217664,5.0,61.099999999999994,12.219999999999999,3.2,6.0,11,0.0,0.0,8.0,2
124296,0,0,0.05400318497454451,4.0,113.5,28.375,4.25,5.0,8,0.0,0.0,10.0,4
124297,0,0,0.24992455076983175,1.0,6.0,6.0,4.0,2.0,0,0.0,0.0,0.0,4
124299,0,0,0.19136024723186162,3.0,53.0,17.666666666666668,2.6666666666666665,4.0,4,0.0,0.0,3.0,4
124305,0,0,0.2062305465494853,3.0,49.8,16.599999999999998,3.6666666666666665,6.0,16,0.0,0.0,2.0,4
124308,0,0,0.26941504107361514,2.0,23.200000000000003,11.600000000000001,3.0,3.0,1,0.0,0.0,0.0,4
124316,0,0,0.24822210200605566,2.0,30.400000000000002,15.200000000000001,3.5,3.0,2,0.0,0.0,0.0,3
124331,0,0,0.2854727344380299,1.0,28.0,28.0,1.0,2.0,3,0.0,0.0,0.0,2
124333,0,0,0.25713318786263817,2.0,19.3,9.65,3.5,4.0,15,0.0,0.0,1.0,4
124336,0,0,0.2174548638963218,3.0,42.5,14.166666666666666,2.6666666666666665,6.0,18,0.0,0.0,3.0,4
124337,0,0,0.15165448097926457,7.0,102.5,14.642857142857142,4.428571428571429,8.0,18,0.0,0.0,5.0,1
124343,0,0,0.12350860926795164,6.0,117.8,19.633333333333333,4.5,6.0,15,0.0,0.0,4.0,2
124351,0,0,0.22740644282751307,5.0,53.9,10.78,4.8,6.0,8,0.0,0.0,2.0,3
124354,0,0,0.26814347139553424,1.0,11.7,11.7,3.0,2.0,7,0.0,0.0,0.0,3
124359,0,0,0.20650514448548568,2.0,50.9,25.45,4.5,3.0,9,0.0,0.0,0.0,4
124381,0,0,0.25731454114762065,1.0,40.3,40.3,2.0,2.0,3,0.0,0.0,0.0,4
124385,0,0,0.22906535251641205,4.0,56.5,14.125,2.75,5.0,9,0.0,0.0,2.0,3
124386,0,0,0.10773429621036078,4.0,50.1,12.525,4.0,6.0,16,0.0,0.0,10.0,4
124391,0,0,0.22376745327522257,2.0,36.2,18.1,4.5,3.0,3,0.0,0.0,0.0,4
124393,0,0,0.28090732755911185,2.0,25.700000000000003,12.850000000000001,2.0,3.0,1,0.0,0.0,0.0,1
124394,0,0,0.057942126708446624,6.0,171.7,28.616666666666664,5.5,7.0,17,0.0,0.0,5.0,2
124402,0,0,0.03974839303395654,5.0,181.9,36.38,4.2,6.0,7,0.0,0.0,7.0,2
124416,0,0,0.3016647841098234,7.0,67.5,9.642857142857142,3.0,7.0,13,1.0,9.99,2.0,1
124439,0,0,0.11632281646185806,3.0,45.5,15.166666666666666,4.0,4.0,7,0.0,0.0,8.0,4
124440,1,0,0.3047960721566249,2.0,25.2,12.6,1.5,3.0,4,1.0,4.99,0.0,4
124445,0,0,0.22848146598764396,2.0,26.7,13.35,3.0,3.0,8,0.0,0.0,2.0,4
124448,0,0,0.11920453235509279,3.0,67.1,22.366666666666664,4.0,4.0,13,0.0,0.0,6.0,4
124459,0,0,0.2625381767422899,1.0,30.6,30.6,2.0,2.0,0,0.0,0.0,0.0,3
124464,0,0,0.2336061187637798,1.0,10.5,10.5,4.0,2.0,12,0.0,0.0,1.0,1
124486,0,0,0.27294686581323635,4.0,43.1,10.775,3.0,5.0,8,0.0,0.0,1.0,4
124490,1,0,0.2615946618648734,2.0,38.3,19.15,2.5,3.0,12,0.0,0.0,0.0,3
124502,0,0,0.27315228096201905,4.0,34.800000000000004,8.700000000000001,1.75,5.0,13,0.0,0.0,3.0,2
124507,0,0,0.03987949033404896,8.0,235.10000000000002,29.387500000000003,4.75,9.0,17,0.0,0.0,5.0,1
124509,0,0,0.2863849888000171,1.0,8.2,8.2,2.0,2.0,2,0.0,0.0,0.0,4
124526,0,0,0.31892210289456224,2.0,12.9,6.45,2.5,4.0,17,1.0,4.99,0.0,3
124528,0,0,0.2608307934021815,4.0,59.7,14.925,2.0,6.0,15,0.0,0.0,1.0,4
124536,0,0,0.1817928363885671,4.0,32.4,8.1,4.0,5.0,9,0.0,0.0,6.0,4
124541,0,0,0.25876155123297784,4.0,28.0,7.0,2.25,5.0,13,0.0,0.0,4.0,4
124543,0,0,0.21450682394668877,2.0,25.299999999999997,12.649999999999999,4.0,3.0,8,0.0,0.0,2.0,4
124550,1,0,0.131963946071921,4.0,82.4,20.6,2.25,5.0,10,0.0,0.0,6.0,4
124551,0,0,0.06934970634929698,6.0,158.3,26.383333333333336,3.8333333333333335,7.0,15,0.0,0.0,6.0,2
124555,1,0,0.3215101930510201,2.0,12.3,6.15,2.0,6.0,18,0.0,0.0,0.0,4
124561,0,0,0.22161962165816623,3.0,47.3,15.766666666666666,1.6666666666666667,4.0,11,0.0,0.0,3.0,4
124570,0,0,0.1723736227778311,4.0,75.0,18.75,3.5,5.0,14,0.0,0.0,3.0,4
124586,0,0,0.19966926566950385,3.0,26.1,8.700000000000001,4.666666666666667,4.0,11,1.0,31.97,3.0,1
124590,0,0,0.15273337777610374,7.0,53.4,7.628571428571428,3.4285714285714284,7.0,14,0.0,0.0,11.0,3
124594,0,0,0.017379096414868404,7.0,241.1,34.44285714285714,4.428571428571429,7.0,13,0.0,0.0,11.0,3
124595,0,0,0.02966173855722557,12.0,264.79999999999995,22.066666666666663,4.083333333333333,10.0,14,0.0,0.0,11.0,4
124599,0,0,0.07700730173588985,5.0,159.6,31.919999999999998,4.6,6.0,16,0.0,0.0,3.0,2
124611,0,0,0.2669624527564577,4.0,49.6,12.4,2.75,6.0,16,0.0,0.0,1.0,1
124612,0,0,0.2922049971486178,1.0,21.0,21.0,1.0,2.0,1,0.0,0.0,0.0,4
124629,0,0,0.23556640524154446,1.0,31.5,31.5,4.0,2.0,9,0.0,0.0,0.0,4
124633,0,0,0.27736646249237573,3.0,24.0,8.0,1.3333333333333333,4.0,18,0.0,0.0,3.0,3
124637,0,0,0.25446912038055886,1.0,0.9,0.9,4.0,2.0,0,0.0,0.0,0.0,4
124645,0,0,0.23437340230339587,4.0,59.6,14.9,2.5,6.0,18,0.0,0.0,2.0,4
124667,0,0,0.3295063860697628,3.0,9.6,3.1999999999999997,3.6666666666666665,4.0,14,0.0,0.0,0.0,4
124674,0,0,0.25700661018764037,4.0,43.900000000000006,10.975000000000001,2.75,5.0,11,0.0,0.0,2.0,4
124681,0,0,0.26688535550642195,3.0,24.1,8.033333333333333,3.0,5.0,17,0.0,0.0,2.0,4
124690,0,0,0.26312825894431263,1.0,10.2,10.2,3.0,2.0,1,0.0,0.0,0.0,2
124697,0,0,0.2832055731000819,2.0,20.2,10.1,2.5,3.0,2,0.0,0.0,0.0,2
124699,0,0,0.04237934986937173,4.0,110.3,27.575,3.0,6.0,17,0.0,0.0,14.0,4
124701,0,0,0.17785282659219284,5.0,72.2,14.440000000000001,3.6,6.0,15,1.0,19.99,4.0,1
124706,0,0,0.2592222023161782,6.0,74.6,12.433333333333332,2.6666666666666665,6.0,16,0.0,0.0,2.0,4
124716,0,0,0.23650105266149787,1.0,22.8,22.8,3.0,2.0,5,0.0,0.0,1.0,4
124722,0,0,0.16621890585236082,2.0,76.2,38.1,4.5,3.0,3,0.0,0.0,0.0,1
124726,0,0,0.1162022003786346,5.0,133.1,26.619999999999997,4.2,8.0,18,0.0,0.0,2.0,4
124733,0,0,0.11280005919672172,9.0,145.7,16.188888888888886,3.5555555555555554,9.0,11,0.0,0.0,7.0,4
124744,0,0,0.23483518366676662,4.0,65.8,16.45,2.75,5.0,15,0.0,0.0,1.0,2
124745,0,0,0.20839411666694346,3.0,59.5,19.833333333333332,3.3333333333333335,4.0,9,0.0,0.0,1.0,2
124754,0,0,0.19617668161266402,2.0,37.8,18.9,5.5,3.0,14,0.0,0.0,1.0,4
124755,1,0,0.24391009959854704,4.0,64.5,16.125,3.25,5.0,9,0.0,0.0,0.0,2
124757,0,0,0.22675412206552517,2.0,34.3,17.15,4.0,4.0,18,0.0,0.0,1.0,4
124761,0,0,0.14044289957564593,4.0,86.19999999999999,21.549999999999997,3.25,5.0,8,0.0,0.0,4.0,3
124763,0,0,0.22598023798504113,3.0,38.0,12.666666666666666,4.333333333333333,4.0,3,0.0,0.0,1.0,3
124766,0,0,0.2917329564458282,1.0,0.7,0.7,2.0,2.0,0,0.0,0.0,0.0,4
124767,0,0,0.019918698922410216,7.0,243.0,34.714285714285715,4.285714285714286,7.0,13,1.0,1.99,10.0,1
124777,0,0,0.2853866272409414,2.0,30.6,15.3,1.5,3.0,5,0.0,0.0,0.0,1
124794,0,0,0.26418638092152585,2.0,16.6,8.3,2.0,3.0,10,0.0,0.0,2.0,4
124796,0,0,0.1699016706419754,2.0,17.6,8.8,5.5,3.0,9,0.0,0.0,4.0,4
124799,0,0,0.08207666481936819,5.0,134.7,26.939999999999998,4.6,7.0,17,0.0,0.0,5.0,4
124803,0,0,0.20043231264305464,3.0,51.8,17.266666666666666,2.3333333333333335,4.0,7,0.0,0.0,3.0,4
124807,0,0,0.272571121396099,1.0,7.5,7.5,1.0,5.0,18,0.0,0.0,2.0,4
124814,0,0,0.2715496517446576,1.0,1.1,1.1,3.0,2.0,1,0.0,0.0,0.0,2
124820,0,0,0.10167233944662457,2.0,135.9,67.95,4.0,3.0,6,0.0,0.0,1.0,4
124826,0,0,0.1788550235472196,3.0,57.3,19.099999999999998,3.3333333333333335,4.0,9,0.0,0.0,3.0,4
124830,0,0,0.22819030808053178,1.0,31.3,31.3,4.0,2.0,0,0.0,0.0,0.0,4
124838,0,0,0.13614381718691815,3.0,94.9,31.633333333333336,2.6666666666666665,4.0,9,0.0,0.0,3.0,4
124849,0,0,0.16700715120641707,6.0,60.2,10.033333333333333,5.5,8.0,17,0.0,0.0,6.0,2
124850,0,0,0.12507795685633694,3.0,64.5,21.5,4.333333333333333,4.0,5,0.0,0.0,5.0,1
124852,0,0,0.1405844251936376,3.0,73.8,24.599999999999998,5.666666666666667,4.0,7,0.0,0.0,2.0,4
124865,1,0,0.25095591978883297,4.0,27.9,6.975,2.5,5.0,9,0.0,0.0,4.0,4
124869,0,0,0.08507952996276899,6.0,161.5,26.916666666666668,4.333333333333333,6.0,9,0.0,0.0,3.0,1
124879,0,0,0.25395496057750333,3.0,49.0,16.333333333333332,2.6666666666666665,4.0,3,0.0,0.0,0.0,3
124885,0,0,0.1278989846613063,5.0,106.4,21.28,2.8,7.0,18,0.0,0.0,5.0,4
124898,0,0,0.23069643287191674,1.0,28.3,28.3,4.0,2.0,0,0.0,0.0,0.0,4
124903,0,0,0.12304565416081575,4.0,65.4,16.35,4.25,6.0,18,0.0,0.0,7.0,4
124905,0,0,0.09995433969588419,5.0,92.6,18.52,6.2,8.0,18,0.0,0.0,6.0,4
124907,0,0,0.2994772222884456,1.0,16.6,16.6,1.0,2.0,4,0.0,0.0,0.0,4
124908,0,0,0.25165197246789084,2.0,20.299999999999997,10.149999999999999,2.0,3.0,5,0.0,0.0,2.0,2
124909,0,0,0.2895353397805306,1.0,8.0,8.0,2.0,2.0,7,0.0,0.0,0.0,2
124910,0,0,0.25487984557449506,4.0,36.4,9.1,4.0,5.0,16,0.0,0.0,2.0,4
124916,0,0,0.22580432819913634,1.0,11.8,11.8,4.0,2.0,2,0.0,0.0,1.0,3
124917,1,0,0.22274641095225203,4.0,48.3,12.075,4.25,5.0,13,0.0,0.0,2.0,2
124920,0,0,0.20197743440549035,4.0,54.4,13.6,2.5,5.0,14,0.0,0.0,4.0,1
124921,0,0,0.16916631921443243,2.0,43.1,21.55,5.5,3.0,9,0.0,0.0,2.0,4
124923,0,0,0.2069617783872549,2.0,29.400000000000002,14.700000000000001,4.0,3.0,9,0.0,0.0,2.0,1
124924,0,0,0.09955043249824175,5.0,120.29999999999998,24.059999999999995,4.0,6.0,14,0.0,0.0,5.0,4
124926,0,0,0.3035757523603896,2.0,11.1,5.55,3.0,4.0,18,0.0,0.0,0.0,1
124928,0,0,0.1436597126525438,5.0,100.3,20.06,4.4,8.0,18,0.0,0.0,3.0,4
124930,0,0,0.2614912169805825,1.0,18.9,18.9,3.0,2.0,6,0.0,0.0,0.0,4
124938,0,0,0.04911827543795423,3.0,129.2,43.06666666666666,6.0,4.0,7,0.0,0.0,7.0,4
124970,0,0,0.15569879335256925,2.0,43.9,21.95,5.0,3.0,4,0.0,0.0,3.0,3
124973,0,0,0.2738930988751324,1.0,24.3,24.3,2.0,2.0,5,0.0,0.0,0.0,4
124990,0,0,0.23634603922665476,2.0,30.0,15.0,3.0,3.0,3,0.0,0.0,1.0,1
124998,0,0,0.2869358539808618,2.0,23.9,11.95,2.0,3.0,1,0.0,0.0,0.0,4
125001,0,0,0.262247679482464,3.0,41.0,13.666666666666666,3.3333333333333335,4.0,8,0.0,0.0,0.0,3
125017,0,0,0.14278132466846438,5.0,88.1,17.619999999999997,2.4,6.0,15,0.0,0.0,6.0,4
125030,0,0,0.20731201984752615,5.0,40.2,8.040000000000001,3.4,6.0,15,0.0,0.0,6.0,4
125036,0,0,0.1287953920014832,3.0,74.30000000000001,24.76666666666667,4.333333333333333,4.0,10,0.0,0.0,4.0,1
125038,0,0,0.11988346936114276,3.0,93.3,31.099999999999998,5.333333333333333,4.0,4,0.0,0.0,2.0,4
125043,0,0,0.20855378567741034,1.0,12.5,12.5,5.0,2.0,1,0.0,0.0,1.0,3
125045,0,0,0.14930201466170614,4.0,56.400000000000006,14.100000000000001,3.25,6.0,17,1.0,4.99,7.0,4
125052,1,0,0.20387769278225476,6.0,58.599999999999994,9.766666666666666,1.8333333333333333,6.0,11,0.0,0.0,7.0,4
125057,0,0,0.20635829844150747,1.0,38.7,38.7,5.0,2.0,0,0.0,0.0,0.0,4
125067,0,0,0.2976769550772735,3.0,29.8,9.933333333333334,2.0,4.0,17,0.0,0.0,1.0,4
125073,0,0,0.19050348104774942,1.0,18.7,18.7,6.0,2.0,5,0.0,0.0,1.0,1
125085,1,0,0.2792584927869617,2.0,11.5,5.75,2.5,3.0,3,0.0,0.0,1.0,4
125089,0,0,0.016039853698819037,6.0,324.09999999999997,54.01666666666666,5.166666666666667,6.0,11,0.0,0.0,1.0,1
125096,0,0,0.30525164419611106,2.0,14.0,7.0,2.0,3.0,1,0.0,0.0,0.0,4
125104,0,0,0.31829225388972077,2.0,13.0,6.5,1.5,3.0,5,0.0,0.0,0.0,1
125135,0,0,0.14833469712838263,7.0,112.2,16.02857142857143,4.428571428571429,7.0,12,0.0,0.0,4.0,1
125137,0,0,0.18384473809395854,3.0,66.5,22.166666666666668,1.6666666666666667,4.0,6,0.0,0.0,3.0,1
125139,0,0,0.15556643261795747,3.0,70.9,23.633333333333336,4.666666666666667,4.0,8,0.0,0.0,2.0,2
125144,0,0,0.30483889616423493,2.0,14.8,7.4,2.0,3.0,5,0.0,0.0,0.0,1
125153,0,0,0.2553558242681564,2.0,42.0,21.0,2.5,3.0,14,0.0,0.0,0.0,1
125170,0,0,0.22446297905716225,5.0,35.4,7.08,6.0,6.0,9,0.0,0.0,3.0,1
125184,1,0,0.3118525521071351,2.0,7.0,3.5,3.0,5.0,17,0.0,0.0,0.0,4
125185,0,0,0.21152256075214798,1.0,12.3,12.3,6.0,2.0,0,0.0,0.0,0.0,4
125186,0,0,0.16019855324136956,5.0,76.3,15.26,3.6,7.0,18,0.0,0.0,5.0,3
125190,0,0,0.23148753268045108,2.0,16.9,8.45,3.0,4.0,18,0.0,0.0,3.0,4
125192,0,0,0.11403410181310941,3.0,83.8,27.933333333333334,4.666666666666667,4.0,5,0.0,0.0,4.0,4
125196,0,0,0.08565520058258698,2.0,96.69999999999999,48.349999999999994,6.0,3.0,5,0.0,0.0,4.0,1
125233,0,0,0.046934397537499305,6.0,138.3,23.05,4.833333333333333,9.0,18,1.0,49.99,10.0,3
125239,0,0,0.2427992910361369,1.0,11.5,11.5,3.0,2.0,1,0.0,0.0,1.0,4
125253,0,0,0.05120267801738628,5.0,206.1,41.22,3.4,6.0,10,0.0,0.0,3.0,4
125266,1,0,0.1704400219431402,5.0,80.6,16.119999999999997,2.2,6.0,14,0.0,0.0,5.0,4
125270,0,0,0.06325860207848875,4.0,133.6,33.4,3.5,5.0,8,0.0,0.0,7.0,1
125278,0,0,0.2521692562594912,2.0,17.5,8.75,4.5,3.0,2,0.0,0.0,0.0,3
125281,0,0,0.1677842572869042,5.0,60.6,12.120000000000001,3.4,6.0,9,0.0,0.0,6.0,4
125284,0,0,0.12302107111306701,3.0,124.6,41.53333333333333,2.6666666666666665,4.0,3,0.0,0.0,1.0,3
125286,0,0,0.24338767277656237,1.0,32.3,32.3,3.0,2.0,1,0.0,0.0,0.0,2
125287,0,0,0.017518568143787567,6.0,270.5,45.083333333333336,3.8333333333333335,6.0,9,0.0,0.0,7.0,4
125290,0,0,0.09702185524987425,3.0,111.9,37.300000000000004,5.0,4.0,12,0.0,0.0,3.0,3
125291,0,0,0.19997479706489632,3.0,62.7,20.900000000000002,3.3333333333333335,4.0,4,0.0,0.0,1.0,3
125298,1,0,0.2506560478972336,2.0,23.0,11.5,2.0,3.0,8,0.0,0.0,2.0,3
125301,1,0,0.1763970370140677,3.0,70.0,23.333333333333332,3.0,4.0,3,0.0,0.0,2.0,4
125306,0,0,0.209522496821632,1.0,35.0,35.0,4.0,2.0,4,0.0,0.0,1.0,4
125312,0,0,0.1456515867985381,3.0,83.3,27.766666666666666,1.6666666666666667,4.0,5,0.0,0.0,4.0,3
125321,0,0,0.24956387784105835,2.0,25.9,12.95,4.0,3.0,4,0.0,0.0,0.0,4
125331,0,0,0.13200817719043162,4.0,104.1,26.025,3.0,5.0,5,0.0,0.0,3.0,4
125335,0,0,0.11423752668714932,5.0,112.4,22.48,4.4,6.0,15,0.0,0.0,4.0,1
125340,0,0,0.0309611825708744,7.0,219.5,31.357142857142858,5.571428571428571,7.0,13,0.0,0.0,7.0,3
125342,1,0,0.06970949963689008,6.0,128.0,21.333333333333332,2.8333333333333335,6.0,12,0.0,0.0,10.0,4
125350,0,0,0.13282518779563965,7.0,113.89999999999999,16.27142857142857,2.2857142857142856,7.0,14,0.0,0.0,7.0,4
125368,0,0,0.2329733037847681,3.0,38.1,12.700000000000001,4.0,4.0,5,0.0,0.0,1.0,3
125372,0,0,0.2741401906887045,3.0,22.5,7.5,3.3333333333333335,4.0,5,0.0,0.0,1.0,2
125382,0,0,0.2175008819460875,2.0,43.5,21.75,4.0,3.0,2,0.0,0.0,0.0,1
125384,0,0,0.1370638950532263,6.0,69.4,11.566666666666668,3.3333333333333335,6.0,14,0.0,0.0,9.0,3
125386,0,0,0.19841552271694082,2.0,65.5,32.75,3.5,3.0,7,0.0,0.0,0.0,3
125388,0,0,0.2154831863248221,5.0,70.0,14.0,2.8,6.0,15,0.0,0.0,3.0,4
125389,0,0,0.16624999006283706,3.0,58.5,19.5,4.0,4.0,9,0.0,0.0,3.0,1
125402,0,0,0.14550445032479228,4.0,75.6,18.9,4.25,5.0,11,0.0,0.0,4.0,4
125405,0,0,0.25276753786310413,3.0,22.599999999999998,7.533333333333332,2.3333333333333335,4.0,7,0.0,0.0,3.0,4
125412,0,0,0.19149609851588015,3.0,47.3,15.766666666666666,3.3333333333333335,4.0,5,0.0,0.0,3.0,4
125414,0,0,0.008070856241579435,7.0,230.8,32.971428571428575,5.857142857142857,7.0,14,0.0,0.0,18.0,4
125420,0,0,0.25940149983631533,1.0,20.2,20.2,3.0,2.0,5,0.0,0.0,0.0,4
125430,0,0,0.24229313418052323,2.0,26.8,13.4,3.0,3.0,1,0.0,0.0,1.0,4
125432,0,0,0.3097900967157586,5.0,48.3,9.66,2.2,6.0,8,0.0,0.0,1.0,4
125438,1,0,0.244028092689755,3.0,42.5,14.166666666666666,4.0,4.0,5,0.0,0.0,0.0,2
125441,0,0,0.22524147330350566,1.0,40.9,40.9,4.0,2.0,8,0.0,0.0,0.0,2
125453,0,0,0.22999037449507162,2.0,24.5,12.25,4.0,3.0,3,0.0,0.0,1.0,3
125462,0,0,0.1519145395205879,6.0,83.4,13.9,4.833333333333333,6.0,10,0.0,0.0,5.0,3
125474,0,0,0.17740690760934463,2.0,54.5,27.25,3.5,3.0,3,0.0,0.0,2.0,4
125475,0,0,0.24972413748493874,4.0,22.8,5.7,4.25,5.0,7,0.0,0.0,3.0,4
125485,0,0,0.24857435242707343,1.0,14.5,14.5,4.0,2.0,7,0.0,0.0,0.0,4
125487,0,0,0.13581395066847368,4.0,87.5,21.875,4.75,5.0,11,0.0,0.0,3.0,1
125489,0,0,0.2316678069565982,4.0,47.2,11.8,2.75,5.0,13,0.0,0.0,3.0,4
125493,0,0,0.21478774977089404,3.0,30.4,10.133333333333333,2.6666666666666665,4.0,9,0.0,0.0,4.0,4
125496,0,0,0.29406900074802506,1.0,18.1,18.1,1.0,2.0,0,0.0,0.0,0.0,4
125504,0,0,0.24643322376591725,2.0,30.6,15.3,2.5,3.0,3,0.0,0.0,1.0,4
125508,0,0,0.040942256176491304,5.0,167.4,33.480000000000004,4.8,6.0,12,0.0,0.0,8.0,4
125512,0,0,0.1964231222126393,3.0,51.5,17.166666666666668,3.0,6.0,17,0.0,0.0,3.0,4
125520,1,0,0.1525436719693042,4.0,40.8,10.2,5.5,6.0,15,0.0,0.0,6.0,4
125534,0,0,0.03447474638848769,7.0,204.9,29.271428571428572,3.7142857142857144,7.0,9,0.0,0.0,9.0,4
125546,0,0,0.1877572865943139,4.0,72.6,18.15,3.75,5.0,13,0.0,0.0,2.0,3
125562,0,0,0.17985469532073262,2.0,34.9,17.45,4.0,3.0,3,0.0,0.0,3.0,4
125570,0,0,0.24548540798754187,1.0,28.9,28.9,3.0,2.0,0,0.0,0.0,0.0,2
125590,0,0,0.2585993943286633,1.0,17.1,17.1,3.0,2.0,1,0.0,0.0,0.0,4
125592,0,0,0.18208979503105607,4.0,54.9,13.725,4.0,5.0,9,1.0,4.99,4.0,2
125594,0,0,0.25024201911514915,1.0,23.5,23.5,3.0,2.0,0,0.0,0.0,0.0,2
125605,0,0,0.18269971826954792,3.0,32.3,10.766666666666666,3.6666666666666665,5.0,15,0.0,0.0,5.0,4
125622,0,0,0.013311470832859372,8.0,242.1,30.2625,5.25,8.0,14,0.0,0.0,14.0,3
125623,0,0,0.18271387014778684,3.0,42.9,14.299999999999999,4.333333333333333,4.0,3,0.0,0.0,3.0,4
125627,0,0,0.2657922706608902,4.0,32.2,8.05,2.25,5.0,7,0.0,0.0,3.0,4
125628,0,0,0.016968305284207747,7.0,272.9,38.98571428571428,5.142857142857143,7.0,10,0.0,0.0,7.0,1
125638,0,0,0.20385487185286746,3.0,70.69999999999999,23.566666666666663,3.3333333333333335,4.0,5,0.0,0.0,0.0,1
125650,1,0,0.17655335336357683,4.0,50.3,12.575,4.75,5.0,11,0.0,0.0,4.0,4
125653,0,0,0.25176999280147766,1.0,24.8,24.8,3.0,2.0,4,0.0,0.0,0.0,1
125657,0,0,0.03531874437840652,6.0,136.0,22.666666666666668,4.666666666666667,6.0,11,0.0,0.0,14.0,3
125663,0,0,0.22454321035688427,3.0,37.6,12.533333333333333,2.6666666666666665,6.0,18,0.0,0.0,3.0,2
125676,0,0,0.23963087101341968,2.0,25.1,12.55,4.5,3.0,1,0.0,0.0,0.0,4
125678,1,0,0.2038946232421846,4.0,63.39999999999999,15.849999999999998,2.75,5.0,17,0.0,0.0,3.0,3
125680,0,0,0.1880390674886504,5.0,52.8,10.559999999999999,4.2,6.0,12,0.0,0.0,5.0,4
125691,0,0,0.032782066639304885,6.0,170.29999999999998,28.38333333333333,4.666666666666667,6.0,9,0.0,0.0,11.0,3
125693,0,0,0.2627643716004845,1.0,10.9,10.9,2.0,2.0,3,0.0,0.0,1.0,4
125695,0,0,0.23211117184162416,2.0,16.9,8.45,5.0,3.0,13,0.0,0.0,1.0,1
125696,0,0,0.2881300591792454,1.0,5.4,5.4,2.0,2.0,1,0.0,0.0,0.0,4
125699,0,0,0.1662187252646683,3.0,61.5,20.5,1.6666666666666667,6.0,16,0.0,0.0,5.0,4
125701,0,0,0.30297819906432855,5.0,24.7,4.9399999999999995,3.2,6.0,12,0.0,0.0,3.0,3
125706,0,0,0.09502965841986787,5.0,98.8,19.759999999999998,4.6,6.0,11,0.0,0.0,7.0,3
125714,0,0,0.23469147759357165,1.0,22.6,22.6,4.0,2.0,0,0.0,0.0,0.0,3
125716,0,0,0.23214952348854997,1.0,19.7,19.7,1.0,2.0,4,0.0,0.0,3.0,4
125725,0,0,0.30477267378159784,1.0,7.3,7.3,1.0,2.0,0,0.0,0.0,0.0,4
125739,0,0,0.13030051452355104,6.0,106.9,17.816666666666666,4.0,7.0,16,0.0,0.0,5.0,2
125741,0,0,0.17392745701722281,4.0,76.4,19.1,4.0,5.0,6,0.0,0.0,2.0,4
125745,1,0,0.2103954375421902,2.0,34.4,17.2,6.0,4.0,16,0.0,0.0,0.0,2
125761,0,0,0.1293831852889173,3.0,50.4,16.8,3.0,4.0,3,0.0,0.0,7.0,1
125767,0,0,0.2580325898648478,2.0,11.1,5.55,3.0,4.0,17,0.0,0.0,2.0,1
125769,1,0,0.21274748856873113,3.0,45.400000000000006,15.133333333333335,3.6666666666666665,4.0,12,0.0,0.0,2.0,4
125770,0,0,0.20822879374821207,3.0,69.89999999999999,23.299999999999997,3.3333333333333335,4.0,7,0.0,0.0,0.0,3
125774,0,0,0.17050258593146164,5.0,84.39999999999999,16.88,3.8,6.0,10,0.0,0.0,3.0,2
125786,0,0,0.28121207114426633,2.0,27.599999999999998,13.799999999999999,2.0,3.0,2,0.0,0.0,0.0,4
125788,0,0,0.2984508099828764,3.0,25.8,8.6,2.0,4.0,11,0.0,0.0,1.0,2
125791,0,0,0.0228263255066434,7.0,256.7,36.67142857142857,3.857142857142857,7.0,7,0.0,0.0,7.0,2
125816,0,0,0.23492689771127154,1.0,3.5,3.5,5.0,2.0,0,0.0,0.0,0.0,4
125821,0,0,0.2555078563234807,1.0,1.2,1.2,3.0,2.0,8,0.0,0.0,1.0,1
125823,0,0,0.18185232871579488,3.0,34.7,11.566666666666668,2.0,4.0,9,0.0,0.0,6.0,3
125825,0,0,0.19614003493739818,4.0,88.4,22.1,2.25,5.0,7,0.0,0.0,1.0,4
125837,0,0,0.24125182089953742,2.0,28.5,14.25,3.0,3.0,3,0.0,0.0,1.0,4
125843,0,0,0.052478680823290304,4.0,105.4,26.35,7.0,8.0,18,0.0,0.0,9.0,4
125851,0,0,0.07894664611768278,7.0,155.6,22.228571428571428,4.142857142857143,7.0,9,0.0,0.0,6.0,4
125854,0,0,0.2329495432917029,2.0,34.2,17.1,3.0,3.0,4,0.0,0.0,1.0,4
125858,0,0,0.16850182879622425,4.0,96.4,24.1,3.5,5.0,11,0.0,0.0,1.0,4
125884,0,0,0.20834095589429258,2.0,18.6,9.3,4.0,3.0,11,0.0,0.0,3.0,4
125897,0,0,0.05393812433021073,5.0,149.5,29.9,3.4,6.0,16,1.0,1.99,9.0,4
125904,0,0,0.2717506262697972,1.0,6.2,6.2,2.0,2.0,9,0.0,0.0,1.0,3
125908,0,0,0.19118220963496427,3.0,68.3,22.766666666666666,2.3333333333333335,4.0,7,0.0,0.0,2.0,4
125925,0,0,0.28684236244157846,4.0,34.7,8.675,3.25,5.0,10,0.0,0.0,1.0,2
125949,0,0,0.23471075421225643,1.0,25.9,25.9,3.0,2.0,6,0.0,0.0,1.0,4
125972,0,0,0.05991960585928432,5.0,131.9,26.380000000000003,5.8,8.0,18,1.0,21.979999999999997,7.0,1
125973,0,0,0.039796554166558,4.0,132.2,33.05,4.25,5.0,7,0.0,0.0,11.0,4
125981,0,0,0.2600129855808194,4.0,37.5,9.375,2.25,5.0,13,0.0,0.0,3.0,4
125984,0,0,0.11241538021217881,5.0,105.2,21.04,3.0,6.0,11,0.0,0.0,6.0,3
125995,0,0,0.06120399386117778,4.0,141.10000000000002,35.275000000000006,6.0,5.0,10,1.0,4.99,5.0,4
126002,0,0,0.27670022987511794,1.0,1.0,1.0,2.0,2.0,11,0.0,0.0,1.0,1
126003,0,0,0.26226749359015067,3.0,42.4,14.133333333333333,2.3333333333333335,4.0,6,1.0,4.99,1.0,4
126008,0,0,0.32085701449117116,4.0,33.5,8.375,3.0,5.0,11,0.0,0.0,0.0,4
126014,0,0,0.24451480980201087,3.0,46.1,15.366666666666667,2.0,4.0,11,1.0,4.99,2.0,4
126043,1,0,0.3015664255743231,4.0,35.5,8.875,2.5,5.0,13,0.0,0.0,1.0,1
126050,0,0,0.2779227068888435,2.0,11.4,5.7,1.5,3.0,6,0.0,0.0,2.0,3
126055,0,0,0.06370003859203686,5.0,147.5,29.5,4.4,6.0,8,0.0,0.0,6.0,4
126064,0,0,0.021772975666839695,6.0,227.8,37.96666666666667,3.3333333333333335,6.0,11,0.0,0.0,10.0,4
126067,0,0,0.12482411807360419,4.0,83.8,20.95,3.75,5.0,6,0.0,0.0,5.0,4
126071,0,0,0.16411997436173595,4.0,87.5,21.875,3.75,5.0,13,0.0,0.0,2.0,3
126088,0,0,0.1920193906971799,3.0,71.1,23.7,3.0,4.0,4,0.0,0.0,1.0,4
126089,0,0,0.2430879930525116,1.0,52.4,52.4,2.0,2.0,0,0.0,0.0,0.0,3
126106,0,0,0.3049613182189686,1.0,10.1,10.1,1.0,2.0,3,0.0,0.0,0.0,4
126112,0,0,0.15439759385173107,4.0,43.9,10.975,4.5,5.0,4,0.0,0.0,6.0,4
126122,0,0,0.24271061165369512,1.0,37.0,37.0,3.0,2.0,3,0.0,0.0,0.0,4
126129,1,0,0.23828127699453783,2.0,10.0,5.0,4.0,3.0,8,0.0,0.0,2.0,4
126134,0,0,0.2750425836597486,1.0,25.5,25.5,1.0,2.0,13,0.0,0.0,1.0,2
126149,0,0,0.11122442363975285,4.0,98.3,24.575,3.5,5.0,7,0.0,0.0,5.0,4
126157,0,0,0.27742685790932414,4.0,37.9,9.475,2.5,7.0,17,0.0,0.0,2.0,4
126162,1,0,0.30563765057688674,4.0,33.3,8.325,2.75,5.0,15,0.0,0.0,1.0,3
126171,0,0,0.16925812776058335,4.0,77.3,19.325,3.5,6.0,18,0.0,0.0,3.0,2
126174,0,0,0.03330431448228798,4.0,209.2,52.3,4.5,8.0,18,0.0,0.0,5.0,1
126182,0,0,0.27494962837407444,3.0,41.099999999999994,13.699999999999998,2.0,4.0,18,0.0,0.0,1.0,4
126187,0,0,0.10208103118155601,3.0,76.0,25.333333333333332,5.0,6.0,18,0.0,0.0,6.0,4
126188,0,0,0.240911639273625,4.0,50.900000000000006,12.725000000000001,2.75,5.0,9,0.0,0.0,2.0,4
126201,0,0,0.2159603422429223,3.0,34.6,11.533333333333333,3.6666666666666665,4.0,16,0.0,0.0,3.0,4
126202,0,0,0.24722543618635665,3.0,34.6,11.533333333333333,4.0,4.0,13,0.0,0.0,1.0,4
126204,1,0,0.04863994623119502,7.0,212.4,30.342857142857145,3.857142857142857,7.0,13,0.0,0.0,5.0,4
126206,0,0,0.19619490122453442,3.0,50.800000000000004,16.933333333333334,2.0,4.0,17,0.0,0.0,4.0,3
126214,0,0,0.06142206670771691,5.0,175.2,35.04,5.0,6.0,11,0.0,0.0,3.0,1
126227,0,0,0.06905194130360734,4.0,130.7,32.675,4.5,6.0,17,0.0,0.0,6.0,3
126229,0,0,0.20785208266731017,2.0,25.4,12.7,5.5,3.0,6,0.0,0.0,1.0,4
126230,0,0,0.16430229092384954,4.0,103.0,25.75,2.75,5.0,6,0.0,0.0,1.0,3
126233,0,0,0.22801913663109738,2.0,27.7,13.85,5.0,3.0,4,0.0,0.0,0.0,2
126244,0,0,0.026212482513001102,6.0,244.1,40.68333333333333,6.166666666666667,6.0,8,0.0,0.0,4.0,3
126262,0,0,0.2762954069851538,2.0,18.8,9.4,3.5,3.0,10,0.0,0.0,0.0,4
126288,0,0,0.22308353841034875,1.0,0.9,0.9,6.0,2.0,3,0.0,0.0,0.0,4
126291,0,0,0.033542058118224756,6.0,204.9,34.15,5.0,8.0,17,0.0,0.0,7.0,1
126293,0,0,0.19929632110306814,3.0,47.8,15.933333333333332,4.333333333333333,4.0,13,0.0,0.0,2.0,4
126297,0,0,0.12488092290960166,3.0,74.2,24.733333333333334,3.3333333333333335,4.0,3,0.0,0.0,5.0,4
126300,0,0,0.24220442166482992,1.0,16.8,16.8,4.0,2.0,2,0.0,0.0,0.0,4
126308,0,0,0.2903358010232836,2.0,17.3,8.65,2.5,3.0,2,0.0,0.0,0.0,4
126315,0,0,0.30324982128342853,1.0,14.8,14.8,1.0,2.0,6,0.0,0.0,0.0,4
126318,0,0,0.11168077874512616,3.0,116.0,38.666666666666664,3.0,5.0,15,0.0,0.0,3.0,4
126328,0,0,0.2479766005538736,1.0,8.3,8.3,4.0,2.0,3,0.0,0.0,0.0,1
126345,0,0,0.23978002588840652,1.0,37.4,37.4,3.0,2.0,0,0.0,0.0,0.0,4
126346,0,0,0.2121443472482624,2.0,19.5,9.75,4.5,3.0,4,0.0,0.0,2.0,4
126349,0,0,0.2683268359052757,1.0,11.9,11.9,2.0,2.0,12,0.0,0.0,1.0,2
126350,0,0,0.04594723768002124,3.0,142.1,47.36666666666667,5.333333333333333,4.0,7,0.0,0.0,7.0,4
126355,0,0,0.17104027592825544,3.0,56.2,18.733333333333334,5.333333333333333,6.0,17,0.0,0.0,2.0,1
126361,0,0,0.14159461985061067,5.0,122.8,24.56,4.0,6.0,13,0.0,0.0,1.0,2
126369,0,0,0.22137105483918623,4.0,42.9,10.725,2.75,5.0,14,0.0,0.0,4.0,4
126371,0,0,0.23035373466344863,2.0,21.3,10.65,3.0,3.0,2,0.0,0.0,2.0,2
126372,0,0,0.05306214565806712,5.0,151.7,30.339999999999996,3.8,6.0,12,0.0,0.0,8.0,4
126380,0,0,0.2630059080577296,1.0,2.5,2.5,4.0,2.0,13,0.0,0.0,0.0,2
126389,0,0,0.29204921744988294,2.0,21.1,10.55,2.0,3.0,1,0.0,0.0,0.0,4
126390,0,0,0.268649989517908,1.0,8.5,8.5,2.0,2.0,7,0.0,0.0,1.0,4
126392,1,0,0.21012870835856343,2.0,42.099999999999994,21.049999999999997,5.0,3.0,7,0.0,0.0,0.0,4
126393,0,0,0.3142730412036352,1.0,3.9,3.9,1.0,2.0,7,0.0,0.0,0.0,3
126396,0,0,0.20403452316287618,3.0,60.4,20.133333333333333,2.3333333333333335,4.0,7,0.0,0.0,2.0,4
126398,0,0,0.033551260279072015,8.0,216.6,27.075,4.375,8.0,14,0.0,0.0,9.0,4
126399,0,0,0.24609558767817502,2.0,26.6,13.3,3.0,3.0,5,0.0,0.0,1.0,4
126413,0,0,0.09302985912255417,2.0,96.1,48.05,4.0,3.0,4,0.0,0.0,5.0,4
126429,0,0,0.26898669537133196,1.0,16.8,16.8,3.0,2.0,14,0.0,0.0,0.0,2
126430,0,0,0.16034473166204152,4.0,71.4,17.85,3.75,6.0,18,0.0,0.0,4.0,3
126434,0,0,0.1852687739442452,3.0,81.5,27.166666666666668,2.3333333333333335,4.0,6,0.0,0.0,1.0,2
126455,0,0,0.09090315063086772,3.0,113.3,37.766666666666666,4.333333333333333,4.0,11,0.0,0.0,4.0,2
126458,0,0,0.2753262983390533,6.0,69.8,11.633333333333333,3.1666666666666665,6.0,9,0.0,0.0,1.0,3
126463,0,0,0.20369562874874858,2.0,48.6,24.3,4.5,3.0,1,0.0,0.0,0.0,4
126468,0,0,0.1283981535087795,7.0,130.9,18.7,4.0,7.0,14,0.0,0.0,4.0,2
126470,0,0,0.23397168606953803,4.0,36.800000000000004,9.200000000000001,2.5,5.0,12,0.0,0.0,4.0,2
126474,0,0,0.08896290577503599,3.0,114.5,38.166666666666664,4.666666666666667,6.0,17,0.0,0.0,4.0,3
126486,0,0,0.1746618414226759,4.0,67.3,16.825,3.0,5.0,14,0.0,0.0,4.0,3
126487,0,0,0.16339920310692965,2.0,64.8,32.4,2.5,3.0,5,0.0,0.0,3.0,4
126490,0,0,0.176089925052362,5.0,91.9,18.380000000000003,3.6,6.0,7,0.0,0.0,2.0,4
126494,0,0,0.2570162044759805,5.0,32.3,6.459999999999999,2.2,6.0,8,0.0,0.0,5.0,4
126496,1,0,0.2487025152844026,2.0,22.4,11.2,2.5,4.0,15,0.0,0.0,2.0,4
126510,0,0,0.1237782533674908,5.0,124.39999999999999,24.88,3.2,6.0,16,0.0,0.0,3.0,1
126523,0,0,0.21326145394889623,1.0,10.8,10.8,2.0,4.0,18,0.0,0.0,4.0,4
126533,0,0,0.09148846771599295,5.0,80.7,16.14,3.6,6.0,9,0.0,0.0,10.0,3
126536,0,0,0.17623077612216115,3.0,46.2,15.4,3.6666666666666665,4.0,14,0.0,0.0,4.0,1
126538,0,0,0.24626242402453447,1.0,23.4,23.4,4.0,4.0,18,0.0,0.0,0.0,2
126540,0,0,0.22268175166615023,2.0,37.099999999999994,18.549999999999997,3.5,3.0,7,0.0,0.0,1.0,4
126548,0,0,0.17211673770853259,2.0,82.5,41.25,3.5,3.0,2,0.0,0.0,0.0,3
126554,0,0,0.17996197575308923,2.0,44.800000000000004,22.400000000000002,6.5,3.0,1,0.0,0.0,0.0,4
126574,0,0,0.2802185096326961,2.0,36.6,18.3,1.5,3.0,8,0.0,0.0,0.0,4
126580,0,0,0.28422371863391355,1.0,20.7,20.7,2.0,4.0,17,0.0,0.0,0.0,2
126587,0,0,0.06017867011659667,6.0,176.8,29.46666666666667,3.1666666666666665,6.0,12,0.0,0.0,6.0,4
126595,0,0,0.20811060317093344,3.0,47.3,15.766666666666666,3.6666666666666665,4.0,9,1.0,9.99,2.0,1
126605,0,0,0.14810802825301753,3.0,64.2,21.400000000000002,7.0,4.0,2,0.0,0.0,1.0,4
126606,0,0,0.17219485340771357,2.0,59.1,29.55,3.5,3.0,4,0.0,0.0,2.0,4
126618,0,0,0.1937475429669002,4.0,37.9,9.475,3.5,5.0,6,0.0,0.0,5.0,3
126621,0,0,0.05795774022989554,6.0,146.8,24.46666666666667,3.8333333333333335,6.0,13,0.0,0.0,9.0,4
126629,0,0,0.11652509259066644,3.0,83.4,27.8,5.333333333333333,5.0,15,1.0,1.99,4.0,3
126646,0,0,0.13949645983526712,4.0,107.4,26.85,3.5,6.0,16,0.0,0.0,2.0,2
126648,0,0,0.13003228435151687,6.0,92.6,15.433333333333332,3.5,9.0,18,0.0,0.0,7.0,4
126652,0,0,0.17904285952186474,2.0,17.8,8.9,4.5,3.0,3,0.0,0.0,4.0,4
126656,0,0,0.2683616929748696,3.0,29.9,9.966666666666667,2.0,4.0,10,0.0,0.0,2.0,4
126663,0,0,0.24146405158505616,2.0,34.5,17.25,3.5,3.0,1,0.0,0.0,0.0,4
126684,0,0,0.21597220660680297,1.0,7.2,7.2,4.0,2.0,1,1.0,4.99,2.0,3
126687,0,0,0.12096951632516052,4.0,84.7,21.175,3.0,5.0,12,0.0,0.0,6.0,1
126688,0,0,0.11747959162655482,3.0,113.3,37.766666666666666,3.3333333333333335,4.0,3,0.0,0.0,2.0,4
126692,1,0,0.1441751709115241,4.0,66.9,16.725,4.0,5.0,7,0.0,0.0,5.0,4
126709,0,0,0.19661194055175402,3.0,78.1,26.03333333333333,3.0,4.0,2,0.0,0.0,0.0,4
126719,0,0,0.1972143627146186,3.0,54.099999999999994,18.03333333333333,3.6666666666666665,5.0,15,0.0,0.0,2.0,1
126730,0,0,0.14783405849258258,4.0,61.099999999999994,15.274999999999999,5.75,5.0,11,0.0,0.0,4.0,4
126731,0,0,0.23827547282271008,3.0,24.9,8.299999999999999,4.0,4.0,5,0.0,0.0,2.0,4
126739,0,0,0.22767808823819868,1.0,10.2,10.2,5.0,2.0,0,0.0,0.0,0.0,2
126745,0,0,0.20743811756185196,3.0,50.0,16.666666666666668,3.6666666666666665,6.0,18,0.0,0.0,2.0,4
126750,0,0,0.22778196636188497,1.0,13.0,13.0,5.0,2.0,1,0.0,0.0,0.0,4
126755,0,0,0.2890158877354325,1.0,0.9,0.9,1.0,2.0,2,0.0,0.0,1.0,3
126757,0,0,0.183139575535418,2.0,54.0,27.0,2.0,3.0,4,0.0,0.0,3.0,4
126762,0,0,0.2315464563797022,1.0,32.3,32.3,4.0,2.0,6,0.0,0.0,0.0,3
126779,0,0,0.23938753720237702,1.0,27.4,27.4,3.0,2.0,13,0.0,0.0,1.0,4
126781,0,0,0.1553100889294846,3.0,87.5,29.166666666666668,5.333333333333333,4.0,11,0.0,0.0,0.0,1
126783,0,0,0.265907323780703,2.0,17.6,8.8,2.0,3.0,9,1.0,69.98,0.0,1
126812,0,0,0.18198329706307464,4.0,67.7,16.925,2.5,6.0,17,0.0,0.0,4.0,3
126819,1,0,0.2466036801564914,4.0,31.6,7.9,3.5,5.0,10,0.0,0.0,3.0,3
126821,0,0,0.2709591655752654,1.0,11.0,11.0,2.0,2.0,12,0.0,0.0,1.0,4
126826,1,0,0.23944515166613867,4.0,49.5,12.375,3.0,5.0,9,0.0,0.0,2.0,4
126832,0,0,0.27584611353844146,5.0,55.1,11.02,2.0,6.0,12,0.0,0.0,2.0,1
126838,0,0,0.29813224664704896,1.0,7.2,7.2,2.0,2.0,15,0.0,0.0,0.0,2
126840,0,0,0.1292919643759028,4.0,111.3,27.825,2.75,6.0,16,0.0,0.0,3.0,1
126841,0,0,0.14201033749419129,4.0,107.8,26.95,3.0,5.0,11,0.0,0.0,2.0,1
126851,0,0,0.1756158244660413,1.0,18.9,18.9,7.0,2.0,1,0.0,0.0,1.0,4
126858,0,0,0.13170786676142493,6.0,137.8,22.96666666666667,3.8333333333333335,6.0,10,1.0,1.99,2.0,2
126868,0,0,0.05538743169353695,8.0,136.6,17.075,4.25,8.0,13,0.0,0.0,13.0,4
126874,0,0,0.019091976430324814,6.0,258.0,43.0,4.666666666666667,8.0,16,0.0,0.0,7.0,4
126877,0,0,0.29501484337547373,2.0,13.2,6.6,3.0,3.0,9,0.0,0.0,0.0,4
126878,0,0,0.22541145899615142,3.0,49.7,16.566666666666666,2.0,4.0,4,0.0,0.0,2.0,4
126883,1,0,0.3118767094350596,2.0,3.6999999999999997,1.8499999999999999,3.0,3.0,9,0.0,0.0,0.0,3
126893,0,0,0.2828095132826883,1.0,2.8,2.8,3.0,3.0,17,0.0,0.0,0.0,1
126899,0,0,0.2656046043949469,1.0,9.8,9.8,2.0,2.0,5,0.0,0.0,1.0,4
126900,0,0,0.27057046456447315,2.0,21.0,10.5,3.0,3.0,1,0.0,0.0,0.0,1
126906,0,0,0.17427266312180395,4.0,79.2,19.8,3.5,5.0,6,0.0,0.0,2.0,1
126914,0,0,0.21182573984550274,1.0,15.9,15.9,6.0,2.0,4,0.0,0.0,0.0,4
126916,0,0,0.26661723469860876,1.0,8.4,8.4,3.0,2.0,3,0.0,0.0,0.0,2
126923,0,0,0.20486357568241037,3.0,54.9,18.3,2.6666666666666665,4.0,6,1.0,49.99,1.0,2
126928,0,0,0.19284493895747823,1.0,16.1,16.1,7.0,2.0,1,0.0,0.0,0.0,2
126935,0,0,0.2211159552373109,4.0,43.3,10.825,2.75,6.0,16,0.0,0.0,4.0,4
126939,0,0,0.07721392400633513,3.0,147.6,49.199999999999996,5.666666666666667,4.0,2,0.0,0.0,1.0,4
126948,0,0,0.22911389483418024,3.0,34.0,11.333333333333334,1.6666666666666667,5.0,16,0.0,0.0,4.0,4
126950,0,0,0.14832877624420476,2.0,83.1,41.55,4.0,3.0,4,1.0,19.99,1.0,1
126972,0,0,0.2511552395507986,1.0,24.4,24.4,3.0,2.0,0,0.0,0.0,0.0,4
126975,0,0,0.15626504343610442,3.0,54.0,18.0,4.333333333333333,5.0,15,0.0,0.0,4.0,1
126976,0,0,0.2924731893777097,2.0,18.5,9.25,1.5,3.0,13,0.0,0.0,1.0,1
126980,0,0,0.06541710205605357,3.0,99.9,33.300000000000004,7.0,4.0,5,0.0,0.0,6.0,3
127004,0,0,0.1974971068627252,4.0,59.2,14.8,3.5,6.0,16,0.0,0.0,3.0,2
127019,0,0,0.2249369415719141,1.0,17.4,17.4,1.0,2.0,9,1.0,99.99,1.0,2
127021,1,0,0.29623813582123554,1.0,13.0,13.0,1.0,2.0,0,0.0,0.0,0.0,1
127029,0,0,0.2615726465786619,1.0,13.2,13.2,2.0,2.0,4,0.0,0.0,1.0,4
127038,0,0,0.07487834971951841,6.0,153.2,25.53333333333333,3.5,6.0,10,0.0,0.0,6.0,4
127049,0,0,0.23848846514244523,5.0,53.0,10.6,4.6,6.0,16,0.0,0.0,2.0,2
127055,0,0,0.11763141793493946,5.0,103.0,20.6,3.8,6.0,8,0.0,0.0,5.0,4
127056,0,0,0.0990748818369715,6.0,104.1,17.349999999999998,4.166666666666667,9.0,18,0.0,0.0,8.0,4
127062,0,0,0.06889007319638096,6.0,122.9,20.483333333333334,3.6666666666666665,8.0,16,0.0,0.0,10.0,4
127070,0,0,0.02846961375495661,5.0,243.89999999999998,48.779999999999994,4.0,6.0,7,0.0,0.0,4.0,4
127077,0,0,0.2174394535059037,2.0,36.0,18.0,3.0,3.0,12,0.0,0.0,2.0,4
127095,0,0,0.18635477527961752,4.0,55.2,13.8,4.25,5.0,3,0.0,0.0,3.0,4
127110,0,0,0.2734356213591516,2.0,16.9,8.45,2.5,3.0,7,0.0,0.0,1.0,4
127115,0,0,0.1472051808245557,6.0,142.9,23.816666666666666,3.8333333333333335,6.0,13,0.0,0.0,0.0,2
127129,0,0,0.24534308434088797,3.0,37.7,12.566666666666668,2.6666666666666665,5.0,16,0.0,0.0,2.0,4
127137,0,0,0.19900367198821534,1.0,31.9,31.9,5.0,2.0,7,0.0,0.0,1.0,4
127139,0,0,0.2252187730375035,2.0,23.0,11.5,3.5,3.0,7,0.0,0.0,2.0,4
127140,0,0,0.20708489755275655,2.0,44.0,22.0,2.5,3.0,4,0.0,0.0,2.0,4
127143,0,0,0.2382717834378228,1.0,2.4,2.4,3.0,2.0,13,0.0,0.0,2.0,1
127151,1,0,0.20173193730751876,1.0,27.3,27.3,5.0,2.0,6,0.0,0.0,1.0,4
127153,0,0,0.039631145391707936,6.0,185.1,30.849999999999998,3.3333333333333335,6.0,13,0.0,0.0,9.0,4
127165,0,0,0.08243417370801256,3.0,114.3,38.1,7.333333333333333,4.0,4,0.0,0.0,2.0,1
127166,0,0,0.2065180597352056,3.0,47.9,15.966666666666667,2.6666666666666665,4.0,16,0.0,0.0,3.0,1
127173,0,0,0.30269750026792436,3.0,33.3,11.1,2.3333333333333335,4.0,8,1.0,4.99,0.0,1
127178,0,0,0.1000219440115448,2.0,101.8,50.9,6.0,3.0,2,0.0,0.0,2.0,3
127189,0,0,0.07013783449596078,4.0,70.8,17.7,3.25,5.0,9,1.0,99.99,10.0,4
127192,0,0,0.17469537972868604,3.0,53.1,17.7,5.333333333333333,4.0,10,0.0,0.0,2.0,4
127196,0,0,0.12520942509111635,5.0,83.1,16.619999999999997,3.2,6.0,13,0.0,0.0,7.0,1
127201,0,0,0.19143880274651492,3.0,54.5,18.166666666666668,3.0,4.0,14,0.0,0.0,3.0,4
127204,0,0,0.1451146595855118,5.0,45.9,9.18,2.6,6.0,16,0.0,0.0,10.0,3
127206,1,0,0.18528738644225387,4.0,80.5,20.125,3.0,5.0,14,0.0,0.0,2.0,2
127216,1,0,0.01643856595331711,6.0,214.8,35.800000000000004,5.833333333333333,7.0,16,0.0,0.0,12.0,4
127224,0,0,0.23203514548335713,3.0,59.4,19.8,3.0,4.0,6,0.0,0.0,0.0,4
127230,0,0,0.15931297282488086,3.0,54.1,18.033333333333335,4.0,4.0,7,1.0,9.99,4.0,2
127244,0,0,0.19722247622712782,3.0,40.7,13.566666666666668,3.6666666666666665,4.0,5,0.0,0.0,3.0,4
127246,0,0,0.25214029792228243,2.0,11.9,5.95,4.0,3.0,4,0.0,0.0,1.0,4
127248,0,0,0.2517337605840643,4.0,36.8,9.2,2.75,5.0,14,0.0,0.0,3.0,2
127255,1,0,0.24448822315166438,2.0,27.4,13.7,4.0,3.0,2,0.0,0.0,0.0,3
127259,0,0,0.16609127067130466,4.0,75.8,18.95,2.5,5.0,10,0.0,0.0,4.0,4
127269,0,0,0.2306788684370484,4.0,34.9,8.725,3.25,6.0,18,0.0,0.0,4.0,4
127281,0,0,0.11883224504243006,4.0,83.1,20.775,3.5,5.0,11,0.0,0.0,6.0,4
127290,0,0,0.2806226677549805,1.0,15.2,15.2,2.0,2.0,3,0.0,0.0,0.0,4
127301,0,0,0.22055952077033691,2.0,18.5,9.25,5.0,3.0,2,0.0,0.0,1.0,1
127304,0,0,0.29333684825679596,1.0,5.1,5.1,2.0,2.0,8,0.0,0.0,0.0,2
127312,0,0,0.1390479176922636,5.0,100.8,20.16,3.4,6.0,12,0.0,0.0,4.0,4
127313,0,0,0.13219997315257961,5.0,80.3,16.06,3.8,6.0,5,0.0,0.0,6.0,4
127321,0,0,0.05446000185311554,4.0,137.0,34.25,5.0,5.0,9,0.0,0.0,7.0,4
127323,0,0,0.29178350932081365,1.0,3.7,3.7,2.0,2.0,5,0.0,0.0,0.0,2
127325,0,0,0.2716737408971619,1.0,1.9,1.9,3.0,2.0,0,0.0,0.0,0.0,4
127333,0,0,0.2193488477849427,2.0,17.0,8.5,3.0,3.0,3,0.0,0.0,3.0,3
127342,0,0,0.22677984216598857,2.0,11.8,5.9,5.5,3.0,4,0.0,0.0,1.0,4
127347,0,0,0.2596403291408705,2.0,8.4,4.2,2.0,3.0,14,0.0,0.0,3.0,3
127352,0,0,0.18845241210737942,3.0,64.7,21.566666666666666,2.6666666666666665,4.0,2,0.0,0.0,2.0,4
127371,0,0,0.24866036906714462,4.0,46.5,11.625,3.75,5.0,5,0.0,0.0,1.0,3
127376,0,0,0.2008801128157497,1.0,34.0,34.0,4.0,4.0,18,0.0,0.0,2.0,4
127377,0,0,0.12011283757722517,4.0,80.7,20.175,3.5,5.0,8,0.0,0.0,6.0,4
127379,0,0,0.2241600645729444,3.0,53.9,17.966666666666665,3.0,4.0,8,0.0,0.0,1.0,4
127382,0,0,0.2803798959610116,4.0,42.3,10.575,2.75,5.0,11,0.0,0.0,1.0,2
127384,0,0,0.1473255138580153,5.0,84.3,16.86,3.2,6.0,6,0.0,0.0,5.0,4
127391,0,0,0.20215759863529256,2.0,65.5,32.75,3.0,3.0,3,0.0,0.0,0.0,2
127392,0,0,0.23640384675736195,2.0,19.4,9.7,4.0,3.0,1,0.0,0.0,1.0,3
127397,0,0,0.1665072423997685,3.0,60.4,20.133333333333333,5.0,4.0,7,0.0,0.0,2.0,4
127400,1,0,0.17802963234183292,3.0,64.4,21.46666666666667,4.0,4.0,14,0.0,0.0,2.0,3
127406,1,0,0.15519494946036594,2.0,30.5,15.25,4.5,3.0,14,0.0,0.0,5.0,4
127407,0,0,0.23295528401767818,3.0,50.699999999999996,16.9,2.6666666666666665,4.0,5,0.0,0.0,1.0,4
127412,0,0,0.18022686926885143,5.0,94.8,18.96,3.2,6.0,14,0.0,0.0,2.0,2
127421,0,0,0.3011832810711532,1.0,9.0,9.0,1.0,2.0,1,0.0,0.0,0.0,1
127423,0,0,0.2676616493679102,2.0,4.4,2.2,4.0,3.0,7,0.0,0.0,1.0,4
127432,0,0,0.22729904320810246,2.0,55.0,27.5,2.5,3.0,4,0.0,0.0,0.0,3
127441,0,0,0.27951229814033757,3.0,32.1,10.700000000000001,2.3333333333333335,4.0,5,1.0,4.99,1.0,1
127442,0,0,0.09768043736104802,4.0,116.7,29.175,3.0,5.0,12,0.0,0.0,5.0,1
127443,0,0,0.26416733220604144,1.0,10.0,10.0,3.0,2.0,0,0.0,0.0,0.0,4
127445,0,0,0.2697366698650632,1.0,15.3,15.3,2.0,2.0,15,0.0,0.0,1.0,4
127448,0,0,0.2924108189813528,1.0,1.4,1.4,1.0,2.0,6,0.0,0.0,1.0,3
127457,0,0,0.28232628248520214,1.0,8.5,8.5,2.0,2.0,0,0.0,0.0,0.0,2
127460,0,0,0.15613051242880896,2.0,52.1,26.05,6.5,3.0,2,0.0,0.0,1.0,4
127461,0,0,0.250393016897319,1.0,36.2,36.2,2.0,3.0,16,0.0,0.0,1.0,4
127467,0,0,0.2514994300442407,1.0,43.8,43.8,2.0,2.0,0,0.0,0.0,0.0,4
127469,1,0,0.26699260352607185,2.0,27.9,13.95,2.0,3.0,14,1.0,19.99,1.0,4
127485,0,0,0.19682989772777296,3.0,66.89999999999999,22.299999999999997,2.0,4.0,5,0.0,0.0,2.0,4
127490,0,0,0.25866679805429094,2.0,8.9,4.45,5.0,3.0,2,0.0,0.0,0.0,4
127509,0,0,0.2671234474096235,5.0,36.5,7.3,3.4,6.0,9,0.0,0.0,3.0,1
127514,0,0,0.14815199768152168,4.0,49.2,12.3,4.5,5.0,6,0.0,0.0,6.0,4
127525,1,0,0.24551234471497058,4.0,52.900000000000006,13.225000000000001,2.5,5.0,14,0.0,0.0,2.0,4
127536,0,0,0.07438136426422932,4.0,144.0,36.0,5.0,5.0,4,0.0,0.0,3.0,2
127540,0,0,0.1507553283786137,3.0,57.8,19.266666666666666,3.0,4.0,7,0.0,0.0,5.0,4
127546,0,0,0.1960087204917687,3.0,40.699999999999996,13.566666666666665,2.6666666666666665,4.0,7,0.0,0.0,4.0,4
127550,0,0,0.2750900766169306,2.0,12.8,6.4,2.5,3.0,2,0.0,0.0,1.0,3
127554,0,0,0.2549221031253104,2.0,27.099999999999998,13.549999999999999,2.5,3.0,6,0.0,0.0,1.0,4
127557,0,0,0.14656359794555088,3.0,74.69999999999999,24.899999999999995,3.6666666666666665,4.0,5,0.0,0.0,3.0,2
127558,0,0,0.09488132480587746,4.0,97.0,24.25,5.75,5.0,12,0.0,0.0,5.0,3
127559,0,0,0.03540921136971384,7.0,169.4,24.2,5.714285714285714,9.0,16,0.0,0.0,11.0,3
127567,0,0,0.21803834846664413,2.0,40.0,20.0,4.5,3.0,6,0.0,0.0,0.0,1
127591,0,0,0.23565051268354373,4.0,34.1,8.525,4.0,5.0,14,0.0,0.0,3.0,2
127598,0,0,0.09333190551522305,2.0,137.8,68.9,3.5,3.0,3,0.0,0.0,2.0,4
127624,0,0,0.17953209267571413,1.0,36.0,36.0,6.0,2.0,4,0.0,0.0,1.0,4
127651,0,0,0.16090178354700205,2.0,53.9,26.95,6.0,3.0,5,0.0,0.0,1.0,2
127654,0,0,0.1768101039125847,1.0,39.6,39.6,7.0,2.0,1,0.0,0.0,0.0,3
127667,1,0,0.2920357885103646,2.0,20.1,10.05,2.5,3.0,10,0.0,0.0,0.0,3
127671,0,0,0.2990661197390681,5.0,48.4,9.68,1.8,6.0,14,0.0,0.0,2.0,3
127672,0,0,0.29087666870099077,4.0,54.099999999999994,13.524999999999999,2.25,5.0,15,0.0,0.0,0.0,3
127676,1,0,0.29475126633602966,1.0,2.0,2.0,1.0,2.0,9,0.0,0.0,1.0,3
127678,0,0,0.12087762502232953,3.0,84.8,28.266666666666666,2.0,6.0,18,0.0,0.0,6.0,4
127682,1,0,0.24351576523092353,1.0,12.7,12.7,3.0,2.0,4,0.0,0.0,1.0,3
127686,0,0,0.17508356023042473,5.0,87.0,17.4,3.6,6.0,15,1.0,9.99,3.0,2
127697,0,0,0.15856568186430509,2.0,32.7,16.35,5.0,3.0,10,0.0,0.0,4.0,4
127701,0,0,0.10699613403803555,3.0,96.9,32.300000000000004,5.333333333333333,4.0,11,0.0,0.0,3.0,1
127705,0,0,0.11445005222237181,4.0,114.3,28.575,3.5,5.0,7,0.0,0.0,3.0,1
127709,0,0,0.2337291325714672,1.0,24.7,24.7,4.0,2.0,0,0.0,0.0,0.0,4
127712,0,0,0.31396079075097044,3.0,18.700000000000003,6.233333333333334,2.0,4.0,12,0.0,0.0,1.0,1
127724,0,0,0.2438768105058217,3.0,22.1,7.366666666666667,3.0,4.0,10,0.0,0.0,3.0,3
127748,0,0,0.22605540465854587,3.0,37.2,12.4,4.666666666666667,4.0,7,0.0,0.0,1.0,4
127751,0,0,0.11652007243895324,4.0,89.80000000000001,22.450000000000003,6.25,5.0,6,0.0,0.0,3.0,4
127757,0,0,0.27479650385029153,2.0,21.200000000000003,10.600000000000001,3.0,3.0,3,0.0,0.0,0.0,4
127761,0,0,0.1925525625608881,3.0,43.6,14.533333333333333,3.6666666666666665,4.0,5,0.0,0.0,3.0,4
127765,0,0,0.03326319912029078,4.0,179.6,44.9,6.5,5.0,5,0.0,0.0,6.0,4
127769,0,0,0.24559315219400282,2.0,27.099999999999998,13.549999999999999,2.0,3.0,9,0.0,0.0,2.0,4
127773,0,0,0.2414800308814079,4.0,62.0,15.5,2.75,5.0,12,0.0,0.0,1.0,4
127778,0,0,0.20892419250212146,7.0,85.8,12.257142857142856,2.2857142857142856,7.0,13,0.0,0.0,5.0,3
127780,0,0,0.22367318817014514,3.0,29.6,9.866666666666667,3.3333333333333335,4.0,9,0.0,0.0,3.0,3
127804,0,0,0.046271326665943344,6.0,187.9,31.316666666666666,4.5,6.0,7,0.0,0.0,6.0,4
127811,0,0,0.24315138798071925,5.0,61.0,12.2,3.2,6.0,11,0.0,0.0,2.0,4
127818,0,0,0.22100377500949814,4.0,33.0,8.25,2.75,5.0,14,0.0,0.0,5.0,4
127820,0,0,0.10137420799442273,3.0,60.5,20.166666666666668,9.666666666666666,4.0,2,0.0,0.0,3.0,4
127823,0,0,0.2881090714514519,1.0,26.3,26.3,1.0,2.0,5,0.0,0.0,0.0,1
127824,1,0,0.2856085119654162,4.0,40.2,10.05,3.0,6.0,16,0.0,0.0,1.0,4
127829,0,0,0.20559398211790214,4.0,76.5,19.125,3.25,6.0,15,0.0,0.0,1.0,2
127836,0,0,0.22887958509245374,2.0,18.0,9.0,3.5,3.0,2,0.0,0.0,2.0,4
127839,0,0,0.31780749026814636,1.0,2.4,2.4,1.0,2.0,8,0.0,0.0,0.0,4
127842,0,0,0.24272069358998727,1.0,34.0,34.0,3.0,2.0,0,0.0,0.0,0.0,4
127843,0,0,0.25623435565401326,1.0,16.1,16.1,2.0,2.0,1,0.0,0.0,1.0,4
127861,0,0,0.18630750133517784,3.0,54.1,18.033333333333335,4.333333333333333,4.0,9,0.0,0.0,2.0,4
127886,0,0,0.3001229754372057,1.0,11.0,11.0,1.0,2.0,0,0.0,0.0,0.0,3
127890,0,0,0.07568736507659393,4.0,124.1,31.025,3.0,5.0,14,0.0,0.0,7.0,4
127892,0,0,0.015359581797620172,7.0,210.5,30.071428571428573,4.714285714285714,7.0,8,0.0,0.0,15.0,4
127893,0,0,0.24101584486010993,3.0,52.0,17.333333333333332,2.0,4.0,6,0.0,0.0,1.0,2
127917,0,0,0.23241895824746758,1.0,6.2,6.2,3.0,2.0,7,0.0,0.0,2.0,4
127933,0,0,0.11360908993975771,4.0,94.7,23.675,4.75,5.0,6,0.0,0.0,4.0,3
127938,0,0,0.14122069827478528,3.0,55.7,18.566666666666666,4.0,4.0,7,0.0,0.0,5.0,3
127939,1,0,0.25059090290546715,6.0,74.1,12.35,4.0,6.0,11,0.0,0.0,1.0,1
127944,0,0,0.26601265001921653,2.0,18.0,9.0,3.0,3.0,11,0.0,0.0,1.0,4
127947,1,0,0.18095890843033327,2.0,55.7,27.85,2.0,3.0,7,0.0,0.0,3.0,1
127954,0,0,0.15692223008798928,3.0,87.2,29.066666666666666,2.6666666666666665,4.0,6,0.0,0.0,2.0,2
127958,0,0,0.29194639123460003,3.0,16.7,5.566666666666666,3.3333333333333335,4.0,11,0.0,0.0,1.0,2
127970,0,0,0.23784302470079405,4.0,45.2,11.3,2.75,6.0,18,0.0,0.0,3.0,3
127981,1,0,0.2936001729669788,3.0,25.0,8.333333333333334,2.6666666666666665,5.0,17,0.0,0.0,1.0,4
127984,0,0,0.2835153798230831,4.0,40.900000000000006,10.225000000000001,2.75,5.0,12,0.0,0.0,1.0,1
127999,1,0,0.22718731350148955,3.0,48.9,16.3,2.3333333333333335,4.0,12,0.0,0.0,2.0,3
128012,0,0,0.2543907573271193,5.0,56.8,11.36,4.2,6.0,10,0.0,0.0,1.0,4
128016,0,0,0.09489859791390605,5.0,134.3,26.860000000000003,4.0,6.0,15,0.0,0.0,4.0,2
128017,0,0,0.2165465073558611,2.0,24.1,12.05,2.5,3.0,2,0.0,0.0,3.0,4
128022,0,0,0.2104046969745893,5.0,76.5,15.3,4.8,6.0,17,0.0,0.0,1.0,4
128027,0,0,0.06856459238165141,6.0,131.6,21.933333333333334,3.5,9.0,18,1.0,23.969999999999995,9.0,3
128030,0,0,0.22613505659728694,2.0,48.0,24.0,2.5,6.0,18,0.0,0.0,1.0,2
128032,0,0,0.20115381779476404,5.0,51.2,10.24,3.6,6.0,14,0.0,0.0,5.0,4
128044,0,0,0.05295891869831444,5.0,146.8,29.360000000000003,4.6,7.0,17,0.0,0.0,8.0,4
128052,0,0,0.31979672041309615,3.0,30.299999999999997,10.1,1.6666666666666667,4.0,10,0.0,0.0,0.0,4
128082,0,0,0.096655710904902,5.0,71.4,14.280000000000001,3.2,6.0,14,0.0,0.0,11.0,4
128084,0,0,0.20437309038652737,2.0,46.1,23.05,2.0,3.0,18,0.0,0.0,3.0,4
128098,0,0,0.06323340244025627,7.0,136.1,19.442857142857143,4.285714285714286,7.0,6,0.0,0.0,10.0,4
128103,0,0,0.1938962701064177,2.0,49.4,24.7,4.0,3.0,3,0.0,0.0,1.0,4
128117,0,0,0.2839588635240241,2.0,8.899999999999999,4.449999999999999,2.5,3.0,4,0.0,0.0,1.0,3
128119,0,0,0.24259934847529732,2.0,25.1,12.55,2.5,4.0,16,0.0,0.0,2.0,1
128120,0,0,0.29757878529251264,4.0,37.3,9.325,2.75,5.0,14,1.0,9.99,1.0,1
128124,1,0,0.2767087301792774,1.0,3.9,3.9,1.0,3.0,17,0.0,0.0,2.0,3
128134,0,0,0.25231684009168387,1.0,5.3,5.3,4.0,2.0,2,0.0,0.0,0.0,4
128145,0,0,0.23612328615874043,2.0,34.0,17.0,2.5,3.0,12,1.0,1.99,2.0,3
128146,0,0,0.2692605227173975,2.0,13.5,6.75,3.0,3.0,7,0.0,0.0,1.0,3
128152,0,0,0.09325286545077945,8.0,100.4,12.55,5.25,8.0,13,0.0,0.0,11.0,4
128166,0,0,0.028774470878252186,8.0,213.8,26.725,4.125,8.0,14,1.0,9.99,11.0,1
128171,0,0,0.06410275646380456,3.0,124.8,41.6,3.6666666666666665,4.0,11,0.0,0.0,7.0,4
128172,0,0,0.20400640967325434,3.0,55.6,18.533333333333335,5.333333333333333,4.0,12,0.0,0.0,0.0,1
128197,0,0,0.027025870315802152,5.0,162.2,32.44,5.4,6.0,15,0.0,0.0,12.0,3
128207,0,0,0.25073617679138904,4.0,37.7,9.425,2.75,5.0,14,0.0,0.0,3.0,3
128221,0,0,0.13203752325239246,4.0,67.4,16.85,3.0,6.0,15,0.0,0.0,7.0,4
128233,0,0,0.2634839119954152,1.0,40.5,40.5,2.0,2.0,3,1.0,1.99,0.0,1
128236,0,0,0.08061501975755085,5.0,125.6,25.119999999999997,4.4,6.0,9,0.0,0.0,6.0,4
128251,0,0,0.2510701077508834,2.0,18.0,9.0,2.5,3.0,8,0.0,0.0,2.0,4
128252,0,0,0.02338733640307845,5.0,178.1,35.62,4.0,7.0,18,0.0,0.0,13.0,4
128255,0,0,0.009274464690645174,7.0,266.70000000000005,38.10000000000001,4.571428571428571,8.0,16,0.0,0.0,14.0,4
128266,0,0,0.26612353047900333,2.0,17.9,8.95,2.5,3.0,1,0.0,0.0,1.0,4
128269,0,0,0.20211591348788546,2.0,39.7,19.85,5.5,3.0,2,0.0,0.0,0.0,4
128276,0,0,0.11837583014235162,5.0,81.7,16.34,4.2,6.0,13,0.0,0.0,7.0,4
128277,1,0,0.24327961099158601,2.0,14.8,7.4,3.0,3.0,3,0.0,0.0,2.0,4
128285,0,0,0.1683630204674996,5.0,52.3,10.459999999999999,5.6,6.0,11,0.0,0.0,5.0,3
128289,0,0,0.26251387344894106,1.0,12.8,12.8,3.0,2.0,1,0.0,0.0,0.0,4
128335,1,0,0.27895580491576355,2.0,9.7,4.85,2.0,6.0,17,0.0,0.0,2.0,4
128337,0,0,0.23441792507045037,3.0,29.0,9.666666666666666,3.0,4.0,14,0.0,0.0,3.0,3
128348,0,0,0.2119001880306589,2.0,15.3,7.65,2.5,3.0,4,0.0,0.0,4.0,3
128354,0,0,0.21393083683980774,2.0,38.3,19.15,2.5,3.0,2,0.0,0.0,2.0,4
128359,0,0,0.034714868530403294,3.0,208.5,69.5,6.0,4.0,9,0.0,0.0,3.0,4
128361,0,0,0.08265038603577843,6.0,129.3,21.55,3.1666666666666665,6.0,14,0.0,0.0,8.0,4
128365,0,0,0.10268164332478075,3.0,47.0,15.666666666666666,5.333333333333333,4.0,7,0.0,0.0,8.0,4
128374,0,0,0.24600307560060572,4.0,46.1,11.525,4.25,5.0,10,0.0,0.0,1.0,4
128386,1,0,0.10008863303035238,5.0,116.2,23.240000000000002,3.0,6.0,9,0.0,0.0,6.0,4
128399,1,0,0.280799908027327,1.0,2.2,2.2,3.0,2.0,10,0.0,0.0,0.0,4
128401,0,0,0.12767008803001323,3.0,92.7,30.900000000000002,5.0,6.0,17,0.0,0.0,2.0,1
128407,0,0,0.05575095522806991,5.0,143.39999999999998,28.679999999999996,4.2,6.0,11,0.0,0.0,8.0,4
128409,0,0,0.28686805654226916,1.0,7.7,7.7,2.0,2.0,2,0.0,0.0,0.0,4
128433,0,0,0.26037085938424465,1.0,2.0,2.0,3.0,4.0,16,0.0,0.0,1.0,2
128443,0,0,0.2733918509420313,2.0,26.200000000000003,13.100000000000001,2.5,3.0,1,0.0,0.0,0.0,4
128448,0,0,0.18566375244828257,3.0,42.7,14.233333333333334,2.3333333333333335,4.0,14,0.0,0.0,5.0,4
128449,0,0,0.3162372733361968,1.0,12.9,12.9,1.0,2.0,17,0.0,0.0,0.0,4
128450,0,0,0.021080168979910004,8.0,279.1,34.8875,6.0,8.0,13,0.0,0.0,5.0,1
128454,0,0,0.07422994610777986,5.0,157.6,31.52,3.0,6.0,16,0.0,0.0,5.0,4
128466,0,0,0.0912549458400007,4.0,116.1,29.025,4.75,5.0,3,0.0,0.0,4.0,4
128486,0,0,0.17234855355898582,6.0,34.9,5.816666666666666,3.5,6.0,12,0.0,0.0,10.0,4
128513,0,0,0.25116185071699265,1.0,14.0,14.0,3.0,2.0,15,0.0,0.0,1.0,2
128521,0,0,0.06131769221197637,3.0,120.0,40.0,6.666666666666667,4.0,5,0.0,0.0,5.0,2
128523,0,0,0.08985502184659931,6.0,74.1,12.35,3.0,6.0,11,0.0,0.0,13.0,4
128524,0,0,0.17710827972417165,2.0,38.6,19.3,4.0,3.0,6,0.0,0.0,3.0,4
128532,0,0,0.29718215430048717,1.0,23.0,23.0,1.0,2.0,11,0.0,0.0,0.0,1
128550,0,0,0.16006384465643386,5.0,105.7,21.14,3.4,6.0,12,0.0,0.0,2.0,4
128570,0,0,0.11778262597384069,5.0,125.5,25.1,4.4,6.0,7,0.0,0.0,2.0,1
128571,0,0,0.0655028066062666,7.0,103.10000000000001,14.72857142857143,6.0,7.0,12,0.0,0.0,12.0,4
128576,0,0,0.01792087214056508,6.0,170.1,28.349999999999998,3.8333333333333335,6.0,14,1.0,1.99,18.0,4
128577,0,0,0.25934652372779143,1.0,18.3,18.3,3.0,2.0,4,0.0,0.0,0.0,3
128592,0,0,0.2511563560072102,1.0,7.6,7.6,4.0,2.0,3,0.0,0.0,0.0,4
128595,0,0,0.22837885142745534,2.0,18.0,9.0,6.0,3.0,6,0.0,0.0,0.0,2
128597,0,0,0.24080416304189348,2.0,13.9,6.95,2.5,3.0,12,0.0,0.0,3.0,4
128606,0,0,0.02881651276371282,9.0,264.1,29.34444444444445,4.333333333333333,9.0,12,1.0,1.99,7.0,4
128616,0,0,0.03122432978556175,5.0,218.0,43.6,6.4,8.0,18,0.0,0.0,4.0,1
128631,1,0,0.3185051686931813,1.0,6.7,6.7,1.0,2.0,13,0.0,0.0,0.0,4
128632,0,0,0.19967570317213051,2.0,30.9,15.45,3.0,3.0,3,0.0,0.0,3.0,4
128638,0,0,0.1877756608900974,4.0,93.19999999999999,23.299999999999997,2.5,6.0,15,0.0,0.0,1.0,2
128639,0,0,0.2772889338288699,2.0,4.0,2.0,4.5,3.0,3,0.0,0.0,0.0,4
128641,0,0,0.10240019169731944,6.0,115.69999999999999,19.28333333333333,3.5,7.0,15,0.0,0.0,7.0,4
128647,0,0,0.09815488133117882,5.0,129.9,25.98,3.0,6.0,14,0.0,0.0,5.0,4
128651,0,0,0.21303416796810973,1.0,6.8,6.8,5.0,2.0,1,0.0,0.0,1.0,3
128657,0,0,0.022092525313038125,7.0,215.2,30.74285714285714,3.857142857142857,7.0,11,0.0,0.0,12.0,4
128659,0,0,0.03328550450065762,6.0,155.7,25.95,4.0,6.0,9,0.0,0.0,13.0,4
128683,0,0,0.029837474535599665,4.0,189.3,47.325,4.5,5.0,11,0.0,0.0,8.0,4
128687,0,0,0.12503688542039562,3.0,81.8,27.266666666666666,3.6666666666666665,4.0,3,0.0,0.0,4.0,4
128691,0,0,0.08434931807767973,4.0,135.1,33.775,4.0,5.0,14,0.0,0.0,4.0,4
128704,0,0,0.1969382200864317,3.0,53.2,17.733333333333334,4.0,4.0,15,0.0,0.0,2.0,4
128708,0,0,0.31470124869859406,3.0,15.0,5.0,2.6666666666666665,4.0,15,0.0,0.0,1.0,4
128722,0,0,0.16820364439876861,4.0,55.8,13.95,3.5,5.0,11,0.0,0.0,5.0,3
128732,0,0,0.07118415553102475,4.0,65.0,16.25,4.75,6.0,16,0.0,0.0,12.0,4
128743,0,0,0.12404322762592129,3.0,118.10000000000001,39.36666666666667,4.666666666666667,4.0,9,0.0,0.0,0.0,1
128747,0,0,0.28763449897402005,2.0,26.200000000000003,13.100000000000001,2.0,3.0,8,0.0,0.0,0.0,2
128752,0,0,0.1324253209640708,5.0,110.3,22.06,2.6,6.0,9,0.0,0.0,4.0,2
128754,1,0,0.23408559292741823,1.0,10.5,10.5,3.0,4.0,18,0.0,0.0,2.0,2
128763,0,0,0.29540280796641094,1.0,10.2,10.2,2.0,4.0,18,0.0,0.0,0.0,2
128764,0,0,0.19235466229713005,1.0,17.7,17.7,7.0,2.0,0,0.0,0.0,0.0,4
128792,1,0,0.15285499823108478,2.0,75.7,37.85,3.5,3.0,8,0.0,0.0,2.0,1
128794,0,0,0.15036390521579202,4.0,89.7,22.425,3.5,6.0,15,0.0,0.0,3.0,4
128799,0,0,0.11795711430740653,8.0,135.8,16.975,4.75,8.0,11,0.0,0.0,5.0,1
128803,0,0,0.06716632659758089,4.0,125.60000000000001,31.400000000000002,3.75,5.0,7,0.0,0.0,7.0,2
128804,0,0,0.29124246462020703,2.0,10.0,5.0,3.0,3.0,2,0.0,0.0,0.0,1
128811,0,0,0.2141198270362893,4.0,50.599999999999994,12.649999999999999,2.5,5.0,8,1.0,1.99,4.0,4
128849,0,0,0.2837217248380316,2.0,6.4,3.2,3.0,3.0,8,0.0,0.0,1.0,4
128852,0,0,0.19441148907961897,2.0,65.9,32.95,4.0,5.0,17,0.0,0.0,0.0,1
128856,0,0,0.27339557827293215,2.0,9.899999999999999,4.949999999999999,3.5,4.0,15,0.0,0.0,1.0,4
128864,0,0,0.2785634528899055,1.0,8.9,8.9,2.0,2.0,18,0.0,0.0,1.0,4
128867,0,0,0.16576032924974995,2.0,68.5,34.25,3.0,3.0,4,0.0,0.0,2.0,2
128868,0,0,0.2319501853454985,1.0,28.8,28.8,4.0,2.0,2,0.0,0.0,0.0,4
128870,0,0,0.0721653258218452,5.0,150.7,30.139999999999997,5.0,6.0,12,0.0,0.0,4.0,1
128891,0,0,0.19312542706584576,3.0,43.7,14.566666666666668,3.6666666666666665,4.0,6,0.0,0.0,3.0,4
128914,0,0,0.11728504993904262,3.0,87.39999999999999,29.13333333333333,6.0,4.0,2,0.0,0.0,2.0,1
128919,0,0,0.18311844414294068,3.0,43.1,14.366666666666667,5.666666666666667,4.0,7,0.0,0.0,2.0,4
128934,0,0,0.3016845094457699,3.0,22.9,7.633333333333333,3.3333333333333335,4.0,9,0.0,0.0,0.0,4
128935,1,0,0.21850964126792072,4.0,41.0,10.25,3.0,5.0,11,0.0,0.0,4.0,4
128948,0,0,0.18275631530803366,5.0,79.2,15.84,2.4,6.0,12,0.0,0.0,4.0,1
128956,0,0,0.20479959491693533,2.0,43.099999999999994,21.549999999999997,5.0,3.0,2,0.0,0.0,0.0,4
128958,0,0,0.20386851979148438,3.0,35.0,11.666666666666666,4.0,4.0,8,0.0,0.0,3.0,4
128966,0,0,0.16002056820570476,3.0,81.0,27.0,4.666666666666667,5.0,16,0.0,0.0,1.0,1
128969,0,0,0.2564110087895696,1.0,16.9,16.9,2.0,2.0,2,0.0,0.0,1.0,4
128973,0,0,0.12591609616672034,3.0,102.30000000000001,34.1,4.0,4.0,10,0.0,0.0,2.0,3
128980,0,0,0.08482118308708797,4.0,166.4,41.6,4.5,5.0,7,0.0,0.0,0.0,1
128987,0,0,0.10575226156435501,5.0,100.7,20.14,3.4,6.0,17,0.0,0.0,7.0,3
129004,0,0,0.07601792125622839,5.0,70.8,14.16,4.8,6.0,12,0.0,0.0,12.0,4
129010,0,0,0.13821774157841688,4.0,71.8,17.95,3.75,5.0,3,0.0,0.0,5.0,4
129011,0,0,0.24071037294390585,3.0,43.7,14.566666666666668,3.3333333333333335,4.0,15,0.0,0.0,1.0,1
129015,0,0,0.01488541116086206,7.0,259.6,37.08571428571429,5.0,7.0,13,0.0,0.0,10.0,4
129024,0,0,0.1680204117083733,3.0,75.89999999999999,25.299999999999997,3.3333333333333335,4.0,10,0.0,0.0,2.0,4
129037,0,0,0.14131203464272105,3.0,54.699999999999996,18.23333333333333,5.333333333333333,4.0,7,0.0,0.0,4.0,4
129044,0,0,0.10218962661291014,4.0,82.5,20.625,4.0,5.0,7,0.0,0.0,7.0,4
129050,0,0,0.2567049990459894,4.0,43.6,10.9,2.5,5.0,5,0.0,0.0,2.0,4
129052,0,0,0.22011643387949134,3.0,40.7,13.566666666666668,2.6666666666666665,5.0,16,0.0,0.0,3.0,4
129055,0,0,0.1546514265510463,3.0,79.0,26.333333333333332,4.0,4.0,9,0.0,0.0,2.0,4
129060,0,0,0.09542309130421904,3.0,136.3,45.43333333333334,4.333333333333333,4.0,3,0.0,0.0,1.0,1
129066,0,0,0.30863856581124066,0.0,0.0,0.0,0.0,1.0,18,0.0,0.0,0.0,1
129068,0,0,0.11791886898807935,4.0,79.1,19.775,5.25,5.0,14,0.0,0.0,5.0,1
129069,0,0,0.03158754436057359,6.0,145.5,24.25,4.666666666666667,6.0,9,0.0,0.0,14.0,4
129090,0,0,0.25221969485029727,1.0,24.2,24.2,3.0,2.0,1,0.0,0.0,0.0,4
129107,0,0,0.28788152386065674,2.0,17.3,8.65,1.5,3.0,6,0.0,0.0,1.0,1
129124,0,0,0.14129175858349163,5.0,86.3,17.259999999999998,2.8,6.0,16,0.0,0.0,6.0,4
129125,0,0,0.2521443039701873,3.0,29.0,9.666666666666666,3.0,4.0,10,0.0,0.0,2.0,4
129160,0,0,0.21778154202720948,1.0,22.3,22.3,5.0,2.0,0,0.0,0.0,0.0,2
129165,0,0,0.04039700280020801,6.0,233.79999999999998,38.96666666666666,6.166666666666667,6.0,8,0.0,0.0,1.0,2
129167,0,0,0.23109177480919882,2.0,57.9,28.95,2.5,3.0,15,0.0,0.0,0.0,2
129170,0,0,0.23958296360579823,1.0,20.2,20.2,3.0,2.0,6,0.0,0.0,1.0,4
129176,1,0,0.27164118229494083,1.0,10.9,10.9,3.0,2.0,9,0.0,0.0,0.0,4
129179,0,0,0.23944844157647815,3.0,40.7,13.566666666666668,2.0,4.0,4,0.0,0.0,2.0,1
129182,0,0,0.20409345079434824,2.0,21.9,10.95,4.0,4.0,16,0.0,0.0,3.0,1
129190,0,0,0.2857129898369164,2.0,18.0,9.0,2.0,3.0,15,0.0,0.0,1.0,1
129199,0,0,0.07592221389440533,4.0,164.0,41.0,3.75,5.0,5,0.0,0.0,2.0,4
129200,0,0,0.12052221185746476,5.0,100.2,20.04,4.0,6.0,13,0.0,0.0,5.0,2
129201,0,0,0.17401021662876168,3.0,53.1,17.7,4.0,4.0,6,0.0,0.0,3.0,4
129212,0,0,0.25346374256124843,2.0,24.3,12.15,2.0,4.0,15,0.0,0.0,2.0,3
129219,0,0,0.32312111535247084,4.0,28.0,7.0,2.25,5.0,9,0.0,0.0,1.0,4
129228,0,0,0.18721908212466665,4.0,50.7,12.675,6.0,5.0,5,0.0,0.0,2.0,4
129235,0,0,0.13675029444363268,2.0,81.9,40.95,4.5,3.0,9,0.0,0.0,2.0,4
129244,0,0,0.1824587421841224,2.0,58.7,29.35,5.0,3.0,1,0.0,0.0,0.0,4
129253,0,0,0.2387342500858943,1.0,1.4,1.4,4.0,2.0,6,0.0,0.0,1.0,4
129257,0,0,0.2603649324947546,2.0,34.300000000000004,17.150000000000002,3.0,3.0,14,0.0,0.0,0.0,2
129264,0,0,0.048763106642489375,6.0,196.29999999999998,32.71666666666666,4.333333333333333,7.0,16,0.0,0.0,5.0,2
129277,0,0,0.2642716980728775,2.0,13.9,6.95,2.0,3.0,5,0.0,0.0,2.0,4
129281,0,0,0.3327535490173088,2.0,15.6,7.8,1.0,3.0,13,0.0,0.0,0.0,2
129288,1,0,0.30351782967072405,3.0,24.8,8.266666666666667,2.0,4.0,12,0.0,0.0,1.0,4
129296,0,0,0.13944212641546833,3.0,73.1,24.366666666666664,5.0,5.0,18,0.0,0.0,3.0,1
129307,0,0,0.2877756885162579,1.0,22.7,22.7,2.0,2.0,18,0.0,0.0,0.0,4
129311,1,0,0.2935219685601463,3.0,30.2,10.066666666666666,3.0,4.0,10,0.0,0.0,0.0,4
129312,0,0,0.22493522084159584,3.0,46.5,15.5,2.3333333333333335,4.0,5,0.0,0.0,2.0,2
129313,0,0,0.2989047473632789,1.0,10.3,10.3,1.0,2.0,0,0.0,0.0,0.0,1
129315,0,0,0.08204429309636953,5.0,154.2,30.839999999999996,5.2,6.0,6,0.0,0.0,2.0,2
129319,0,0,0.1947061015189086,3.0,63.1,21.033333333333335,3.0,5.0,18,0.0,0.0,2.0,1
129323,0,0,0.06024918979254032,4.0,91.4,22.85,4.75,6.0,17,0.0,0.0,11.0,3
129331,0,0,0.20581907712028444,1.0,5.8,5.8,7.0,2.0,6,0.0,0.0,0.0,4
129341,0,0,0.215635034266623,2.0,40.5,20.25,4.5,3.0,2,0.0,0.0,0.0,3
129343,0,0,0.2585993943286633,1.0,17.1,17.1,3.0,2.0,1,0.0,0.0,0.0,4
129345,0,0,0.19602344166936342,1.0,14.1,14.1,6.0,2.0,5,0.0,0.0,1.0,4
129346,0,0,0.14477797864966446,4.0,105.30000000000001,26.325000000000003,3.0,5.0,9,0.0,0.0,2.0,2
129347,0,0,0.1773238682844515,5.0,99.0,19.8,2.8,6.0,12,0.0,0.0,2.0,2
129348,0,0,0.10890993317376865,4.0,144.7,36.175,3.0,5.0,8,0.0,0.0,1.0,2
129373,0,0,0.13978316087678896,4.0,61.5,15.375,4.25,7.0,18,0.0,0.0,6.0,4
129375,0,0,0.07500246765225682,5.0,121.10000000000001,24.220000000000002,4.4,6.0,5,0.0,0.0,7.0,4
129377,0,0,0.2706237146934062,1.0,25.8,25.8,2.0,2.0,3,0.0,0.0,0.0,4
129378,0,0,0.0242070202119158,6.0,151.9,25.316666666666666,3.5,6.0,14,0.0,0.0,17.0,4
129379,0,0,0.15778505336702278,3.0,85.5,28.5,5.0,4.0,4,0.0,0.0,0.0,1
129390,0,0,0.27924485942146343,6.0,60.1,10.016666666666667,2.0,6.0,12,0.0,0.0,3.0,4
129407,0,0,0.26563592838485806,1.0,9.4,9.4,3.0,2.0,1,0.0,0.0,0.0,4
129414,0,0,0.25577250810668006,3.0,15.9,5.3,3.0,4.0,9,0.0,0.0,3.0,4
129421,1,0,0.14382249409601355,4.0,77.7,19.425,4.25,5.0,13,0.0,0.0,4.0,4
129428,0,0,0.2782803783712197,3.0,17.3,5.766666666666667,3.0,4.0,13,0.0,0.0,2.0,4
129435,0,0,0.25356416732507814,6.0,50.0,8.333333333333334,2.0,6.0,8,0.0,0.0,5.0,2
129436,0,0,0.11804350498868107,4.0,85.2,21.3,4.75,6.0,17,0.0,0.0,5.0,4
129445,0,0,0.18623597527905766,6.0,97.39999999999999,16.23333333333333,4.166666666666667,6.0,12,0.0,0.0,2.0,4
129450,0,0,0.16897118429728544,4.0,67.5,16.875,3.0,5.0,5,0.0,0.0,4.0,4
129458,0,0,0.23543329370543312,2.0,28.1,14.05,2.5,3.0,9,0.0,0.0,2.0,4
129460,0,0,0.2830097734889307,1.0,13.7,13.7,2.0,2.0,4,0.0,0.0,0.0,4
129461,0,0,0.06672248104297762,4.0,149.0,37.25,3.25,5.0,4,0.0,0.0,5.0,1
129467,0,0,0.07411897499972982,5.0,173.2,34.64,5.4,6.0,8,0.0,0.0,1.0,3
129478,0,0,0.27187836463996073,2.0,15.700000000000001,7.8500000000000005,3.0,3.0,13,0.0,0.0,1.0,4
129482,0,0,0.0822808023972937,4.0,93.9,23.475,6.5,5.0,9,0.0,0.0,6.0,4
129486,0,0,0.2246718335609844,2.0,40.4,20.2,4.0,3.0,5,0.0,0.0,0.0,1
129489,0,0,0.20520448012796771,5.0,88.9,17.78,2.2,6.0,15,0.0,0.0,2.0,1
129495,0,0,0.18154519119880397,2.0,56.599999999999994,28.299999999999997,3.0,3.0,3,0.0,0.0,2.0,4
129499,1,0,0.29611419767276875,1.0,3.3,3.3,2.0,2.0,10,0.0,0.0,0.0,1
129503,0,0,0.19381275598945588,1.0,20.7,20.7,7.0,2.0,5,0.0,0.0,0.0,4
129504,0,0,0.06378396235725892,5.0,147.0,29.4,4.6,6.0,13,0.0,0.0,6.0,2
129511,1,0,0.17736708375626448,3.0,80.30000000000001,26.76666666666667,3.3333333333333335,4.0,10,0.0,0.0,1.0,4
129513,0,0,0.2684894708835539,2.0,13.2,6.6,4.0,3.0,1,0.0,0.0,0.0,4
129537,0,0,0.25253333551782586,2.0,20.8,10.4,2.0,3.0,5,0.0,0.0,2.0,4
129538,0,0,0.11314861422640457,6.0,126.3,21.05,3.1666666666666665,6.0,10,0.0,0.0,5.0,4
129540,0,0,0.0984198791875857,4.0,153.3,38.325,3.75,5.0,9,1.0,1.99,1.0,2
129542,0,0,0.13128602167698436,4.0,89.9,22.475,3.75,5.0,9,0.0,0.0,4.0,4
129545,0,0,0.1548365151068403,2.0,69.2,34.6,4.0,3.0,6,0.0,0.0,2.0,4
129556,1,0,0.14349415254306663,4.0,97.3,24.325,4.0,5.0,9,0.0,0.0,2.0,1
129559,0,0,0.2865818956045285,1.0,7.0,7.0,2.0,2.0,1,0.0,0.0,0.0,4
129564,0,0,0.2675092231344869,1.0,8.4,8.4,3.0,2.0,3,0.0,0.0,0.0,3
129565,0,0,0.28774629900370896,1.0,4.8,4.8,2.0,2.0,0,0.0,0.0,0.0,4
129573,0,0,0.19623314209024148,1.0,10.2,10.2,5.0,2.0,5,0.0,0.0,2.0,4
129574,0,0,0.188111963119282,2.0,54.5,27.25,1.5,3.0,2,0.0,0.0,3.0,4
129576,0,0,0.3063769051691682,1.0,5.7,5.7,1.0,2.0,0,0.0,0.0,0.0,4
129590,0,0,0.2063930298910724,4.0,55.6,13.9,3.25,5.0,13,0.0,0.0,3.0,2
129606,0,0,0.14932236513676062,4.0,73.7,18.425,4.25,5.0,14,0.0,0.0,4.0,3
129610,0,0,0.27357011929991765,1.0,1.9,1.9,3.0,2.0,3,0.0,0.0,0.0,3
129612,0,0,0.14342362348733895,2.0,100.19999999999999,50.099999999999994,3.0,3.0,2,0.0,0.0,1.0,4
129614,0,0,0.10531909771881695,2.0,96.4,48.2,6.0,3.0,5,0.0,0.0,2.0,2
129621,0,0,0.2641566701799513,1.0,13.0,13.0,3.0,2.0,3,0.0,0.0,0.0,4
129623,0,0,0.2695637908798635,2.0,33.099999999999994,16.549999999999997,2.0,3.0,6,1.0,19.99,0.0,1
129625,0,0,0.2860356573726224,3.0,28.0,9.333333333333334,3.3333333333333335,4.0,7,0.0,0.0,0.0,1
129629,1,0,0.2751304458754364,2.0,12.3,6.15,3.0,3.0,12,0.0,0.0,1.0,2
129630,0,0,0.18144335838475648,5.0,87.5,17.5,4.0,6.0,14,0.0,0.0,2.0,2
129637,1,0,0.2514120202817521,5.0,38.9,7.779999999999999,3.2,6.0,15,0.0,0.0,4.0,3
129650,0,0,0.2202321784015584,3.0,37.6,12.533333333333333,2.6666666666666665,4.0,8,0.0,0.0,3.0,4
129668,0,0,0.30106227309441813,3.0,24.1,8.033333333333333,2.0,4.0,8,0.0,0.0,1.0,4
129671,0,0,0.22409494712488776,2.0,61.8,30.9,2.0,3.0,3,0.0,0.0,0.0,3
129673,0,0,0.18079967973542285,2.0,42.800000000000004,21.400000000000002,5.5,3.0,4,0.0,0.0,1.0,2
129675,0,0,0.026121567053583344,6.0,219.8,36.63333333333333,4.666666666666667,8.0,16,0.0,0.0,8.0,1
129679,0,0,0.2296851850853511,3.0,23.7,7.8999999999999995,5.0,4.0,14,0.0,0.0,2.0,2
129688,0,0,0.2288551975386744,4.0,47.300000000000004,11.825000000000001,3.5,5.0,8,1.0,24.979999999999997,2.0,4
129704,0,0,0.24808335433879228,1.0,12.1,12.1,4.0,2.0,5,0.0,0.0,0.0,3
129716,0,0,0.23428379725628493,2.0,26.7,13.35,2.5,3.0,5,0.0,0.0,2.0,4
129717,0,0,0.15947102767011642,2.0,79.5,39.75,3.0,3.0,13,0.0,0.0,2.0,4
129722,0,0,0.26078304853940176,1.0,13.7,13.7,3.0,2.0,0,0.0,0.0,0.0,4
129731,0,0,0.1123703429166123,4.0,101.80000000000001,25.450000000000003,4.25,5.0,9,0.0,0.0,4.0,4
129737,0,0,0.17978426888908047,4.0,54.4,13.6,2.75,5.0,9,0.0,0.0,5.0,4
129738,0,0,0.17585559879980828,1.0,13.4,13.4,5.0,2.0,6,0.0,0.0,3.0,1
129743,0,0,0.2834183663685509,2.0,14.8,7.4,3.0,3.0,1,0.0,0.0,0.0,3
129751,0,0,0.19121571021267422,1.0,0.2,0.2,6.0,2.0,8,0.0,0.0,2.0,4
129762,0,0,0.023515892649323435,7.0,275.5,39.357142857142854,5.0,7.0,13,0.0,0.0,4.0,2
129767,0,0,0.26462749912119715,2.0,23.2,11.6,1.5,3.0,13,0.0,0.0,2.0,4
129768,0,0,0.0589759133179436,5.0,142.4,28.48,2.4,6.0,9,0.0,0.0,9.0,4
129797,0,0,0.28913156702151566,2.0,22.2,11.1,2.5,3.0,10,0.0,0.0,0.0,4
129804,0,0,0.2822020171596648,3.0,18.1,6.033333333333334,3.3333333333333335,4.0,2,0.0,0.0,1.0,4
129807,0,0,0.2675977691576624,1.0,18.6,18.6,2.0,2.0,16,0.0,0.0,1.0,4
129815,0,0,0.28489940044048007,4.0,51.9,12.975,2.75,6.0,15,0.0,0.0,0.0,3
129818,0,0,0.26228462401224173,2.0,16.5,8.25,3.0,3.0,7,0.0,0.0,1.0,1
129820,0,0,0.22566431014568583,1.0,13.3,13.3,3.0,2.0,6,0.0,0.0,2.0,4
129821,0,0,0.20218739711009562,3.0,40.7,13.566666666666668,2.6666666666666665,6.0,18,0.0,0.0,4.0,4
129823,0,0,0.2633415365593175,2.0,11.1,5.55,3.5,3.0,5,0.0,0.0,1.0,4
129829,0,0,0.1465172917695293,3.0,71.4,23.8,4.333333333333333,4.0,10,0.0,0.0,3.0,3
129832,0,0,0.11983643189981452,3.0,87.6,29.2,3.0,5.0,17,0.0,0.0,5.0,4
129841,0,0,0.13026031341412708,5.0,127.3,25.46,3.4,6.0,13,0.0,0.0,2.0,4
129842,0,0,0.2585645096973941,2.0,38.5,19.25,2.5,3.0,10,0.0,0.0,0.0,2
129845,1,0,0.21709247722664493,4.0,66.5,16.625,3.25,5.0,5,0.0,0.0,1.0,2
129849,0,0,0.2803119762645384,1.0,5.7,5.7,3.0,2.0,13,0.0,0.0,0.0,4
129854,0,0,0.13952589340803978,5.0,115.5,23.1,2.4,6.0,5,0.0,0.0,3.0,4
129871,0,0,0.2605784829491995,2.0,11.7,5.85,3.5,3.0,6,0.0,0.0,1.0,1
129877,1,0,0.11134886466977781,6.0,102.69999999999999,17.116666666666664,4.166666666666667,7.0,16,0.0,0.0,7.0,4
129889,0,0,0.14572939754803474,2.0,67.4,33.7,4.0,6.0,18,0.0,0.0,3.0,1
129890,0,0,0.25247533197628036,2.0,9.100000000000001,4.550000000000001,4.0,3.0,2,0.0,0.0,1.0,1
129892,0,0,0.28638500267909534,3.0,37.7,12.566666666666668,1.6666666666666667,4.0,16,0.0,0.0,1.0,4
129899,0,0,0.22511807804650147,1.0,12.6,12.6,4.0,2.0,1,0.0,0.0,1.0,4
129910,1,0,0.2985804549700049,2.0,12.3,6.15,2.5,3.0,1,0.0,0.0,0.0,4
129914,0,0,0.13267603957997254,3.0,41.8,13.933333333333332,2.0,5.0,16,0.0,0.0,9.0,4
129920,0,0,0.17438157312404198,3.0,41.9,13.966666666666667,5.666666666666667,6.0,18,0.0,0.0,3.0,4
129923,0,0,0.056689349604049234,7.0,195.0,27.857142857142858,4.285714285714286,7.0,14,0.0,0.0,5.0,2
129926,0,0,0.23225334416741125,4.0,46.9,11.725,2.75,5.0,13,0.0,0.0,3.0,4
129937,0,0,0.1995060299223152,2.0,50.7,25.35,3.5,3.0,5,0.0,0.0,1.0,2
129958,0,0,0.26428723526255327,3.0,54.4,18.133333333333333,2.0,4.0,12,0.0,0.0,0.0,4
129971,0,0,0.03399469840546685,6.0,166.5,27.75,5.0,8.0,16,0.0,0.0,11.0,4
129972,0,0,0.19905556621403164,2.0,26.1,13.05,3.0,4.0,18,0.0,0.0,4.0,4
129974,0,0,0.08107967030735662,7.0,143.1,20.442857142857143,4.285714285714286,7.0,11,0.0,0.0,7.0,3
129977,0,0,0.19241117630046314,1.0,27.6,27.6,6.0,3.0,16,0.0,0.0,1.0,3
129981,0,0,0.25337460184676636,2.0,11.2,5.6,4.5,3.0,14,0.0,0.0,1.0,4
129982,1,0,0.3356048607168955,4.0,23.7,5.925,2.25,5.0,11,0.0,0.0,1.0,4
129992,1,0,0.228500172099912,3.0,38.300000000000004,12.766666666666667,2.3333333333333335,4.0,13,0.0,0.0,3.0,4
129994,0,0,0.06641251194343452,5.0,114.4,22.880000000000003,4.4,6.0,8,0.0,0.0,9.0,4
129995,0,0,0.06611618549142019,5.0,117.3,23.46,3.2,7.0,16,0.0,0.0,10.0,3
130002,0,0,0.21472860105814506,3.0,43.8,14.6,2.6666666666666665,5.0,17,0.0,0.0,3.0,3
130007,0,0,0.29728045382072976,2.0,13.0,6.5,2.5,3.0,1,0.0,0.0,0.0,4
130010,0,0,0.045707449801183,6.0,195.3,32.550000000000004,5.166666666666667,8.0,18,0.0,0.0,5.0,1
130018,0,0,0.11304085831603075,4.0,81.7,20.425,3.25,7.0,18,0.0,0.0,7.0,3
130021,0,0,0.03737781087107467,5.0,109.3,21.86,4.6,6.0,12,0.0,0.0,15.0,4
130022,0,0,0.2012206965526893,3.0,44.8,14.933333333333332,5.666666666666667,4.0,12,0.0,0.0,1.0,4
130023,0,0,0.1553205045103407,5.0,80.2,16.04,5.4,6.0,7,0.0,0.0,3.0,3
130029,0,0,0.13299293336694518,3.0,98.0,32.666666666666664,4.0,4.0,13,0.0,0.0,2.0,4
130032,0,0,0.20480932600136087,4.0,43.8,10.95,3.5,5.0,10,0.0,0.0,4.0,4
130042,0,0,0.21303103531688133,4.0,63.3,15.825,3.25,5.0,14,0.0,0.0,2.0,4
130044,0,0,0.2123339608910739,2.0,45.3,22.65,2.5,3.0,11,1.0,9.99,2.0,2
130046,0,0,0.11071747457564167,5.0,133.6,26.72,4.8,6.0,17,1.0,11.98,2.0,1
130049,0,0,0.2069795671622376,4.0,66.2,16.55,3.25,5.0,13,0.0,0.0,2.0,4
130054,0,0,0.24831612586971405,3.0,35.7,11.9,2.3333333333333335,4.0,8,0.0,0.0,2.0,3
130065,1,0,0.11868367640968149,6.0,123.0,20.5,3.0,6.0,10,0.0,0.0,5.0,4
130081,0,0,0.315801162655431,3.0,14.2,4.733333333333333,2.0,4.0,4,0.0,0.0,1.0,1
130083,0,0,0.2682505623994911,1.0,7.6,7.6,3.0,2.0,3,0.0,0.0,0.0,3
130085,0,0,0.15487364109046364,3.0,106.0,35.333333333333336,3.3333333333333335,4.0,8,0.0,0.0,0.0,4
130102,0,0,0.12269593267742443,2.0,108.9,54.45,4.0,3.0,1,0.0,0.0,1.0,3
130110,0,0,0.19944878713130718,1.0,8.9,8.9,5.0,2.0,8,0.0,0.0,2.0,4
130111,0,0,0.201360686089057,2.0,6.2,3.1,4.0,3.0,2,0.0,0.0,4.0,4
130114,0,0,0.30954777392481736,0.0,0.0,0.0,0.0,1.0,16,0.0,0.0,0.0,4
130132,0,0,0.3046802080727962,2.0,25.4,12.7,1.5,3.0,12,0.0,0.0,0.0,4
130145,0,0,0.23591739690236932,2.0,20.8,10.4,4.5,3.0,13,0.0,0.0,1.0,3
130146,0,0,0.2578497768641329,3.0,25.9,8.633333333333333,2.6666666666666665,4.0,3,0.0,0.0,2.0,4
130147,0,0,0.2206363960748754,1.0,3.9,3.9,6.0,2.0,3,0.0,0.0,0.0,4
130151,0,0,0.2139952046210069,3.0,37.7,12.566666666666668,4.333333333333333,4.0,11,0.0,0.0,2.0,3
130159,0,0,0.2161508829136611,5.0,68.4,13.680000000000001,2.6,6.0,8,0.0,0.0,3.0,4
130166,0,0,0.29445468911144196,2.0,21.4,10.7,2.0,3.0,5,0.0,0.0,0.0,3
130173,0,0,0.1028471405686819,4.0,123.1,30.775,4.25,5.0,14,0.0,0.0,3.0,4
130176,0,0,0.2583020025511472,2.0,26.5,13.25,3.5,3.0,5,0.0,0.0,0.0,4
130184,0,0,0.1569742143913539,5.0,69.1,13.819999999999999,3.6,7.0,18,0.0,0.0,6.0,4
130192,0,0,0.048384831489195076,7.0,215.8,30.82857142857143,3.2857142857142856,7.0,10,0.0,0.0,5.0,3
130198,0,0,0.265760898833978,1.0,8.3,8.3,3.0,2.0,1,0.0,0.0,0.0,3
130202,0,0,0.24062071660759518,2.0,45.599999999999994,22.799999999999997,2.5,3.0,4,0.0,0.0,0.0,1
130205,0,0,0.2460692005313709,2.0,23.099999999999998,11.549999999999999,2.0,3.0,2,0.0,0.0,2.0,4
130207,0,0,0.25855281144954384,5.0,33.5,6.7,3.0,6.0,5,0.0,0.0,4.0,4
130219,0,0,0.21867429361888327,2.0,43.1,21.55,2.5,3.0,17,0.0,0.0,2.0,4
130220,0,0,0.17380511599229886,2.0,52.400000000000006,26.200000000000003,4.5,4.0,15,0.0,0.0,2.0,4
130250,0,0,0.229257337051799,1.0,9.3,9.3,5.0,2.0,1,0.0,0.0,0.0,2
130251,1,0,0.360706152704986,4.0,26.7,6.675,1.5,5.0,6,0.0,0.0,0.0,1
130257,1,0,0.18911682379064693,5.0,118.5,23.7,1.8,6.0,9,0.0,0.0,0.0,2
130260,0,0,0.18504979683149875,3.0,71.60000000000001,23.86666666666667,3.3333333333333335,4.0,3,0.0,0.0,1.0,3
130263,0,0,0.11948336200059755,4.0,105.4,26.35,5.25,5.0,5,0.0,0.0,2.0,4
130276,0,0,0.21087258116442473,1.0,52.7,52.7,4.0,2.0,0,0.0,0.0,0.0,4
130280,0,0,0.1903548321480455,2.0,49.9,24.95,4.0,3.0,2,0.0,0.0,1.0,1
130283,0,0,0.2613825748002226,4.0,52.800000000000004,13.200000000000001,2.5,5.0,11,0.0,0.0,1.0,1
130297,0,0,0.21251675387507915,3.0,64.5,21.5,3.0,5.0,18,0.0,0.0,1.0,4
130299,0,0,0.14800705783839285,3.0,83.89999999999999,27.966666666666665,5.333333333333333,5.0,15,0.0,0.0,1.0,2
130316,0,0,0.28865313542566523,1.0,2.9,2.9,2.0,2.0,0,0.0,0.0,0.0,3
130335,0,0,0.18335033638357917,3.0,60.300000000000004,20.1,5.0,4.0,11,0.0,0.0,1.0,1
130349,0,0,0.20079879492909256,5.0,67.7,13.540000000000001,2.6,6.0,11,0.0,0.0,4.0,3
130351,0,0,0.15521384975468766,4.0,67.1,16.775,3.25,5.0,11,0.0,0.0,5.0,4
130367,0,0,0.2396252498260902,4.0,51.4,12.85,4.0,5.0,10,0.0,0.0,1.0,4
130368,0,0,0.2758548568728597,2.0,17.5,8.75,2.5,4.0,15,0.0,0.0,1.0,1
130372,0,0,0.07424228638471811,5.0,143.2,28.639999999999997,4.6,6.0,14,0.0,0.0,5.0,3
130384,0,0,0.10085740017177881,4.0,100.6,25.15,4.25,5.0,4,0.0,0.0,5.0,4
130388,0,0,0.15841629437392737,2.0,86.5,43.25,3.0,3.0,2,0.0,0.0,1.0,3
130394,0,0,0.20864714413855354,1.0,8.1,8.1,3.0,2.0,3,0.0,0.0,3.0,4
130400,0,0,0.2897233692371237,2.0,12.899999999999999,6.449999999999999,3.0,3.0,3,0.0,0.0,0.0,4
130404,0,0,0.02601753772507894,6.0,213.2,35.53333333333333,4.333333333333333,6.0,10,0.0,0.0,9.0,4
130413,0,0,0.27540528915501006,1.0,37.5,37.5,1.0,2.0,0,0.0,0.0,0.0,4
130429,1,0,0.29994199284922535,2.0,17.4,8.7,2.5,3.0,12,0.0,0.0,0.0,4
130431,0,0,0.308885116864108,1.0,5.2,5.2,1.0,2.0,2,0.0,0.0,0.0,4
130437,0,0,0.1412686552126366,3.0,74.2,24.733333333333334,3.0,4.0,6,0.0,0.0,4.0,1
130445,1,0,0.15461234432190799,3.0,66.8,22.266666666666666,2.0,4.0,16,0.0,0.0,5.0,1
130446,0,0,0.30312398016314557,4.0,35.2,8.8,2.25,5.0,6,0.0,0.0,1.0,4
130448,0,0,0.27493868047540654,2.0,28.7,14.35,1.5,3.0,11,0.0,0.0,1.0,4
130454,0,0,0.1508869162989245,3.0,52.1,17.366666666666667,3.6666666666666665,4.0,9,0.0,0.0,5.0,3
130461,0,0,0.04387390827627209,5.0,119.4,23.880000000000003,3.8,6.0,9,0.0,0.0,13.0,4
130484,0,0,0.34078799412535715,3.0,17.599999999999998,5.866666666666666,2.0,4.0,12,0.0,0.0,0.0,1
130506,0,0,0.32933786763245415,4.0,42.8,10.7,1.5,5.0,13,0.0,0.0,0.0,2
130510,0,0,0.048201422747010655,4.0,172.5,43.125,3.5,5.0,11,0.0,0.0,6.0,4
130512,0,0,0.1263781053659955,7.0,103.7,14.814285714285715,2.857142857142857,7.0,12,0.0,0.0,8.0,3
130514,0,0,0.29474879476463245,4.0,34.2,8.55,2.0,6.0,18,0.0,0.0,2.0,1
130529,1,0,0.3424540154420157,4.0,16.8,4.2,1.5,5.0,11,0.0,0.0,2.0,3
130535,0,0,0.20869628599377263,3.0,25.3,8.433333333333334,2.3333333333333335,4.0,7,0.0,0.0,5.0,4
130537,0,0,0.03185075291860693,9.0,250.5,27.833333333333332,4.444444444444445,9.0,13,0.0,0.0,7.0,2
130540,0,0,0.22563590581743853,2.0,23.1,11.55,4.5,3.0,6,0.0,0.0,1.0,2
130555,0,0,0.2943009776390886,4.0,38.2,9.55,2.5,5.0,9,0.0,0.0,1.0,4
130573,0,0,0.18560517808141375,2.0,29.0,14.5,3.5,4.0,15,0.0,0.0,4.0,4
130575,0,0,0.2712882611287488,2.0,26.0,13.0,1.5,3.0,2,0.0,0.0,1.0,4
130578,0,0,0.21597917026997066,1.0,11.7,11.7,6.0,2.0,6,0.0,0.0,0.0,3
130583,0,0,0.12342441990563136,3.0,81.0,27.0,5.0,4.0,4,0.0,0.0,3.0,1
130585,0,0,0.2898283129333668,3.0,38.3,12.766666666666666,2.0,4.0,4,0.0,0.0,0.0,4
130598,0,0,0.22192965868492803,4.0,59.800000000000004,14.950000000000001,2.75,5.0,8,0.0,0.0,2.0,3
130603,0,0,0.06511328895610596,5.0,101.9,20.380000000000003,6.2,6.0,11,0.0,0.0,9.0,2
130605,1,0,0.31799153467442404,3.0,23.400000000000002,7.800000000000001,1.3333333333333333,4.0,12,0.0,0.0,1.0,2
130613,0,0,0.2794556698828818,1.0,13.5,13.5,2.0,2.0,2,0.0,0.0,0.0,2
130617,0,0,0.24595103314836156,1.0,28.4,28.4,3.0,2.0,1,0.0,0.0,0.0,1
130639,0,0,0.02863938240518992,9.0,242.5,26.944444444444443,3.3333333333333335,10.0,17,0.0,0.0,10.0,4
130643,0,0,0.2802587197481983,1.0,9.7,9.7,2.0,2.0,0,0.0,0.0,0.0,1
130652,0,0,0.2562295990073789,2.0,40.9,20.45,2.0,3.0,2,0.0,0.0,0.0,2
130657,0,0,0.22024748624971238,5.0,73.0,14.6,4.0,6.0,6,0.0,0.0,1.0,3
130659,0,0,0.25312339391774596,1.0,3.4,3.4,4.0,2.0,1,0.0,0.0,0.0,4
130663,0,0,0.19512223584741228,2.0,34.5,17.25,3.5,4.0,15,0.0,0.0,3.0,4
130674,0,0,0.2504052838956169,4.0,67.0,16.75,1.75,5.0,14,0.0,0.0,1.0,4
130679,0,0,0.14694974856803272,2.0,60.0,30.0,7.5,3.0,1,0.0,0.0,0.0,1
130683,0,0,0.2781366149215588,4.0,42.2,10.55,1.75,5.0,13,0.0,0.0,2.0,1
130692,0,0,0.10481234248220209,5.0,126.19999999999999,25.24,3.6,6.0,9,0.0,0.0,4.0,4
130706,0,0,0.28026487583505505,2.0,13.1,6.55,1.5,4.0,15,0.0,0.0,2.0,1
130710,0,0,0.1507509816250289,4.0,107.19999999999999,26.799999999999997,3.5,5.0,8,0.0,0.0,1.0,4
130722,0,0,0.1796094021673506,3.0,64.4,21.46666666666667,4.666666666666667,4.0,7,0.0,0.0,1.0,2
130726,0,0,0.060478695268764225,5.0,85.0,17.0,5.4,6.0,9,0.0,0.0,12.0,1
130728,0,0,0.28303776130631847,4.0,27.7,6.925,1.75,5.0,5,0.0,0.0,3.0,4
130752,0,0,0.15504423932196545,4.0,84.39999999999999,21.099999999999998,3.25,5.0,4,0.0,0.0,3.0,4
130764,0,0,0.21280378040311101,2.0,21.0,10.5,2.0,3.0,5,0.0,0.0,4.0,4
130813,0,0,0.3137161408469937,1.0,8.4,8.4,1.0,2.0,10,0.0,0.0,0.0,4
130868,0,0,0.07348485349662078,6.0,177.60000000000002,29.600000000000005,4.5,8.0,17,1.0,9.99,3.0,1
130876,0,0,0.32134477439816883,3.0,21.7,7.233333333333333,2.3333333333333335,4.0,6,0.0,0.0,0.0,4
130891,0,0,0.20433916433171537,1.0,13.3,13.3,6.0,4.0,18,0.0,0.0,1.0,4
130907,0,0,0.14907310375746774,4.0,83.1,20.775,4.0,5.0,7,0.0,0.0,3.0,3
130910,0,0,0.20070736954757545,4.0,71.0,17.75,4.25,7.0,18,0.0,0.0,1.0,1
130924,0,0,0.2320595652358909,1.0,4.3,4.3,4.0,2.0,2,0.0,0.0,1.0,3
130950,0,0,0.24167617414501316,4.0,61.5,15.375,2.75,5.0,13,0.0,0.0,1.0,2
130951,0,0,0.1215199991886495,3.0,83.6,27.866666666666664,5.0,4.0,3,0.0,0.0,3.0,4
130952,0,0,0.13396050004839186,5.0,116.8,23.36,2.6,6.0,5,0.0,0.0,3.0,1
130954,0,0,0.1296312695933402,4.0,83.7,20.925,3.5,5.0,10,0.0,0.0,5.0,4
130957,0,0,0.2615787141074649,2.0,10.200000000000001,5.1000000000000005,2.5,3.0,5,0.0,0.0,2.0,4
130966,0,0,0.19193430405220516,3.0,68.30000000000001,22.76666666666667,2.3333333333333335,4.0,9,0.0,0.0,2.0,3
130975,0,0,0.22507870610878655,2.0,11.5,5.75,4.5,3.0,5,0.0,0.0,2.0,4
130976,0,0,0.23880017811944465,1.0,22.8,22.8,4.0,2.0,6,0.0,0.0,0.0,2
130996,0,0,0.19059581408160237,5.0,95.2,19.04,3.4,6.0,11,0.0,0.0,1.0,1
131012,0,0,0.19132907717642822,1.0,19.1,19.1,7.0,2.0,0,0.0,0.0,0.0,4
131017,0,0,0.04742887001837883,5.0,137.7,27.54,3.4,7.0,17,0.0,0.0,11.0,4
131025,0,0,0.17286891289209258,2.0,80.0,40.0,3.0,3.0,11,0.0,0.0,1.0,4
131029,0,0,0.12738356383473204,3.0,76.39999999999999,25.466666666666665,3.0,4.0,6,0.0,0.0,5.0,4
131034,0,0,0.16280633952966517,5.0,86.8,17.36,4.2,6.0,11,0.0,0.0,3.0,3
131039,0,0,0.27836514196636875,3.0,26.2,8.733333333333333,3.0,4.0,9,0.0,0.0,1.0,4
131051,0,0,0.2161879268992646,2.0,36.300000000000004,18.150000000000002,3.0,3.0,11,0.0,0.0,2.0,4
131061,0,0,0.23456976005809022,2.0,14.4,7.2,3.5,3.0,2,0.0,0.0,2.0,4
131082,0,0,0.2300965496142717,1.0,7.3,7.3,5.0,2.0,0,0.0,0.0,0.0,2
131084,0,0,0.2660359680630354,1.0,34.1,34.1,1.0,2.0,10,0.0,0.0,1.0,4
131092,0,0,0.2872391926253512,2.0,10.8,5.4,2.5,3.0,11,0.0,0.0,1.0,3
131093,0,0,0.19754523629675838,4.0,74.1,18.525,2.75,5.0,10,0.0,0.0,2.0,3
131097,0,0,0.24709402960619264,1.0,11.2,11.2,4.0,2.0,2,0.0,0.0,0.0,4
131112,0,0,0.05973904416172667,6.0,108.6,18.099999999999998,4.5,6.0,10,0.0,0.0,12.0,3
131118,0,0,0.2543928065236808,3.0,21.599999999999998,7.199999999999999,4.666666666666667,4.0,6,0.0,0.0,1.0,4
131119,0,0,0.2839554741401359,1.0,8.1,8.1,1.0,2.0,3,0.0,0.0,1.0,4
131126,0,0,0.06473098107144658,5.0,123.0,24.6,4.0,6.0,15,0.0,0.0,9.0,4
131134,0,0,0.25533554682904247,6.0,44.1,7.3500000000000005,2.8333333333333335,6.0,10,0.0,0.0,5.0,4
131147,0,0,0.10556562746871755,5.0,104.39999999999999,20.88,3.8,6.0,9,0.0,0.0,6.0,4
131149,0,0,0.2708958579388319,3.0,16.5,5.5,3.3333333333333335,4.0,10,0.0,0.0,2.0,4
131159,0,0,0.21770337911400417,4.0,59.5,14.875,3.0,5.0,8,0.0,0.0,2.0,2
131173,0,0,0.13801586797490883,4.0,85.2,21.3,2.5,5.0,9,0.0,0.0,5.0,4
131175,0,0,0.3066232496783086,2.0,13.3,6.65,1.5,4.0,16,0.0,0.0,1.0,4
131178,0,0,0.3168664430328711,1.0,8.3,8.3,1.0,2.0,13,0.0,0.0,0.0,4
131179,0,0,0.23005140120498818,5.0,47.1,9.42,3.2,6.0,9,0.0,0.0,4.0,4
131186,0,0,0.26527240153645415,3.0,27.200000000000003,9.066666666666668,2.6666666666666665,4.0,14,0.0,0.0,2.0,4
131199,0,0,0.3322217283165175,2.0,16.400000000000002,8.200000000000001,1.0,3.0,14,0.0,0.0,0.0,2
131207,0,0,0.30514040616033755,2.0,18.3,9.15,2.0,3.0,9,0.0,0.0,0.0,4
131213,0,0,0.22292987543514198,3.0,57.0,19.0,3.6666666666666665,4.0,3,0.0,0.0,0.0,4
131221,0,0,0.2333062725506091,1.0,25.2,25.2,4.0,2.0,0,0.0,0.0,0.0,4
131249,0,0,0.15819203865807543,3.0,69.1,23.03333333333333,2.3333333333333335,4.0,7,0.0,0.0,4.0,4
131251,0,0,0.2146186790189793,2.0,28.9,14.45,3.5,3.0,5,0.0,0.0,2.0,4
131257,0,0,0.2599785577513807,2.0,16.400000000000002,8.200000000000001,2.0,3.0,5,0.0,0.0,2.0,4
131265,0,0,0.22029135972647387,3.0,34.4,11.466666666666667,2.6666666666666665,4.0,4,0.0,0.0,3.0,1
131277,0,0,0.28023101988560983,1.0,10.0,10.0,1.0,2.0,1,0.0,0.0,1.0,4
131283,0,0,0.34509119998783505,3.0,17.4,5.8,1.6666666666666667,4.0,9,0.0,0.0,0.0,1
131286,0,0,0.16942596699456783,4.0,71.80000000000001,17.950000000000003,4.0,5.0,14,0.0,0.0,3.0,2
131289,0,0,0.2119935847155269,3.0,41.9,13.966666666666667,4.0,4.0,11,0.0,0.0,2.0,3
131290,1,0,0.2876269916041901,1.0,10.9,10.9,2.0,2.0,6,0.0,0.0,0.0,4
131303,0,0,0.23259288078920412,4.0,35.9,8.975,4.75,5.0,5,0.0,0.0,2.0,3
131308,0,0,0.1885664055720353,1.0,22.9,22.9,7.0,2.0,0,0.0,0.0,0.0,4
131310,0,0,0.22194041116066618,1.0,17.2,17.2,5.0,2.0,1,0.0,0.0,0.0,1
131315,0,0,0.21445302656234752,1.0,9.3,9.3,2.0,4.0,18,0.0,0.0,4.0,4
131340,0,0,0.16685656588152992,4.0,49.0,12.25,3.5,6.0,18,0.0,0.0,6.0,3
131346,0,0,0.2588310690838541,1.0,3.4,3.4,3.0,2.0,11,0.0,0.0,1.0,4
131350,0,0,0.2123044265538514,1.0,55.6,55.6,2.0,2.0,12,0.0,0.0,2.0,4
131353,0,0,0.2763258159920706,4.0,31.2,7.8,2.25,5.0,16,0.0,0.0,3.0,4
131364,1,0,0.202184377657408,2.0,50.4,25.2,4.0,3.0,8,1.0,1.99,1.0,2
131368,0,0,0.23440067425014705,5.0,59.2,11.84,2.6,6.0,8,0.0,0.0,3.0,4
131382,1,0,0.2523539363775307,4.0,42.3,10.575,3.25,5.0,12,0.0,0.0,2.0,4
131386,0,0,0.2046510390200744,5.0,74.5,14.9,2.8,6.0,12,0.0,0.0,3.0,4
131399,0,0,0.1359745866209791,2.0,57.2,28.6,4.5,3.0,8,0.0,0.0,4.0,4
131407,0,0,0.23292871462155323,1.0,11.9,11.9,5.0,2.0,8,0.0,0.0,0.0,2
131409,0,0,0.21344587096797618,1.0,51.8,51.8,3.0,2.0,6,0.0,0.0,1.0,4
131420,0,0,0.05869089404656018,3.0,112.7,37.56666666666667,6.0,4.0,11,0.0,0.0,7.0,4
131424,0,0,0.2371596197088184,4.0,30.2,7.55,5.25,5.0,9,0.0,0.0,2.0,1
131432,0,0,0.2554263945849137,4.0,44.8,11.2,5.25,5.0,14,0.0,0.0,0.0,4
131440,1,0,0.24051486969063138,4.0,40.3,10.075,3.0,7.0,18,0.0,0.0,3.0,1
131452,0,0,0.10456109598407874,4.0,95.4,23.85,3.75,5.0,14,0.0,0.0,6.0,4
131456,0,0,0.08864728649146267,3.0,101.4,33.800000000000004,3.6666666666666665,4.0,11,0.0,0.0,6.0,4
131457,0,0,0.062203834890487406,6.0,164.0,27.333333333333332,3.0,6.0,8,0.0,0.0,7.0,4
131459,0,0,0.24955847860971264,1.0,1.6,1.6,5.0,2.0,16,0.0,0.0,0.0,3
131463,0,0,0.09118010226985837,4.0,123.6,30.9,3.0,5.0,9,0.0,0.0,5.0,4
131467,0,0,0.11950679066289699,3.0,67.4,22.46666666666667,6.0,4.0,7,0.0,0.0,4.0,4
131470,1,0,0.2760172665676206,4.0,44.7,11.175,3.0,5.0,15,0.0,0.0,1.0,4
131472,0,0,0.2854320941891477,1.0,2.0,2.0,3.0,3.0,17,0.0,0.0,0.0,3
131474,0,0,0.07383187148729758,6.0,166.8,27.8,4.5,8.0,18,0.0,0.0,4.0,2
131475,0,0,0.24311255807367857,4.0,35.3,8.825,4.5,5.0,10,0.0,0.0,2.0,4
131479,0,0,0.2598822366193819,2.0,13.7,6.85,4.0,3.0,17,0.0,0.0,1.0,3
131481,1,0,0.25075599006841204,5.0,35.9,7.18,2.4,7.0,16,0.0,0.0,5.0,3
131497,1,0,0.18164170948579567,2.0,85.19999999999999,42.599999999999994,3.0,3.0,13,0.0,0.0,0.0,1
131498,0,0,0.17071056548208124,4.0,80.6,20.15,3.0,6.0,16,0.0,0.0,3.0,4
131499,0,0,0.20347062034377972,2.0,30.7,15.35,4.0,3.0,4,0.0,0.0,2.0,4
131510,0,0,0.2364065595056013,1.0,17.3,17.3,2.0,2.0,3,0.0,0.0,2.0,4
131516,0,0,0.2189500503819177,4.0,62.5,15.625,3.75,5.0,6,0.0,0.0,1.0,4
131524,0,0,0.1171064919132706,6.0,112.7,18.783333333333335,3.1666666666666665,6.0,11,0.0,0.0,6.0,1
131528,0,0,0.03927102302312049,7.0,147.2,21.02857142857143,3.7142857142857144,7.0,10,0.0,0.0,14.0,4
131529,0,0,0.2685066691292636,1.0,5.3,5.3,3.0,2.0,0,0.0,0.0,0.0,4
131537,0,0,0.15449047366320404,6.0,105.9,17.650000000000002,3.1666666666666665,8.0,18,0.0,0.0,4.0,1
131543,0,0,0.21752393208081192,4.0,48.2,12.05,3.25,5.0,8,0.0,0.0,3.0,4
131547,0,0,0.16009587817424742,2.0,77.4,38.7,2.5,3.0,3,0.0,0.0,2.0,1
131548,0,0,0.13177824160564308,6.0,97.2,16.2,5.0,8.0,16,0.0,0.0,5.0,2
131570,0,0,0.150600941866378,2.0,38.7,19.35,4.0,3.0,12,0.0,0.0,5.0,4
131574,1,0,0.21368901567201462,1.0,16.9,16.9,5.0,2.0,11,0.0,0.0,1.0,4
131575,0,0,0.1771946804854858,2.0,64.7,32.35,3.0,3.0,12,0.0,0.0,2.0,4
131589,0,0,0.23703259445586455,2.0,6.199999999999999,3.0999999999999996,3.0,3.0,3,0.0,0.0,3.0,4
131593,0,0,0.2521305888509101,1.0,24.3,24.3,3.0,2.0,1,0.0,0.0,0.0,4
131611,0,0,0.2869937283779015,4.0,32.6,8.15,3.75,7.0,17,0.0,0.0,1.0,3
131614,0,0,0.2056006282293682,3.0,37.0,12.333333333333334,3.6666666666666665,4.0,8,0.0,0.0,3.0,4
131620,0,0,0.19605596220446045,5.0,87.3,17.46,3.0,6.0,12,0.0,0.0,2.0,4
131621,0,0,0.2393487330949091,1.0,37.0,37.0,3.0,2.0,2,0.0,0.0,0.0,1
131624,1,0,0.22170624809912098,4.0,50.2,12.55,2.75,5.0,12,1.0,19.99,3.0,3
131628,0,0,0.2458171996501747,3.0,18.2,6.066666666666666,3.6666666666666665,4.0,16,0.0,0.0,3.0,4
131629,0,0,0.33482915438411376,4.0,20.9,5.225,2.25,5.0,8,1.0,49.99,0.0,1
131649,0,0,0.08041690443380842,4.0,116.4,29.1,5.5,6.0,17,0.0,0.0,5.0,1
131650,0,0,0.08096234351386948,6.0,147.9,24.650000000000002,4.333333333333333,6.0,13,1.0,19.99,5.0,2
131652,0,0,0.0967097647243361,5.0,129.3,25.860000000000003,3.2,6.0,14,0.0,0.0,5.0,3
131665,0,0,0.27018667042663863,1.0,0.6,0.6,3.0,2.0,0,0.0,0.0,0.0,1
131666,0,0,0.013546691905463584,8.0,312.5,39.0625,5.375,9.0,15,0.0,0.0,6.0,1
131669,0,0,0.23334720524910976,1.0,4.4,4.4,5.0,2.0,0,0.0,0.0,0.0,3
131679,0,0,0.2506125742570598,6.0,74.2,12.366666666666667,3.0,6.0,12,0.0,0.0,2.0,4
131681,0,0,0.0891473114907512,3.0,131.89999999999998,43.96666666666666,5.666666666666667,4.0,3,0.0,0.0,1.0,2
131684,0,0,0.04987323978831188,6.0,185.39999999999998,30.899999999999995,4.333333333333333,8.0,17,0.0,0.0,6.0,4
131694,0,0,0.3157513399957674,2.0,10.1,5.05,2.0,3.0,6,0.0,0.0,0.0,2
131697,0,0,0.22722303851758172,2.0,34.2,17.1,3.5,3.0,9,0.0,0.0,1.0,2
131704,0,0,0.2946936834824117,1.0,27.4,27.4,1.0,2.0,2,1.0,1.99,0.0,2
131705,0,0,0.2811883528393744,3.0,33.8,11.266666666666666,1.6666666666666667,4.0,4,0.0,0.0,1.0,2
131715,0,0,0.21363154329905493,1.0,51.2,51.2,4.0,2.0,2,0.0,0.0,0.0,4
131724,0,0,0.17392868556867194,5.0,95.7,19.14,3.6,6.0,13,0.0,0.0,2.0,4
131733,0,0,0.20679409617027625,2.0,49.8,24.9,3.0,3.0,1,0.0,0.0,1.0,4
131748,0,0,0.1958880292115673,2.0,42.9,21.45,3.5,3.0,7,0.0,0.0,2.0,4
131755,1,0,0.30274161453236464,3.0,18.8,6.266666666666667,3.0,4.0,18,0.0,0.0,1.0,4
131757,0,0,0.2549141113782056,1.0,1.4,1.4,4.0,2.0,1,0.0,0.0,0.0,4
131759,0,0,0.2511722642764008,3.0,27.5,9.166666666666666,4.0,4.0,2,0.0,0.0,1.0,4
131769,0,0,0.10699260507963645,4.0,79.1,19.775,3.0,6.0,15,0.0,0.0,8.0,4
131771,0,0,0.19160878131579434,2.0,48.6,24.3,3.0,3.0,2,0.0,0.0,2.0,4
131779,0,0,0.27805447040866593,1.0,17.9,17.9,2.0,2.0,3,0.0,0.0,0.0,4
131789,1,0,0.3105701057169284,2.0,10.5,5.25,1.5,5.0,17,0.0,0.0,1.0,3
131801,0,0,0.17715514068415322,3.0,61.300000000000004,20.433333333333334,4.0,4.0,5,0.0,0.0,2.0,4
131811,0,0,0.2541752766350843,2.0,36.5,18.25,1.5,3.0,4,0.0,0.0,1.0,3
131816,0,0,0.171980216625082,3.0,46.0,15.333333333333334,4.0,4.0,11,0.0,0.0,4.0,4
131822,0,0,0.1758564647387423,3.0,83.6,27.866666666666664,2.0,4.0,12,0.0,0.0,2.0,4
131829,0,0,0.2531989026790925,1.0,7.3,7.3,4.0,2.0,5,0.0,0.0,0.0,4
131837,0,0,0.19561233915605544,1.0,26.9,26.9,4.0,2.0,3,0.0,0.0,2.0,2
131845,0,0,0.1498780626721557,2.0,15.7,7.85,5.0,3.0,4,1.0,4.99,6.0,3
131870,0,0,0.2500472978330351,2.0,44.6,22.3,2.0,3.0,3,0.0,0.0,0.0,1
131874,0,0,0.19201170991813607,2.0,16.6,8.3,6.5,4.0,16,0.0,0.0,2.0,1
131878,0,0,0.19420287737057698,2.0,46.9,23.45,5.5,3.0,5,0.0,0.0,0.0,4
131881,0,0,0.22168817975555732,6.0,72.6,12.1,2.5,6.0,11,0.0,0.0,4.0,4
131906,0,0,0.2104130408661742,3.0,51.0,17.0,3.3333333333333335,5.0,16,0.0,0.0,2.0,4
131910,0,0,0.25113303259868497,1.0,6.0,6.0,3.0,2.0,5,0.0,0.0,1.0,4
131915,0,0,0.2226063706001264,2.0,32.8,16.4,5.0,3.0,8,0.0,0.0,0.0,1
131917,0,0,0.21923643485603161,3.0,62.3,20.766666666666666,3.6666666666666665,4.0,10,0.0,0.0,0.0,4
131921,0,0,0.21933812954235365,1.0,22.3,22.3,5.0,2.0,0,0.0,0.0,0.0,4
131923,0,0,0.07634752260098185,6.0,171.7,28.616666666666664,3.6666666666666665,6.0,11,1.0,3.98,4.0,1
131928,0,0,0.24853548875388254,2.0,29.7,14.85,4.0,3.0,10,0.0,0.0,0.0,4
131932,1,0,0.09707359259783775,5.0,108.10000000000001,21.62,4.4,6.0,11,0.0,0.0,6.0,3
131936,0,0,0.2152443719993422,4.0,50.0,12.5,2.0,5.0,8,0.0,0.0,4.0,4
131940,0,0,0.2660959612719818,3.0,37.4,12.466666666666667,1.0,4.0,5,0.0,0.0,2.0,3
131943,0,0,0.10568018571824843,5.0,86.9,17.380000000000003,3.6,6.0,10,0.0,0.0,8.0,4
131945,0,0,0.13837906022025864,3.0,55.7,18.566666666666666,5.333333333333333,4.0,4,0.0,0.0,4.0,4
131950,0,0,0.05909485636180442,7.0,135.9,19.414285714285715,4.0,7.0,8,0.0,0.0,11.0,4
131959,0,0,0.2226033768389713,2.0,28.9,14.45,3.0,3.0,5,0.0,0.0,2.0,4
131962,0,0,0.09191618903277651,4.0,108.3,27.075,4.5,5.0,7,0.0,0.0,5.0,2
131967,0,0,0.18639672980054162,2.0,12.799999999999999,6.3999999999999995,4.5,3.0,5,0.0,0.0,4.0,3
131981,0,0,0.0633264785838661,7.0,134.9,19.271428571428572,5.857142857142857,7.0,12,0.0,0.0,9.0,3
131986,0,0,0.1887492353170584,4.0,50.699999999999996,12.674999999999999,2.5,5.0,11,0.0,0.0,5.0,1
131998,1,0,0.08261184658545642,5.0,118.3,23.66,5.4,6.0,13,1.0,8.97,6.0,3
132002,0,0,0.26463725494649,2.0,28.6,14.3,3.0,3.0,6,0.0,0.0,0.0,4
132007,0,0,0.20352449575711634,5.0,75.4,15.080000000000002,3.6,6.0,8,0.0,0.0,2.0,1
132014,1,0,0.2619391697833599,3.0,22.8,7.6000000000000005,3.3333333333333335,4.0,14,0.0,0.0,2.0,4
132015,0,0,0.16443644217834716,3.0,59.9,19.966666666666665,1.6666666666666667,4.0,7,0.0,0.0,5.0,4
132018,0,0,0.13320610936987826,5.0,109.69999999999999,21.939999999999998,3.0,6.0,15,0.0,0.0,4.0,4
132022,1,0,0.12424265281055813,8.0,114.3,14.2875,3.625,8.0,14,0.0,0.0,8.0,4
132023,0,0,0.3253344735218886,2.0,15.8,7.9,1.5,5.0,17,0.0,0.0,0.0,4
132028,0,0,0.1357091024712765,3.0,46.7,15.566666666666668,6.666666666666667,4.0,8,0.0,0.0,4.0,2
132049,0,0,0.08509644216304878,7.0,122.30000000000001,17.47142857142857,2.857142857142857,7.0,11,0.0,0.0,10.0,4
132063,0,0,0.29790096975449015,3.0,16.0,5.333333333333333,3.0,4.0,7,0.0,0.0,1.0,4
132075,0,0,0.07125659896142288,6.0,171.2,28.53333333333333,3.1666666666666665,6.0,15,0.0,0.0,5.0,2
132077,0,0,0.26600885795768026,3.0,51.3,17.099999999999998,2.3333333333333335,4.0,6,1.0,4.99,0.0,4
132079,0,0,0.05063904614237605,7.0,173.4,24.771428571428572,3.7142857142857144,7.0,15,0.0,0.0,9.0,4
132080,0,0,0.2812048117855064,2.0,30.5,15.25,1.0,3.0,14,0.0,0.0,1.0,1
132095,0,0,0.2140884048135458,2.0,32.1,16.05,2.5,3.0,14,0.0,0.0,3.0,4
132096,0,0,0.0792962695967349,6.0,146.0,24.333333333333332,3.8333333333333335,6.0,12,0.0,0.0,6.0,4
132100,0,0,0.24521521864146492,4.0,52.5,13.125,3.5,5.0,12,0.0,0.0,1.0,1
132120,0,0,0.28075199333145456,1.0,14.1,14.1,2.0,2.0,3,0.0,0.0,0.0,3
132127,0,0,0.1826053926171391,3.0,66.4,22.133333333333336,4.333333333333333,4.0,10,0.0,0.0,1.0,1
132137,0,0,0.30367250608267304,1.0,8.4,8.4,1.0,2.0,0,0.0,0.0,0.0,4
132138,0,0,0.0988905392909914,3.0,117.1,39.03333333333333,4.0,4.0,7,0.0,0.0,3.0,4
132140,0,0,0.21768215035795843,2.0,32.5,16.25,4.5,3.0,12,0.0,0.0,1.0,4
132156,0,0,0.18822428616677686,3.0,53.5,17.833333333333332,3.3333333333333335,4.0,14,0.0,0.0,3.0,4
132171,0,0,0.23951846311633535,3.0,32.6,10.866666666666667,3.3333333333333335,4.0,10,0.0,0.0,2.0,4
132174,0,0,0.14466629730575126,2.0,79.4,39.7,6.0,3.0,1,0.0,0.0,0.0,4
132179,0,0,0.021952109709399408,9.0,281.7,31.299999999999997,4.444444444444445,9.0,13,0.0,0.0,7.0,1
132180,0,0,0.21464929850128042,2.0,31.0,15.5,3.5,3.0,9,0.0,0.0,2.0,4
132182,0,0,0.18117231096379047,2.0,42.5,21.25,5.5,3.0,3,0.0,0.0,1.0,3
132187,0,0,0.23746463856191447,1.0,38.2,38.2,3.0,2.0,1,0.0,0.0,0.0,1
132191,0,0,0.2519984703333419,2.0,14.8,7.4,3.0,3.0,4,1.0,1.99,2.0,3
132195,0,0,0.21942945800406582,1.0,2.4,2.4,6.0,2.0,0,0.0,0.0,0.0,4
132202,0,0,0.07954665023409423,4.0,121.5,30.375,4.0,5.0,9,1.0,4.99,6.0,3
132206,0,0,0.24617501234666878,2.0,42.4,21.2,2.0,3.0,16,0.0,0.0,1.0,3
132207,0,0,0.2133996462837116,1.0,49.5,49.5,4.0,2.0,0,0.0,0.0,0.0,4
132213,0,0,0.2545358997506461,1.0,7.2,7.2,3.0,2.0,11,0.0,0.0,1.0,3
132214,0,0,0.21041525997284413,2.0,36.5,18.25,3.5,3.0,14,0.0,0.0,2.0,4
132233,0,0,0.14339782261903095,2.0,30.4,15.2,5.0,3.0,4,0.0,0.0,5.0,4
132235,0,0,0.13135828734966917,5.0,82.2,16.44,4.0,6.0,12,0.0,0.0,6.0,4
132277,0,0,0.16623910098350525,2.0,73.2,36.6,4.0,3.0,9,0.0,0.0,1.0,3
132282,1,0,0.3106541474393151,3.0,15.299999999999999,5.1,2.3333333333333335,4.0,6,0.0,0.0,1.0,3
132284,0,0,0.3076032465768918,0.0,0.0,0.0,0.0,1.0,16,0.0,0.0,0.0,2
132289,0,0,0.17993940317973336,4.0,65.10000000000001,16.275000000000002,3.75,5.0,7,0.0,0.0,3.0,4
132296,0,0,0.14352301067570622,1.0,21.9,21.9,4.0,5.0,17,0.0,0.0,6.0,2
132299,0,0,0.2083871721336154,2.0,41.2,20.6,1.5,3.0,5,0.0,0.0,3.0,3
132300,0,0,0.24737706515685037,4.0,40.6,10.15,2.5,5.0,11,0.0,0.0,3.0,4
132301,0,0,0.12250893199465201,4.0,95.0,23.75,4.0,5.0,9,0.0,0.0,4.0,4
132313,0,0,0.2505918582861239,2.0,26.2,13.1,1.5,3.0,5,0.0,0.0,2.0,2
132316,0,0,0.1983149910191339,3.0,44.9,14.966666666666667,3.3333333333333335,4.0,9,0.0,0.0,3.0,4
132342,0,0,0.1673003179978758,5.0,81.9,16.380000000000003,4.4,6.0,12,0.0,0.0,3.0,1
132353,0,0,0.2471810189466444,1.0,10.2,10.2,4.0,2.0,4,0.0,0.0,0.0,1
132362,0,0,0.21034111169278788,1.0,14.2,14.2,5.0,2.0,5,0.0,0.0,1.0,3
132373,0,0,0.13091341183086833,3.0,99.9,33.300000000000004,4.666666666666667,4.0,4,0.0,0.0,1.0,3
132383,0,0,0.19015017183248145,5.0,82.4,16.48,3.8,6.0,8,0.0,0.0,2.0,4
132390,0,0,0.2238712546420753,1.0,8.6,8.6,3.0,2.0,2,0.0,0.0,2.0,1
132394,1,0,0.2725349003309559,3.0,22.5,7.5,1.6666666666666667,6.0,18,0.0,0.0,3.0,4
132396,0,0,0.28014904836032317,5.0,47.0,9.4,2.6,6.0,6,0.0,0.0,2.0,4
132397,0,0,0.2873838414672995,3.0,13.4,4.466666666666667,3.0,4.0,15,0.0,0.0,2.0,3
132402,0,0,0.011779130043652311,7.0,305.1,43.58571428571429,7.571428571428571,8.0,15,0.0,0.0,5.0,1
132411,0,0,0.1512603520544748,2.0,36.0,18.0,4.0,3.0,8,0.0,0.0,5.0,4
132412,0,0,0.14303665840578658,4.0,92.19999999999999,23.049999999999997,5.0,7.0,18,0.0,0.0,2.0,2
132418,0,0,0.12943450347150567,4.0,101.5,25.375,4.0,5.0,14,0.0,0.0,3.0,4
132423,0,0,0.038242011140422555,4.0,173.8,43.45,4.5,5.0,6,0.0,0.0,7.0,4
132427,0,0,0.07236248288093586,4.0,128.8,32.2,4.0,5.0,11,0.0,0.0,6.0,4
132428,1,0,0.2710893287722309,1.0,8.9,8.9,2.0,2.0,11,0.0,0.0,1.0,3
132430,0,0,0.025355849710456742,7.0,163.6,23.37142857142857,4.285714285714286,8.0,15,0.0,0.0,16.0,4
132432,0,0,0.21985966170371757,5.0,57.6,11.52,2.8,6.0,14,0.0,0.0,4.0,4
132435,0,0,0.25571455845566904,1.0,19.3,19.3,3.0,2.0,0,0.0,0.0,0.0,4
132442,0,0,0.2777653340688803,2.0,26.4,13.2,2.5,3.0,7,0.0,0.0,0.0,3
132445,0,0,0.0559425701441098,4.0,132.4,33.1,5.5,7.0,18,0.0,0.0,7.0,3
132446,0,0,0.24679790069675683,1.0,4.3,4.3,2.0,2.0,2,0.0,0.0,2.0,4
132447,0,0,0.30463204376443526,1.0,8.5,8.5,1.0,2.0,3,0.0,0.0,0.0,2
132448,0,0,0.13243605245601797,3.0,93.9,31.3,4.0,4.0,4,0.0,0.0,2.0,3
132463,0,0,0.24948192984351442,1.0,6.5,6.5,4.0,2.0,0,0.0,0.0,0.0,4
132464,0,0,0.12868925578170684,4.0,81.5,20.375,4.0,5.0,14,0.0,0.0,5.0,3
132482,0,0,0.25592702988491384,2.0,22.299999999999997,11.149999999999999,3.0,3.0,8,0.0,0.0,1.0,4
132489,0,0,0.028484337082800647,5.0,176.6,35.32,4.0,6.0,9,0.0,0.0,11.0,4
132495,0,0,0.12178743154233494,3.0,54.4,18.133333333333333,5.666666666666667,4.0,3,0.0,0.0,5.0,1
132496,0,0,0.3135284589029136,1.0,4.6,4.6,1.0,2.0,6,0.0,0.0,0.0,4
132500,0,0,0.22925304379074024,2.0,31.1,15.55,4.5,3.0,1,0.0,0.0,0.0,3
132513,0,0,0.22746444248915418,3.0,42.2,14.066666666666668,3.0,4.0,10,0.0,0.0,2.0,4
132514,0,0,0.1401501229281784,2.0,53.6,26.8,5.5,3.0,6,0.0,0.0,3.0,3
132522,0,0,0.025555043575221554,5.0,241.5,48.3,4.8,6.0,10,1.0,1.99,5.0,1
132533,0,0,0.07453346800175394,5.0,126.5,25.3,5.2,6.0,9,0.0,0.0,6.0,4
132534,0,0,0.24484470244239923,1.0,13.2,13.2,3.0,2.0,7,0.0,0.0,1.0,2
132535,0,0,0.24072052815797756,1.0,13.9,13.9,3.0,2.0,1,0.0,0.0,1.0,4
132536,0,0,0.041974400337928715,5.0,136.2,27.24,5.8,6.0,9,0.0,0.0,10.0,4
132550,0,0,0.28038156773036965,1.0,11.5,11.5,2.0,2.0,0,0.0,0.0,0.0,3
132553,0,0,0.2128475789562553,4.0,45.2,11.3,4.0,5.0,11,0.0,0.0,3.0,3
132559,0,0,0.2422187620791125,1.0,37.0,37.0,2.0,2.0,8,0.0,0.0,1.0,2
132563,0,0,0.09049557141278775,5.0,124.1,24.82,4.6,7.0,17,0.0,0.0,5.0,1
132564,0,0,0.19050727323526295,4.0,65.2,16.3,3.25,5.0,10,1.0,9.99,3.0,2
132566,0,0,0.21039873653038346,1.0,11.8,11.8,6.0,2.0,0,0.0,0.0,0.0,2
132576,0,0,0.29496758645707494,2.0,21.3,10.65,1.0,3.0,8,0.0,0.0,1.0,4
132578,0,0,0.22622258082737604,1.0,13.9,13.9,2.0,5.0,17,0.0,0.0,3.0,2
132587,0,0,0.23253991911809235,5.0,67.0,13.4,3.8,6.0,17,1.0,1.99,2.0,2
132590,0,0,0.15876386481789928,5.0,98.5,19.7,3.0,6.0,11,0.0,0.0,3.0,1
132602,0,0,0.16389505395164117,6.0,93.6,15.6,3.8333333333333335,6.0,12,0.0,0.0,4.0,2
132609,0,0,0.1768824167487421,2.0,57.2,28.6,5.5,3.0,2,0.0,0.0,0.0,2
132618,1,0,0.2846581991788993,3.0,17.4,5.8,4.666666666666667,4.0,7,0.0,0.0,0.0,3
132628,0,0,0.1709847391628114,5.0,102.3,20.46,3.2,7.0,18,0.0,0.0,2.0,4
132635,0,0,0.2512956694931631,2.0,32.6,16.3,1.0,3.0,6,0.0,0.0,2.0,4
132636,0,0,0.043177062157159544,3.0,148.9,49.63333333333333,5.333333333333333,4.0,8,0.0,0.0,7.0,4
132647,0,0,0.24123750436749922,2.0,26.6,13.3,2.0,3.0,4,0.0,0.0,2.0,3
132655,0,0,0.30817948982745635,1.0,5.9,5.9,1.0,2.0,2,0.0,0.0,0.0,4
132663,0,0,0.1104454584040175,3.0,52.7,17.566666666666666,5.333333333333333,6.0,17,0.0,0.0,7.0,3
132675,0,0,0.192956742543326,2.0,54.3,27.15,3.5,3.0,2,0.0,0.0,1.0,3
132680,0,0,0.22776316303942046,2.0,27.299999999999997,13.649999999999999,5.0,3.0,1,0.0,0.0,0.0,4
132687,0,0,0.02604586407408099,6.0,157.2,26.2,5.333333333333333,6.0,9,0.0,0.0,14.0,4
132694,0,0,0.04633705894083505,4.0,185.8,46.45,4.5,5.0,7,0.0,0.0,4.0,3
132698,0,0,0.11081197984438418,3.0,81.8,27.266666666666666,4.0,4.0,5,0.0,0.0,5.0,3
132699,0,0,0.2630727735673294,1.0,8.3,8.3,3.0,2.0,0,0.0,0.0,0.0,1
132700,1,0,0.14856053033565342,4.0,65.69999999999999,16.424999999999997,5.0,5.0,9,0.0,0.0,4.0,3
132701,0,0,0.05944036957604903,5.0,176.2,35.239999999999995,5.0,6.0,6,0.0,0.0,3.0,1
132712,0,0,0.21943242938853172,2.0,20.3,10.15,5.0,3.0,4,0.0,0.0,1.0,1
132713,0,0,0.027691928098706055,3.0,211.5,70.5,3.6666666666666665,5.0,15,0.0,0.0,7.0,4
132719,0,0,0.22052439684764344,1.0,20.9,20.9,5.0,2.0,2,0.0,0.0,0.0,2
132722,0,0,0.12484608120104593,7.0,150.9,21.557142857142857,3.857142857142857,7.0,10,1.0,49.99,1.0,1
132724,0,0,0.13203744409660378,5.0,67.3,13.459999999999999,4.6,7.0,16,0.0,0.0,7.0,2
132726,0,0,0.24112140152479228,1.0,39.2,39.2,2.0,2.0,7,0.0,0.0,1.0,4
132735,0,0,0.06232331876006534,5.0,146.0,29.2,3.8,6.0,11,0.0,0.0,7.0,4
132739,0,0,0.27540800552547584,3.0,48.9,16.3,2.0,4.0,12,0.0,0.0,0.0,4
132741,1,0,0.2971847228180854,3.0,20.3,6.766666666666667,3.0,5.0,18,0.0,0.0,1.0,3
132764,0,0,0.10379348391395503,8.0,131.8,16.475,3.5,8.0,13,0.0,0.0,8.0,4
132770,0,0,0.24638697428581316,1.0,29.8,29.8,3.0,2.0,0,0.0,0.0,0.0,4
132772,1,0,0.2207778410170873,4.0,43.9,10.975,5.0,7.0,18,0.0,0.0,2.0,2
132773,0,0,0.019805656811574437,8.0,271.20000000000005,33.900000000000006,4.375,9.0,17,0.0,0.0,8.0,3
132788,0,0,0.24926469751004574,1.0,25.6,25.6,3.0,2.0,1,0.0,0.0,0.0,2
132800,0,0,0.14940435598563273,3.0,74.60000000000001,24.86666666666667,4.666666666666667,4.0,4,0.0,0.0,2.0,4
132816,0,0,0.1807700940196031,3.0,79.7,26.566666666666666,1.6666666666666667,4.0,4,0.0,0.0,2.0,4
132818,0,0,0.2672947624520165,1.0,8.6,8.6,3.0,2.0,2,0.0,0.0,0.0,4
132821,0,0,0.23597812882733896,2.0,37.9,18.95,3.5,3.0,1,0.0,0.0,0.0,4
132822,0,0,0.1752142824224343,4.0,63.5,15.875,3.0,5.0,5,0.0,0.0,4.0,4
132829,0,0,0.1928389531394601,1.0,10.8,10.8,5.0,2.0,1,0.0,0.0,2.0,4
132831,0,0,0.22402188668691303,4.0,41.2,10.3,2.75,7.0,18,0.0,0.0,4.0,2
132840,0,0,0.1692947208204814,2.0,30.700000000000003,15.350000000000001,4.0,3.0,3,0.0,0.0,4.0,4
132841,0,0,0.24264166526362504,1.0,15.3,15.3,4.0,2.0,1,0.0,0.0,0.0,4
132846,0,0,0.16457326677128253,6.0,108.4,18.066666666666666,3.1666666666666665,6.0,11,0.0,0.0,3.0,4
132848,0,0,0.24087081775883168,2.0,29.599999999999998,14.799999999999999,4.0,3.0,1,0.0,0.0,0.0,4
132852,0,0,0.13415670714998434,6.0,95.2,15.866666666666667,2.5,6.0,10,0.0,0.0,7.0,2
132865,1,0,0.2934472635822017,1.0,10.2,10.2,2.0,4.0,16,0.0,0.0,0.0,2
132873,0,0,0.04837297473885581,5.0,136.29999999999998,27.259999999999998,4.4,6.0,13,0.0,0.0,10.0,4
132886,0,0,0.2540733440432696,1.0,19.2,19.2,3.0,2.0,0,0.0,0.0,0.0,2
132896,0,0,0.2534673048222914,1.0,38.7,38.7,2.0,2.0,0,0.0,0.0,0.0,1
132903,0,0,0.24876346546685518,1.0,27.1,27.1,3.0,2.0,0,0.0,0.0,0.0,4
132905,0,0,0.15216970147867273,4.0,28.7,7.175,4.25,5.0,7,0.0,0.0,8.0,4
132910,0,0,0.24330427020447923,3.0,36.8,12.266666666666666,4.0,6.0,18,0.0,0.0,1.0,2
132912,0,0,0.38397993067227226,7.0,40.199999999999996,5.742857142857142,2.4285714285714284,7.0,14,0.0,0.0,2.0,2
132918,0,0,0.21611486027830454,3.0,55.3,18.433333333333334,3.0,4.0,4,0.0,0.0,1.0,1
132928,0,0,0.2506714458114323,1.0,19.7,19.7,1.0,2.0,2,0.0,0.0,2.0,4
132933,0,0,0.22117917581513122,4.0,67.3,16.825,3.25,5.0,10,0.0,0.0,1.0,4
132934,0,0,0.2317918145689981,1.0,8.3,8.3,5.0,2.0,4,0.0,0.0,0.0,1
132935,0,0,0.10634502104426606,3.0,58.2,19.400000000000002,4.666666666666667,4.0,3,0.0,0.0,7.0,4
132940,0,0,0.23986409167035316,1.0,3.8,3.8,5.0,2.0,9,0.0,0.0,0.0,1
132946,0,0,0.05217674026371683,7.0,154.20000000000002,22.028571428571432,4.428571428571429,7.0,13,0.0,0.0,10.0,2
132948,0,0,0.0649187228184063,6.0,163.7,27.28333333333333,2.6666666666666665,8.0,16,0.0,0.0,7.0,1
132949,0,0,0.20518712080182605,1.0,31.1,31.1,6.0,3.0,15,0.0,0.0,0.0,1
132960,0,0,0.31777668117371555,4.0,37.8,9.45,2.75,5.0,14,0.0,0.0,0.0,3
132965,0,0,0.25518136359793836,1.0,17.0,17.0,3.0,2.0,0,0.0,0.0,0.0,1
132985,0,0,0.09730904146798373,3.0,95.5,31.833333333333332,4.0,4.0,6,0.0,0.0,5.0,1
132992,0,0,0.21871425594398408,3.0,25.4,8.466666666666667,4.0,4.0,6,0.0,0.0,3.0,4
133000,0,0,0.044449935084766516,4.0,156.5,39.125,5.0,5.0,9,0.0,0.0,7.0,4
133003,0,0,0.25279674333828744,3.0,35.2,11.733333333333334,3.6666666666666665,4.0,14,0.0,0.0,1.0,4
133005,0,0,0.2817145076843336,1.0,11.1,11.1,2.0,2.0,1,0.0,0.0,0.0,3
133016,0,0,0.106971421007641,2.0,100.19999999999999,50.099999999999994,5.5,3.0,4,0.0,0.0,2.0,4
133023,0,0,0.2374838036827432,4.0,56.9,14.225,2.25,5.0,10,0.0,0.0,2.0,3
133034,0,0,0.27965626069930516,1.0,3.4,3.4,3.0,2.0,10,0.0,0.0,0.0,4
133040,0,0,0.08626441929982386,6.0,132.2,22.03333333333333,3.5,8.0,17,0.0,0.0,7.0,4
133072,0,0,0.09952840008312547,4.0,132.4,33.1,3.0,5.0,5,0.0,0.0,3.0,2
133076,0,0,0.13566775427136982,4.0,74.5,18.625,5.25,5.0,11,0.0,0.0,4.0,4
133077,0,0,0.07267555628810905,6.0,114.4,19.066666666666666,6.166666666666667,6.0,10,0.0,0.0,8.0,1
133079,0,0,0.13314735714520629,2.0,80.1,40.05,3.5,3.0,5,1.0,49.99,2.0,3
133086,0,0,0.07792032074545667,3.0,68.80000000000001,22.933333333333337,5.0,4.0,7,0.0,0.0,9.0,4
133088,0,0,0.20297964063856996,3.0,60.2,20.066666666666666,2.6666666666666665,4.0,6,1.0,4.99,2.0,2
133099,0,0,0.2956210841756264,5.0,40.8,8.16,2.8,6.0,12,0.0,0.0,2.0,3
133110,0,0,0.07342269346898798,6.0,147.0,24.5,3.5,7.0,16,0.0,0.0,7.0,3
133111,0,0,0.27035482839018427,1.0,23.1,23.1,2.0,2.0,0,0.0,0.0,0.0,4
133130,0,0,0.22798785183452583,4.0,81.1,20.275,2.75,5.0,17,0.0,0.0,0.0,4
133151,0,0,0.09986904921281294,4.0,123.8,30.95,4.5,6.0,16,0.0,0.0,3.0,3
133153,0,0,0.18678638185756474,6.0,76.6,12.766666666666666,3.3333333333333335,8.0,18,0.0,0.0,5.0,4
133159,0,0,0.12030668331832525,4.0,81.9,20.475,6.0,8.0,18,0.0,0.0,4.0,4
133164,1,0,0.2962997668869043,1.0,6.1,6.1,2.0,2.0,13,0.0,0.0,0.0,1
133165,0,0,0.2957438267948359,5.0,52.4,10.48,2.6,7.0,16,0.0,0.0,1.0,1
133169,0,0,0.17162220324716676,4.0,49.3,12.325,3.0,6.0,15,0.0,0.0,6.0,4
133185,0,0,0.2742135438592503,1.0,9.2,9.2,2.0,3.0,17,0.0,0.0,1.0,2
133194,0,0,0.15331901625559044,8.0,95.2,11.9,4.5,8.0,13,0.0,0.0,7.0,2
133196,0,0,0.17293364724154894,1.0,17.6,17.6,5.0,2.0,3,0.0,0.0,3.0,4
133199,0,0,0.13399091261266563,2.0,85.1,42.55,4.0,3.0,3,0.0,0.0,2.0,1
133200,1,0,0.3180369559705662,1.0,4.2,4.2,1.0,2.0,11,0.0,0.0,0.0,3
133205,0,0,0.17156967298110554,5.0,98.8,19.759999999999998,3.0,6.0,7,0.0,0.0,2.0,2
133207,0,0,0.2775035624710008,1.0,38.3,38.3,1.0,2.0,4,0.0,0.0,0.0,3
133224,0,0,0.13371353093307692,6.0,111.1,18.516666666666666,3.1666666666666665,9.0,17,0.0,0.0,5.0,4
133226,0,0,0.24317654020083015,2.0,23.5,11.75,4.5,3.0,5,0.0,0.0,0.0,1
133230,0,0,0.24611818159363985,1.0,15.3,15.3,4.0,2.0,5,0.0,0.0,0.0,4
133231,0,0,0.15503897739429867,2.0,47.1,23.55,5.0,3.0,8,0.0,0.0,3.0,4
133232,0,0,0.047523919135237104,4.0,105.60000000000001,26.400000000000002,4.25,5.0,8,0.0,0.0,12.0,4
133234,0,0,0.27494308883163515,3.0,35.6,11.866666666666667,2.0,4.0,6,0.0,0.0,1.0,4
133252,0,0,0.14649832436368643,3.0,64.7,21.566666666666666,6.0,4.0,4,0.0,0.0,2.0,4
133265,0,0,0.08240621782279688,3.0,99.9,33.300000000000004,5.666666666666667,4.0,7,0.0,0.0,5.0,4
133267,0,0,0.15732298906841533,5.0,118.2,23.64,2.2,6.0,14,0.0,0.0,2.0,4
133270,0,0,0.14175678018271945,5.0,71.0,14.2,5.4,6.0,8,0.0,0.0,5.0,4
133271,0,0,0.119580438771228,2.0,109.9,54.95,5.5,3.0,2,0.0,0.0,0.0,4
133274,0,0,0.3271996874906501,4.0,35.0,8.75,2.5,6.0,15,0.0,0.0,0.0,1
133277,0,0,0.18254822646014152,1.0,45.6,45.6,5.0,2.0,1,0.0,0.0,1.0,1
133282,0,0,0.03453472449885372,5.0,191.2,38.239999999999995,4.0,6.0,17,0.0,0.0,8.0,3
133289,1,0,0.199450573310258,2.0,30.900000000000002,15.450000000000001,4.5,3.0,9,0.0,0.0,2.0,4
133294,0,0,0.12579967403695175,3.0,122.1,40.699999999999996,2.6666666666666665,4.0,2,0.0,0.0,1.0,4
133304,0,0,0.20419376350585358,3.0,25.4,8.466666666666667,2.6666666666666665,4.0,8,0.0,0.0,5.0,4
133306,0,0,0.10376725904820008,5.0,119.4,23.880000000000003,4.8,6.0,15,0.0,0.0,4.0,3
133308,0,0,0.14568637957928313,4.0,108.9,27.225,2.75,5.0,13,0.0,0.0,2.0,3
133310,0,0,0.21800071471914506,4.0,60.5,15.125,4.25,5.0,13,0.0,0.0,1.0,1
133346,0,0,0.01897970392644097,6.0,271.8,45.300000000000004,3.0,6.0,13,0.0,0.0,7.0,4
133347,0,0,0.2192803062714624,5.0,58.3,11.66,2.6,6.0,11,0.0,0.0,4.0,4
133362,0,0,0.2738369702771962,3.0,20.5,6.833333333333333,3.6666666666666665,4.0,5,0.0,0.0,1.0,4
133366,0,0,0.11952393080156469,6.0,105.6,17.599999999999998,5.166666666666667,7.0,15,0.0,0.0,5.0,2
133368,0,0,0.07890087809867008,4.0,141.3,35.325,3.0,6.0,18,0.0,0.0,5.0,4
133376,0,0,0.08405184381055564,5.0,90.5,18.1,6.2,7.0,18,0.0,0.0,8.0,4
133379,0,0,0.17161834925587993,2.0,17.1,8.55,6.5,3.0,7,0.0,0.0,3.0,4
133391,0,0,0.21849568968005637,2.0,34.1,17.05,4.5,3.0,17,0.0,0.0,1.0,3
133392,0,0,0.2963657081677518,1.0,10.6,10.6,2.0,3.0,18,0.0,0.0,0.0,2
133397,0,0,0.24955229164572112,3.0,27.299999999999997,9.1,2.3333333333333335,5.0,15,0.0,0.0,3.0,4
133403,0,0,0.10498865018713507,4.0,108.8,27.2,4.5,5.0,16,0.0,0.0,4.0,2
133407,0,0,0.14639520944927195,3.0,57.5,19.166666666666668,5.666666666666667,4.0,5,0.0,0.0,3.0,4
133410,0,0,0.2355761165096371,1.0,3.5,3.5,3.0,2.0,9,0.0,0.0,2.0,3
133420,1,0,0.2829590569216912,3.0,41.0,13.666666666666666,1.3333333333333333,4.0,13,0.0,0.0,1.0,4
133423,0,0,0.17787859789810728,1.0,16.7,16.7,7.0,2.0,5,0.0,0.0,1.0,1
133430,1,0,0.06469570320366969,4.0,144.9,36.225,3.5,5.0,13,0.0,0.0,6.0,4
133437,0,0,0.2830401609394796,1.0,13.7,13.7,2.0,2.0,5,0.0,0.0,0.0,3
133445,0,0,0.1536716130714676,5.0,115.1,23.02,4.2,6.0,12,1.0,4.99,1.0,1
133453,0,0,0.016595456088707185,7.0,250.70000000000002,35.81428571428572,3.7142857142857144,7.0,13,0.0,0.0,11.0,3
133469,0,0,0.30316158313128894,1.0,11.9,11.9,1.0,2.0,3,0.0,0.0,0.0,4
133477,0,0,0.2828992640997607,1.0,0.1,0.1,3.0,2.0,13,0.0,0.0,0.0,1
133499,0,0,0.040495509347337845,4.0,167.1,41.775,5.0,5.0,13,0.0,0.0,7.0,4
133508,0,0,0.23297923049078556,1.0,5.8,5.8,5.0,2.0,0,0.0,0.0,0.0,4
133509,0,0,0.06289078239212896,7.0,170.3,24.32857142857143,3.7142857142857144,7.0,9,0.0,0.0,7.0,4
133518,0,0,0.15379537723491252,3.0,59.3,19.766666666666666,2.3333333333333335,4.0,3,0.0,0.0,5.0,3
133519,1,0,0.3146417690454345,2.0,16.6,8.3,2.0,5.0,18,0.0,0.0,0.0,4
133524,0,0,0.14683789508857398,4.0,88.7,22.175,2.5,5.0,9,0.0,0.0,4.0,4
133540,0,0,0.08729703662676824,5.0,148.8,29.76,4.6,6.0,17,0.0,0.0,3.0,4
133542,0,0,0.23838562851939313,1.0,18.7,18.7,3.0,2.0,6,0.0,0.0,1.0,1
133569,0,0,0.267940604627745,2.0,5.3,2.65,4.0,3.0,9,0.0,0.0,1.0,4
133574,0,0,0.20773906558254723,4.0,56.8,14.2,4.0,5.0,7,0.0,0.0,2.0,4
133577,0,0,0.1620728207228591,4.0,71.2,17.8,3.0,5.0,3,0.0,0.0,4.0,4
133579,1,0,0.20358327235270507,1.0,18.3,18.3,4.0,2.0,4,0.0,0.0,2.0,3
133607,0,0,0.252132117568346,4.0,39.4,9.85,3.25,5.0,5,0.0,0.0,2.0,4
133622,0,0,0.1901350507576711,2.0,46.0,23.0,3.5,3.0,5,0.0,0.0,2.0,4
133635,0,0,0.1493787879029834,4.0,81.6,20.4,3.5,6.0,18,0.0,0.0,4.0,4
133637,0,0,0.2640411183135446,1.0,3.3,3.3,4.0,2.0,13,0.0,0.0,0.0,4
133639,0,0,0.20394642589623413,4.0,64.5,16.125,3.25,5.0,8,0.0,0.0,2.0,1
133640,0,0,0.2685030780123945,1.0,6.3,6.3,3.0,2.0,1,0.0,0.0,0.0,4
133644,0,0,0.18080848780089748,3.0,54.8,18.266666666666666,2.6666666666666665,5.0,18,0.0,0.0,4.0,4
133646,0,0,0.2156621193453137,2.0,35.2,17.6,5.0,3.0,1,0.0,0.0,0.0,4
133647,0,0,0.2424787135969786,2.0,63.4,31.7,1.0,3.0,8,0.0,0.0,0.0,3
133664,0,0,0.19188663426530117,2.0,54.9,27.45,5.0,3.0,7,0.0,0.0,0.0,4
133672,0,0,0.2031850420271381,5.0,45.3,9.059999999999999,3.0,6.0,14,0.0,0.0,6.0,4
133676,0,0,0.22036032607342,2.0,12.5,6.25,4.5,3.0,4,0.0,0.0,2.0,1
133686,0,0,0.20618892846680045,3.0,69.0,23.0,2.3333333333333335,4.0,7,0.0,0.0,1.0,2
133692,0,0,0.12124809372921616,3.0,73.69999999999999,24.566666666666663,4.0,4.0,8,0.0,0.0,5.0,4
133703,0,0,0.27025316499194957,3.0,44.900000000000006,14.966666666666669,2.6666666666666665,4.0,11,0.0,0.0,0.0,4
133708,0,0,0.16996693581598452,1.0,10.1,10.1,9.0,2.0,0,0.0,0.0,0.0,4
133724,0,0,0.13492565514116955,2.0,58.4,29.2,6.5,3.0,4,0.0,0.0,2.0,1
133726,0,0,0.2816695648602521,3.0,38.7,12.9,2.3333333333333335,4.0,3,0.0,0.0,0.0,4
133731,0,0,0.03346038488494232,7.0,232.2,33.17142857142857,4.285714285714286,7.0,12,0.0,0.0,6.0,4
133734,0,0,0.08533214496422922,6.0,149.20000000000002,24.86666666666667,3.6666666666666665,6.0,13,0.0,0.0,5.0,1
133738,0,0,0.020842053744408468,10.0,250.2,25.02,3.8,9.0,13,0.0,0.0,13.0,2
133747,0,0,0.026839960945350756,7.0,204.39999999999998,29.199999999999996,4.714285714285714,7.0,12,1.0,4.99,11.0,4
133751,0,0,0.03411407596590255,5.0,197.5,39.5,4.2,6.0,10,0.0,0.0,7.0,3
133752,0,0,0.18274042678520813,2.0,8.7,4.35,5.5,3.0,11,0.0,0.0,4.0,4
133753,0,0,0.25558711370769693,1.0,37.3,37.3,2.0,2.0,0,0.0,0.0,0.0,2
133770,0,0,0.2011390236447836,3.0,39.1,13.033333333333333,4.666666666666667,4.0,6,0.0,0.0,2.0,1
133782,0,0,0.2700199077615627,4.0,41.2,10.3,2.25,5.0,10,0.0,0.0,2.0,3
133784,0,0,0.2622861763742533,3.0,21.400000000000002,7.133333333333334,3.3333333333333335,6.0,17,0.0,0.0,2.0,1
133787,0,0,0.22941442782999766,5.0,84.7,16.94,3.6,6.0,14,0.0,0.0,0.0,3
133791,0,0,0.14833389066529307,4.0,87.9,21.975,3.5,5.0,7,0.0,0.0,3.0,3
133796,0,0,0.23233439039651818,1.0,5.6,5.6,5.0,2.0,0,0.0,0.0,0.0,3
133802,0,0,0.23233474114002822,3.0,46.800000000000004,15.600000000000001,3.3333333333333335,4.0,9,0.0,0.0,1.0,4
133805,0,0,0.285480208810142,1.0,10.5,10.5,1.0,2.0,7,0.0,0.0,1.0,4
133807,0,0,0.19028937645273383,2.0,38.2,19.1,3.0,3.0,6,0.0,0.0,3.0,2
133809,0,0,0.034286777455700065,5.0,208.8,41.760000000000005,3.8,6.0,6,0.0,0.0,6.0,4
133811,0,0,0.2021578823715516,4.0,67.2,16.8,3.25,5.0,10,0.0,0.0,2.0,3
133812,0,0,0.23075863558786713,1.0,18.4,18.4,5.0,2.0,10,0.0,0.0,0.0,4
133835,0,0,0.09612711801833344,5.0,127.0,25.4,3.6,6.0,14,0.0,0.0,5.0,4
133837,0,0,0.22658663824227057,1.0,8.2,8.2,3.0,2.0,2,0.0,0.0,2.0,4
133840,0,0,0.12024545674877686,4.0,100.80000000000001,25.200000000000003,3.0,6.0,16,1.0,1.99,5.0,1
133856,0,0,0.2161960608734426,2.0,13.3,6.65,3.0,4.0,16,0.0,0.0,4.0,4
133857,0,0,0.2313549021194067,3.0,41.6,13.866666666666667,2.0,4.0,17,0.0,0.0,3.0,4
133859,0,0,0.10430539566242622,6.0,123.7,20.616666666666667,4.166666666666667,6.0,5,0.0,0.0,5.0,3
133866,1,0,0.2935219685601463,3.0,30.200000000000003,10.066666666666668,3.0,4.0,10,0.0,0.0,0.0,4
133867,0,0,0.24673486212937776,1.0,12.7,12.7,4.0,2.0,6,0.0,0.0,0.0,1
133878,0,0,0.21343291630173616,1.0,13.9,13.9,6.0,2.0,5,0.0,0.0,0.0,3
133884,0,0,0.00220199984032969,9.0,326.0,36.22222222222222,6.0,10.0,16,0.0,0.0,22.0,4
133887,0,0,0.2205041953576175,1.0,36.4,36.4,2.0,2.0,3,0.0,0.0,2.0,4
133889,0,0,0.10115491453031425,3.0,123.30000000000001,41.1,3.0,4.0,6,0.0,0.0,3.0,4
133892,0,0,0.25550419470466756,1.0,19.9,19.9,2.0,2.0,4,0.0,0.0,1.0,4
133893,0,0,0.10383516522620562,5.0,86.1,17.22,2.8,7.0,16,1.0,19.99,9.0,4
133895,0,0,0.11222772314197081,7.0,148.29999999999998,21.185714285714283,3.4285714285714284,7.0,12,0.0,0.0,4.0,4
133898,0,0,0.09223213670977864,4.0,118.60000000000001,29.650000000000002,3.75,5.0,6,1.0,1.99,5.0,3
133900,0,0,0.08498516639783618,4.0,134.2,33.55,4.0,6.0,16,0.0,0.0,4.0,3
133903,0,0,0.23517218280260307,2.0,43.9,21.95,2.5,3.0,15,0.0,0.0,1.0,4
133927,0,0,0.3339397100906449,2.0,9.7,4.85,1.5,3.0,11,0.0,0.0,0.0,4
133938,0,0,0.17289228246539748,1.0,49.3,49.3,7.0,2.0,4,0.0,0.0,0.0,4
133951,0,0,0.3067486758535931,2.0,14.3,7.15,2.0,3.0,5,0.0,0.0,0.0,2
133952,0,0,0.22941322422416785,2.0,42.8,21.4,2.5,3.0,8,0.0,0.0,1.0,2
133954,0,0,0.20868206120865726,1.0,13.3,13.3,5.0,2.0,1,0.0,0.0,1.0,4
133958,0,0,0.02424983284303146,8.0,209.2,26.15,5.25,8.0,12,0.0,0.0,12.0,4
133961,0,0,0.2092216537516969,3.0,52.5,17.5,5.333333333333333,4.0,12,0.0,0.0,0.0,1
133978,0,0,0.2182954150336003,1.0,4.8,4.8,6.0,2.0,1,0.0,0.0,0.0,4
133983,0,0,0.1954640850721509,3.0,67.30000000000001,22.433333333333337,2.0,4.0,5,0.0,0.0,2.0,3
133985,0,0,0.1398759338037573,2.0,74.9,37.45,3.5,3.0,5,0.0,0.0,3.0,4
133987,0,0,0.2728814312786103,1.0,18.5,18.5,2.0,2.0,1,0.0,0.0,0.0,1
133994,0,0,0.2688831097495564,1.0,3.3,3.3,2.0,2.0,3,0.0,0.0,1.0,3
134007,0,0,0.21276925493305837,2.0,38.599999999999994,19.299999999999997,2.5,3.0,4,0.0,0.0,2.0,1
134010,1,0,0.2522243970481633,2.0,18.9,9.45,2.5,3.0,11,0.0,0.0,2.0,4
134017,1,0,0.2897140046808811,1.0,3.8,3.8,2.0,2.0,2,0.0,0.0,0.0,3
134019,0,0,0.23962697330469374,3.0,51.8,17.266666666666666,3.3333333333333335,4.0,5,0.0,0.0,0.0,4
134022,0,0,0.24858040612172408,1.0,8.5,8.5,1.0,5.0,17,0.0,0.0,3.0,3
134023,0,0,0.24534290645975929,3.0,40.3,13.433333333333332,3.3333333333333335,4.0,11,0.0,0.0,1.0,3
134041,0,0,0.2209081387663187,1.0,19.4,19.4,5.0,2.0,0,0.0,0.0,0.0,3
134042,0,0,0.04365074487571457,9.0,214.5,23.833333333333332,4.555555555555555,10.0,18,0.0,0.0,8.0,1
134054,0,0,0.24848988419420528,3.0,40.5,13.5,3.3333333333333335,4.0,16,0.0,0.0,1.0,2
134056,1,0,0.076480113641542,6.0,128.2,21.366666666666664,4.166666666666667,8.0,16,0.0,0.0,8.0,4
134057,0,0,0.2904314676646279,1.0,11.0,11.0,2.0,2.0,9,0.0,0.0,0.0,4
134061,0,0,0.21678275521335758,4.0,74.8,18.7,2.75,5.0,14,0.0,0.0,1.0,2
134062,1,0,0.13993810037959603,3.0,78.30000000000001,26.100000000000005,4.0,4.0,8,0.0,0.0,3.0,2
134081,0,0,0.034988933036820526,5.0,165.6,33.12,4.4,6.0,12,0.0,0.0,10.0,4
134083,0,0,0.18154917002553017,5.0,102.9,20.580000000000002,3.2,6.0,11,0.0,0.0,1.0,3
134092,0,0,0.2715646161822397,1.0,22.8,22.8,2.0,2.0,1,0.0,0.0,0.0,4
134098,0,0,0.2734066812953758,4.0,42.5,10.625,3.0,5.0,10,0.0,0.0,1.0,1
134099,0,0,0.20550038698967377,1.0,26.0,26.0,6.0,2.0,6,0.0,0.0,0.0,4
134102,0,0,0.21990728254886316,1.0,19.7,19.7,5.0,2.0,1,0.0,0.0,0.0,1
134112,0,0,0.2231201718185072,2.0,26.0,13.0,3.5,3.0,13,0.0,0.0,2.0,1
134128,0,0,0.22826491878583421,1.0,17.4,17.4,5.0,2.0,6,0.0,0.0,0.0,4
134131,0,0,0.2749544629519339,2.0,38.0,19.0,1.5,3.0,7,0.0,0.0,0.0,2
134132,0,0,0.2606884480604665,1.0,14.8,14.8,3.0,2.0,1,0.0,0.0,0.0,4
134134,0,0,0.2230688054940678,1.0,38.5,38.5,4.0,2.0,1,0.0,0.0,0.0,4
134135,0,0,0.2264086585899308,3.0,53.5,17.833333333333332,1.6666666666666667,4.0,10,1.0,19.99,2.0,4
134145,0,0,0.2253919464074059,2.0,47.8,23.9,3.5,3.0,7,0.0,0.0,0.0,4
134157,0,0,0.11560373466332897,3.0,107.8,35.93333333333333,4.333333333333333,4.0,7,0.0,0.0,2.0,4
134165,0,0,0.07632997404434357,5.0,101.8,20.36,3.4,6.0,14,0.0,0.0,10.0,3
134169,0,0,0.13749786230506755,3.0,69.5,23.166666666666668,4.0,4.0,7,0.0,0.0,4.0,3
134178,0,0,0.16218205726105006,4.0,78.4,19.6,2.25,5.0,6,0.0,0.0,4.0,3
134179,0,0,0.16631182285843238,3.0,88.19999999999999,29.399999999999995,3.0,4.0,7,0.0,0.0,1.0,1
134181,0,0,0.02207077946863431,7.0,192.5,27.5,4.428571428571429,7.0,12,0.0,0.0,14.0,4
134192,0,0,0.21783411166356847,3.0,48.400000000000006,16.133333333333336,4.0,4.0,10,0.0,0.0,1.0,2
134200,0,0,0.12766514030573187,5.0,142.8,28.560000000000002,3.0,6.0,17,0.0,0.0,1.0,1
134202,0,0,0.3096772074555403,2.0,15.9,7.95,2.0,3.0,9,0.0,0.0,0.0,4
134216,0,0,0.15380293907912976,4.0,43.2,10.8,3.75,5.0,10,0.0,0.0,7.0,4
134217,0,0,0.12295538252866031,2.0,63.7,31.85,6.0,3.0,2,0.0,0.0,3.0,4
134220,0,0,0.2748248391189307,1.0,0.9,0.9,2.0,2.0,6,0.0,0.0,1.0,4
134223,0,0,0.08770033215100283,6.0,126.4,21.066666666666666,3.6666666666666665,6.0,8,0.0,0.0,7.0,3
134228,0,0,0.18440652933387874,3.0,52.0,17.333333333333332,3.6666666666666665,4.0,12,0.0,0.0,3.0,4
134230,0,0,0.1865956129238894,3.0,59.1,19.7,3.6666666666666665,4.0,9,0.0,0.0,2.0,2
134231,0,0,0.249776460492709,3.0,40.699999999999996,13.566666666666665,4.333333333333333,6.0,18,0.0,0.0,0.0,1
134236,0,0,0.24834375150609522,4.0,60.2,15.05,3.75,5.0,14,0.0,0.0,0.0,2
134243,0,0,0.08107197681011277,2.0,133.6,66.8,5.5,3.0,3,0.0,0.0,2.0,3
134257,0,0,0.17132766472853408,3.0,87.3,29.099999999999998,4.0,4.0,9,0.0,0.0,0.0,1
134268,1,0,0.19024677797504022,4.0,82.2,20.55,2.25,5.0,9,0.0,0.0,2.0,3
134287,0,0,0.06846551307336436,6.0,133.4,22.233333333333334,3.5,6.0,11,0.0,0.0,9.0,4
134300,0,0,0.4017017111505861,7.0,37.6,5.371428571428572,3.142857142857143,7.0,12,0.0,0.0,1.0,4
134302,0,0,0.1588536625710008,3.0,26.099999999999998,8.7,5.666666666666667,4.0,4,0.0,0.0,5.0,4
134308,0,0,0.08617486848771634,3.0,127.3,42.43333333333333,6.666666666666667,4.0,3,0.0,0.0,1.0,4
134310,0,0,0.24646066975061626,1.0,8.0,8.0,4.0,2.0,0,0.0,0.0,0.0,2
134314,0,0,0.23649271973245078,2.0,26.2,13.1,3.5,3.0,4,0.0,0.0,1.0,3
134324,0,0,0.1558663475459159,4.0,84.3,21.075,3.5,5.0,12,0.0,0.0,3.0,2
134328,0,0,0.06728414303276778,5.0,129.9,25.98,3.8,6.0,13,0.0,0.0,8.0,4
134329,0,0,0.1554796953675845,2.0,74.6,37.3,5.5,3.0,1,0.0,0.0,0.0,3
134330,1,0,0.29496593080687694,1.0,5.4,5.4,2.0,2.0,9,0.0,0.0,0.0,3
134342,0,0,0.18638665001409818,3.0,65.1,21.7,3.3333333333333335,6.0,16,0.0,0.0,2.0,4
134349,0,0,0.20893242753602792,3.0,36.4,12.133333333333333,3.6666666666666665,4.0,11,0.0,0.0,3.0,4
134355,0,0,0.24670731291170014,1.0,28.9,28.9,2.0,2.0,6,0.0,0.0,1.0,1
134356,1,0,0.2617451302477461,2.0,16.1,8.05,3.5,4.0,16,0.0,0.0,1.0,2
134372,0,0,0.2718318133540837,1.0,9.7,9.7,3.0,2.0,8,0.0,0.0,0.0,4
134379,0,0,0.13749821073770874,2.0,83.3,41.65,3.5,4.0,18,0.0,0.0,3.0,4
134389,0,0,0.0908481176357799,3.0,143.7,47.9,3.6666666666666665,4.0,7,1.0,1.99,2.0,2
134394,0,0,0.18770574316672867,2.0,30.4,15.2,5.0,3.0,2,0.0,0.0,2.0,4
134396,0,0,0.06561299684700217,6.0,165.8,27.633333333333336,3.5,6.0,11,0.0,0.0,6.0,4
134404,0,0,0.08289786438241736,6.0,157.1,26.183333333333334,3.1666666666666665,6.0,13,0.0,0.0,5.0,4
134407,0,0,0.20733403245323961,5.0,86.9,17.380000000000003,2.4,6.0,14,0.0,0.0,2.0,4
134428,0,0,0.35412018579586063,3.0,12.0,4.0,2.3333333333333335,4.0,16,0.0,0.0,0.0,4
134432,0,0,0.12691481002770813,6.0,115.0,19.166666666666668,3.3333333333333335,6.0,15,0.0,0.0,5.0,2
134433,0,0,0.2764405826224708,4.0,30.0,7.5,4.25,5.0,8,0.0,0.0,1.0,2
134441,1,0,0.03940834098443515,6.0,213.0,35.5,4.666666666666667,8.0,18,0.0,0.0,5.0,2
134453,0,0,0.16745736281128523,4.0,117.4,29.35,2.0,5.0,5,0.0,0.0,0.0,4
134454,0,0,0.1062945156723097,7.0,123.8,17.685714285714287,3.5714285714285716,8.0,15,0.0,0.0,7.0,1
134459,0,0,0.30954777392481736,0.0,0.0,0.0,0.0,1.0,16,0.0,0.0,0.0,4
134462,0,0,0.17377409534578786,4.0,46.5,11.625,5.25,5.0,8,0.0,0.0,4.0,4
134484,0,0,0.15506854801654282,5.0,50.8,10.16,5.8,6.0,14,0.0,0.0,6.0,3
134485,0,0,0.21362258646125895,1.0,4.4,4.4,4.0,2.0,2,0.0,0.0,2.0,4
134489,0,0,0.17565334072242472,3.0,54.1,18.033333333333335,3.0,6.0,17,0.0,0.0,4.0,4
134497,0,0,0.13986346308683995,4.0,63.3,15.825,4.75,5.0,6,0.0,0.0,5.0,4
134505,1,0,0.12580783950900218,4.0,91.7,22.925,1.75,5.0,12,0.0,0.0,6.0,2
134514,0,0,0.012842952589159405,6.0,273.5,45.583333333333336,4.666666666666667,6.0,13,0.0,0.0,9.0,4
134517,0,0,0.05374478900104041,7.0,212.1,30.3,3.857142857142857,7.0,14,0.0,0.0,4.0,1
134519,0,0,0.07639929446452197,7.0,137.7,19.67142857142857,4.428571428571429,7.0,11,0.0,0.0,8.0,2
134549,0,0,0.03228908702230194,5.0,209.2,41.839999999999996,5.6,6.0,7,0.0,0.0,5.0,3
134550,0,0,0.2947201384140143,1.0,2.0,2.0,1.0,2.0,8,0.0,0.0,1.0,4
134553,0,0,0.20408239718731472,2.0,57.5,28.75,2.5,3.0,4,0.0,0.0,1.0,2
134556,0,0,0.2799070333743648,1.0,3.2,3.2,3.0,2.0,12,0.0,0.0,0.0,2
134562,0,0,0.17147415083896075,2.0,44.6,22.3,4.0,3.0,9,0.0,0.0,3.0,4
134574,0,0,0.28484989902087854,1.0,7.8,7.8,2.0,2.0,0,0.0,0.0,0.0,4
134576,0,0,0.22394535906857518,1.0,33.2,33.2,5.0,3.0,18,0.0,0.0,0.0,4
134583,0,0,0.11251108337565878,5.0,108.0,21.6,3.0,6.0,17,0.0,0.0,6.0,4
134596,0,0,0.15381936826163445,3.0,35.6,11.866666666666667,4.333333333333333,5.0,15,0.0,0.0,6.0,4
134601,0,0,0.2830557127067971,2.0,22.9,11.45,2.5,3.0,5,0.0,0.0,0.0,4
134621,0,0,0.17909350741579594,3.0,57.9,19.3,3.0,4.0,5,0.0,0.0,3.0,3
134624,0,0,0.09520779814909182,5.0,103.8,20.759999999999998,5.0,6.0,7,0.0,0.0,6.0,4
134627,0,0,0.19291923996857413,3.0,19.7,6.566666666666666,4.0,4.0,7,0.0,0.0,5.0,4
134629,0,0,0.20227622719369345,3.0,47.2,15.733333333333334,3.0,5.0,15,0.0,0.0,3.0,3
134645,0,0,0.16301205866672974,8.0,137.3,17.1625,3.25,8.0,15,0.0,0.0,3.0,4
134648,0,0,0.2604824685179487,1.0,13.4,13.4,2.0,2.0,3,0.0,0.0,1.0,4
134651,0,0,0.18882196323244502,2.0,65.6,32.8,4.0,3.0,6,0.0,0.0,0.0,1
134653,0,0,0.15503482283809164,4.0,50.6,12.65,5.25,5.0,13,0.0,0.0,5.0,3
134659,0,0,0.21630325263902203,3.0,53.2,17.733333333333334,4.0,5.0,18,0.0,0.0,1.0,4
134662,0,0,0.16201934599700152,3.0,40.2,13.4,5.0,4.0,3,0.0,0.0,4.0,4
134673,0,0,0.2664157198881354,4.0,34.5,8.625,2.25,5.0,14,0.0,0.0,3.0,3
134688,0,0,0.27062815986333794,4.0,57.7,14.425,2.75,5.0,12,0.0,0.0,0.0,3
134702,0,0,0.13393829589372472,5.0,120.1,24.02,2.8,6.0,14,0.0,0.0,3.0,4
134711,0,0,0.11992262857008437,3.0,108.9,36.300000000000004,2.3333333333333335,4.0,2,0.0,0.0,3.0,4
134721,1,0,0.23243756943002128,3.0,42.5,14.166666666666666,2.6666666666666665,4.0,10,0.0,0.0,2.0,4
134727,0,0,0.26341290184218236,2.0,30.9,15.45,3.0,3.0,9,0.0,0.0,0.0,4
134730,0,0,0.1945580464088907,4.0,68.5,17.125,3.75,5.0,7,1.0,4.99,2.0,1
134732,0,0,0.2636823657634571,4.0,44.0,11.0,3.5,5.0,10,0.0,0.0,1.0,4
134734,0,0,0.17196824232509,3.0,81.69999999999999,27.23333333333333,3.3333333333333335,4.0,8,0.0,0.0,1.0,1
134736,0,0,0.2693531560499971,2.0,12.9,6.45,3.0,3.0,5,0.0,0.0,1.0,4
134743,1,0,0.20884969641153037,6.0,113.0,18.833333333333332,1.8333333333333333,6.0,14,0.0,0.0,1.0,1
134745,0,0,0.04283168833245535,8.0,188.9,23.6125,6.25,8.0,14,0.0,0.0,8.0,1
134747,0,0,0.22692374301103863,1.0,14.4,14.4,4.0,2.0,5,0.0,0.0,1.0,4
134749,0,0,0.04840379620672652,9.0,154.3,17.144444444444446,4.111111111111111,9.0,14,0.0,0.0,14.0,4
134752,0,0,0.19010447597743246,3.0,67.9,22.633333333333336,4.666666666666667,4.0,4,0.0,0.0,0.0,4
134756,0,0,0.24425937926627359,4.0,51.8,12.95,2.5,5.0,10,0.0,0.0,2.0,4
134761,0,0,0.10186565087393268,3.0,70.8,23.599999999999998,4.333333333333333,5.0,16,0.0,0.0,7.0,3
134762,0,0,0.07536361251628951,5.0,150.4,30.080000000000002,3.4,6.0,11,0.0,0.0,5.0,3
134766,0,0,0.282491855006966,1.0,15.3,15.3,2.0,2.0,7,0.0,0.0,0.0,2
134773,0,0,0.2795339240835007,4.0,24.599999999999998,6.1499999999999995,2.5,5.0,9,0.0,0.0,3.0,4
134788,0,0,0.015367988738258436,6.0,253.20000000000002,42.2,5.0,6.0,10,0.0,0.0,9.0,2
134792,1,0,0.23557365732996677,3.0,47.2,15.733333333333334,3.3333333333333335,5.0,18,0.0,0.0,1.0,1
134800,0,0,0.09937125533649256,4.0,115.9,28.975,3.75,5.0,5,1.0,49.99,3.0,3
134805,0,0,0.04663962296786761,6.0,146.4,24.400000000000002,4.0,7.0,15,0.0,0.0,11.0,4
134807,0,0,0.275130981552015,1.0,19.0,19.0,2.0,2.0,1,0.0,0.0,0.0,4
134809,0,0,0.28348449007046356,1.0,31.0,31.0,1.0,2.0,2,0.0,0.0,0.0,4
134824,0,0,0.1678261818757528,2.0,69.6,34.8,5.0,3.0,1,0.0,0.0,0.0,3
134837,0,0,0.22728611666683685,5.0,66.7,13.34,3.4,6.0,10,0.0,0.0,2.0,4
134840,0,0,0.29035189325099336,2.0,4.5,2.25,1.5,3.0,5,0.0,0.0,2.0,4
134848,1,0,0.3037768750435337,3.0,22.4,7.466666666666666,2.3333333333333335,5.0,16,0.0,0.0,1.0,3
134865,0,0,0.23522711983464348,1.0,5.6,5.6,4.0,2.0,9,0.0,0.0,1.0,1
134871,0,0,0.15776485860006084,2.0,48.8,24.4,5.5,3.0,3,0.0,0.0,2.0,3
134885,0,0,0.023416039857734515,7.0,182.4,26.057142857142857,6.142857142857143,7.0,10,0.0,0.0,13.0,4
134887,0,0,0.27413507539937354,1.0,35.0,35.0,2.0,2.0,16,0.0,0.0,0.0,4
134893,0,0,0.07604325012890183,8.0,131.5,16.4375,4.625,8.0,9,0.0,0.0,10.0,4
134900,0,0,0.18284165195259397,1.0,33.0,33.0,7.0,2.0,5,0.0,0.0,0.0,1
134903,0,0,0.1253812605653402,4.0,74.1,18.525,3.75,5.0,8,0.0,0.0,6.0,4
134924,0,0,0.12927573064008163,4.0,77.0,19.25,5.25,5.0,5,0.0,0.0,4.0,4
134925,0,0,0.09642992944982588,6.0,140.4,23.400000000000002,4.5,9.0,17,0.0,0.0,4.0,1
134942,0,0,0.09701650792339812,2.0,64.19999999999999,32.099999999999994,3.5,5.0,17,0.0,0.0,8.0,4
134956,0,0,0.22803416953892178,2.0,14.0,7.0,3.0,3.0,7,0.0,0.0,3.0,4
134958,0,0,0.16348886502367485,3.0,80.6,26.866666666666664,4.0,4.0,4,0.0,0.0,1.0,3
134959,0,0,0.15390338762337583,2.0,92.3,46.15,4.0,3.0,3,0.0,0.0,0.0,2
134960,0,0,0.13892292038298945,4.0,55.3,13.825,3.5,5.0,11,1.0,19.99,7.0,4
134965,0,0,0.09617761709782113,6.0,91.60000000000001,15.266666666666667,2.3333333333333335,6.0,10,0.0,0.0,11.0,4
134968,0,0,0.10442165258017296,3.0,78.9,26.3,4.0,4.0,9,0.0,0.0,6.0,2
134977,0,0,0.13143921188410418,3.0,48.6,16.2,5.666666666666667,4.0,6,0.0,0.0,5.0,4
134982,0,0,0.25634456990629856,1.0,18.6,18.6,3.0,2.0,0,0.0,0.0,0.0,4
134983,0,0,0.255759061919388,1.0,22.7,22.7,2.0,2.0,10,0.0,0.0,1.0,1
134986,0,0,0.18268824712492643,3.0,52.2,17.400000000000002,3.6666666666666665,4.0,10,0.0,0.0,3.0,4
134988,0,0,0.22469563873414536,1.0,32.9,32.9,3.0,2.0,1,0.0,0.0,1.0,4
134993,0,0,0.2898626253237286,1.0,7.6,7.6,2.0,2.0,5,0.0,0.0,0.0,4
135008,0,0,0.2353152478884053,1.0,22.2,22.2,3.0,2.0,3,0.0,0.0,1.0,4
135009,0,0,0.1661104236137399,2.0,29.4,14.7,5.5,3.0,2,0.0,0.0,3.0,4
135015,0,0,0.24970938871757872,1.0,25.4,25.4,2.0,2.0,3,0.0,0.0,1.0,4
135016,1,0,0.25260391868107035,2.0,17.1,8.55,2.5,3.0,9,0.0,0.0,2.0,3
135024,0,0,0.20263506632781497,2.0,16.9,8.45,3.0,3.0,4,0.0,0.0,4.0,4
135035,1,0,0.22735181684510553,2.0,22.200000000000003,11.100000000000001,2.5,4.0,16,0.0,0.0,3.0,1
135040,1,0,0.09990419447177719,5.0,124.89999999999999,24.979999999999997,3.4,6.0,15,0.0,0.0,5.0,3
135051,0,0,0.07529351828926607,4.0,118.2,29.55,3.5,5.0,9,0.0,0.0,7.0,4
135057,0,0,0.28038798356973477,2.0,16.7,8.35,2.5,3.0,14,0.0,0.0,1.0,4
135060,0,0,0.21319154773404697,3.0,45.9,15.299999999999999,3.3333333333333335,4.0,8,0.0,0.0,2.0,3
135062,0,0,0.24712869340462168,1.0,9.2,9.2,4.0,2.0,1,0.0,0.0,0.0,3
135073,0,0,0.1889481843981519,2.0,63.900000000000006,31.950000000000003,4.0,3.0,2,0.0,0.0,0.0,2
135091,0,0,0.2283972971754012,4.0,74.2,18.55,2.0,5.0,11,0.0,0.0,1.0,3
135092,0,0,0.30470903128719456,2.0,21.099999999999998,10.549999999999999,2.0,6.0,18,0.0,0.0,0.0,4
135093,0,0,0.11632242883613567,3.0,83.9,27.96666666666667,3.3333333333333335,4.0,7,0.0,0.0,5.0,4
135096,0,0,0.09664266507585359,4.0,72.8,18.2,5.0,6.0,16,0.0,0.0,8.0,4
135098,0,0,0.27109869499059436,1.0,6.5,6.5,3.0,2.0,4,0.0,0.0,0.0,4
135100,0,0,0.06877397745974471,3.0,141.3,47.1,6.666666666666667,4.0,8,0.0,0.0,2.0,1
135101,1,0,0.31288322702081706,1.0,14.2,14.2,1.0,2.0,15,0.0,0.0,0.0,4
135104,0,0,0.16514398645516182,4.0,109.30000000000001,27.325000000000003,2.25,5.0,13,0.0,0.0,1.0,2
135107,0,0,0.07695023546462652,6.0,159.5,26.583333333333332,3.6666666666666665,7.0,15,0.0,0.0,5.0,2
135110,0,0,0.15286506280491408,4.0,74.0,18.5,5.0,5.0,11,0.0,0.0,3.0,4
135123,0,0,0.3000239990993751,2.0,17.0,8.5,2.5,5.0,17,0.0,0.0,0.0,1
135130,0,0,0.1347448846966118,2.0,87.5,43.75,4.0,3.0,6,0.0,0.0,2.0,4
135137,0,0,0.208344767772093,3.0,39.2,13.066666666666668,4.333333333333333,4.0,9,0.0,0.0,2.0,1
135150,0,0,0.022540942186213286,8.0,215.0,26.875,4.125,8.0,13,0.0,0.0,13.0,3
135158,0,0,0.18195980805733178,3.0,60.7,20.233333333333334,3.6666666666666665,4.0,4,0.0,0.0,2.0,4
135173,0,0,0.027947033019982314,6.0,177.9,29.650000000000002,4.5,6.0,14,0.0,0.0,12.0,2
135174,0,0,0.060348670989104035,5.0,140.4,28.080000000000002,3.8,7.0,17,0.0,0.0,8.0,2
135176,0,0,0.17616604526845603,2.0,44.400000000000006,22.200000000000003,4.5,3.0,2,0.0,0.0,2.0,4
135189,0,0,0.20112196882478608,2.0,40.9,20.45,2.5,6.0,18,0.0,0.0,3.0,4
135198,0,0,0.19924232427741242,1.0,26.3,26.3,6.0,2.0,0,0.0,0.0,0.0,2
135203,0,0,0.18797299097541767,4.0,60.5,15.125,4.75,5.0,5,0.0,0.0,2.0,3
135205,0,0,0.08800361855709272,5.0,117.69999999999999,23.54,4.6,8.0,17,0.0,0.0,6.0,4
135216,0,0,0.2263277474982846,2.0,16.8,8.4,2.0,6.0,18,0.0,0.0,4.0,4
135217,1,0,0.11988125707471835,4.0,111.9,27.975,4.75,5.0,11,0.0,0.0,2.0,4
135219,0,0,0.24345434462243204,2.0,35.4,17.7,3.5,3.0,5,0.0,0.0,0.0,4
135221,0,0,0.11963765479757976,4.0,114.0,28.5,3.5,5.0,16,0.0,0.0,3.0,2
135224,1,0,0.2578514583268464,3.0,10.600000000000001,3.5333333333333337,3.6666666666666665,4.0,13,0.0,0.0,3.0,4
135229,0,0,0.2669991611876332,2.0,16.0,8.0,1.5,3.0,2,0.0,0.0,2.0,4
135237,0,0,0.21106301268585825,2.0,29.7,14.85,3.5,3.0,2,0.0,0.0,2.0,4
135247,1,0,0.23675880699120927,1.0,13.7,13.7,4.0,2.0,17,0.0,0.0,1.0,3
135249,0,0,0.09522752137901604,3.0,121.80000000000001,40.6,3.0,4.0,12,0.0,0.0,4.0,4
135256,0,0,0.25504849489076264,3.0,11.399999999999999,3.7999999999999994,3.3333333333333335,4.0,5,0.0,0.0,3.0,4
135257,0,0,0.24329413512768477,4.0,62.8,15.7,3.75,7.0,18,0.0,0.0,0.0,1
135265,0,0,0.22279490672801625,1.0,30.1,30.1,5.0,2.0,15,0.0,0.0,0.0,1
135268,0,0,0.21962186317150767,2.0,27.9,13.95,2.5,3.0,13,0.0,0.0,3.0,4
135281,0,0,0.23989709238353313,3.0,24.200000000000003,8.066666666666668,3.0,4.0,9,0.0,0.0,3.0,4
135282,0,0,0.28773459232451615,1.0,11.1,11.1,1.0,5.0,17,0.0,0.0,1.0,1
135286,0,0,0.08446951273020943,4.0,84.9,21.225,3.75,5.0,10,0.0,0.0,9.0,4
135287,0,0,0.09886754527221303,4.0,80.9,20.225,3.75,5.0,14,0.0,0.0,8.0,4
135290,0,0,0.20565753629880693,3.0,37.7,12.566666666666668,2.6666666666666665,6.0,16,0.0,0.0,4.0,4
135291,1,0,0.17897742404097833,1.0,11.4,11.4,6.0,2.0,2,0.0,0.0,2.0,4
135294,0,0,0.24431405292452443,5.0,67.3,13.459999999999999,3.2,6.0,6,0.0,0.0,1.0,2
135304,0,0,0.2368354557860964,2.0,32.1,16.05,4.0,3.0,1,0.0,0.0,0.0,4
135308,0,0,0.27492512326564017,1.0,15.6,15.6,1.0,2.0,1,0.0,0.0,1.0,4
135311,0,0,0.17082689667305823,5.0,67.6,13.52,2.6,7.0,16,0.0,0.0,6.0,4
135316,0,0,0.22209544216092636,2.0,39.6,19.8,3.0,3.0,3,0.0,0.0,1.0,2
135332,0,0,0.2621848438914752,1.0,19.2,19.2,3.0,2.0,9,0.0,0.0,0.0,2
135340,0,0,0.21744913600874174,3.0,77.9,25.96666666666667,1.6666666666666667,4.0,4,0.0,0.0,0.0,2
135349,0,0,0.1340662544869296,4.0,77.6,19.4,3.75,5.0,9,0.0,0.0,5.0,4
135350,0,0,0.2560048650430974,1.0,37.8,37.8,2.0,2.0,0,0.0,0.0,0.0,3
135353,0,0,0.2778227746644283,1.0,4.7,4.7,2.0,2.0,13,0.0,0.0,1.0,4
135354,0,0,0.04360349586828084,5.0,148.2,29.639999999999997,5.4,6.0,15,0.0,0.0,9.0,4
135367,1,0,0.19063497236053092,3.0,44.3,14.766666666666666,3.0,4.0,11,1.0,9.99,4.0,3
135373,0,0,0.31967932770954316,3.0,23.3,7.766666666666667,1.6666666666666667,4.0,14,1.0,9.99,1.0,4
135378,0,0,0.2378589329402529,1.0,24.2,24.2,3.0,2.0,8,0.0,0.0,1.0,4
135393,0,0,0.08706755554383469,5.0,124.8,24.96,3.6,6.0,10,0.0,0.0,6.0,3
135412,0,0,0.2002712266088889,5.0,80.3,16.06,3.8,7.0,18,0.0,0.0,2.0,4
135413,1,0,0.2052894456087496,2.0,50.2,25.1,5.0,3.0,17,0.0,0.0,0.0,3
135417,0,0,0.2166581272727165,2.0,33.7,16.85,3.5,4.0,18,0.0,0.0,2.0,4
135423,0,0,0.2546253689146869,1.0,40.3,40.3,2.0,2.0,0,0.0,0.0,0.0,4
135425,0,0,0.26398981917472647,1.0,7.3,7.3,3.0,2.0,0,0.0,0.0,0.0,1
135428,0,0,0.18372218648010286,2.0,42.2,21.1,2.0,3.0,8,0.0,0.0,4.0,2
135430,0,0,0.27145342328830413,1.0,13.1,13.1,3.0,2.0,4,1.0,1.99,0.0,1
135434,0,0,0.2707289919718664,1.0,5.9,5.9,3.0,2.0,3,0.0,0.0,0.0,4
135446,1,0,0.284992257963093,4.0,36.1,9.025,2.0,5.0,10,0.0,0.0,2.0,2
135457,0,0,0.16607070301542243,2.0,76.80000000000001,38.400000000000006,4.5,3.0,1,0.0,0.0,0.0,4
135461,0,0,0.013412319869605996,7.0,230.7,32.957142857142856,6.142857142857143,7.0,11,0.0,0.0,13.0,4
135467,0,0,0.21754125689771592,5.0,51.0,10.2,3.6,6.0,13,0.0,0.0,4.0,2
135479,0,0,0.2744335459608706,2.0,21.599999999999998,10.799999999999999,2.0,3.0,7,0.0,0.0,1.0,4
135480,0,0,0.06142635127395347,5.0,148.2,29.639999999999997,3.8,6.0,14,0.0,0.0,7.0,3
135490,0,0,0.12018313680866406,4.0,126.6,31.65,2.75,5.0,9,0.0,0.0,2.0,1
135493,0,0,0.2826225090127855,1.0,5.6,5.6,1.0,2.0,2,0.0,0.0,1.0,1
135499,0,0,0.2185269740962711,4.0,32.6,8.15,2.75,5.0,10,0.0,0.0,5.0,4
135502,0,0,0.14025925696537156,4.0,112.8,28.2,4.0,5.0,14,0.0,0.0,1.0,3
135508,0,0,0.21703901790216845,1.0,21.9,21.9,3.0,2.0,4,0.0,0.0,2.0,4
135521,0,0,0.059203530595799726,6.0,143.4,23.900000000000002,5.0,6.0,11,0.0,0.0,8.0,2
135529,0,0,0.13684299310853218,7.0,97.0,13.857142857142858,3.857142857142857,7.0,10,0.0,0.0,7.0,4
135536,0,0,0.057546450138284015,2.0,126.80000000000001,63.400000000000006,5.5,3.0,5,0.0,0.0,6.0,4
135551,0,0,0.091465711892833,5.0,125.4,25.080000000000002,3.2,6.0,15,0.0,0.0,6.0,3
135553,0,0,0.2909528326571506,3.0,24.0,8.0,2.3333333333333335,4.0,7,0.0,0.0,1.0,1
135556,0,0,0.19824764307149345,5.0,92.4,18.48,3.4,7.0,16,0.0,0.0,1.0,1
135562,0,0,0.1451356150021351,4.0,64.2,16.05,4.5,7.0,17,0.0,0.0,5.0,2
135574,0,0,0.1597485092555889,3.0,47.0,15.666666666666666,5.666666666666667,4.0,4,0.0,0.0,3.0,4
135575,0,0,0.1360154234438457,4.0,104.8,26.2,2.75,5.0,9,0.0,0.0,3.0,4
135598,0,0,0.23526586360756846,2.0,34.0,17.0,2.0,3.0,10,0.0,0.0,2.0,4
135614,0,0,0.25485097864408585,8.0,94.5,11.8125,2.875,8.0,14,1.0,9.99,3.0,4
135617,0,0,0.25906522497154866,2.0,28.7,14.35,3.0,3.0,2,0.0,0.0,0.0,2
135624,1,0,0.18327516649646355,3.0,60.3,20.099999999999998,3.6666666666666665,4.0,5,0.0,0.0,2.0,4
135629,0,0,0.19489020949152308,1.0,59.4,59.4,3.0,5.0,17,0.0,0.0,2.0,4
135642,0,0,0.051303164265347534,7.0,146.5,20.928571428571427,4.857142857142857,7.0,10,1.0,1.99,11.0,4
135651,0,0,0.2533401121317746,3.0,38.7,12.9,3.0,4.0,9,0.0,0.0,1.0,4
135656,0,0,0.1252728623555891,6.0,100.2,16.7,5.333333333333333,6.0,13,0.0,0.0,5.0,4
135678,0,0,0.1367282154471598,4.0,77.5,19.375,4.5,5.0,5,0.0,0.0,4.0,4
135686,0,0,0.22712351405468972,2.0,33.7,16.85,3.5,3.0,6,0.0,0.0,1.0,4
135687,0,0,0.11887122841021022,2.0,104.0,52.0,5.0,3.0,3,0.0,0.0,1.0,4
135688,0,0,0.1782689647203744,5.0,72.4,14.48,3.8,6.0,15,0.0,0.0,4.0,3
135697,0,0,0.11793123013193076,4.0,107.9,26.975,2.75,5.0,5,0.0,0.0,4.0,4
135706,0,0,0.30506923152945514,1.0,8.0,8.0,1.0,2.0,1,0.0,0.0,0.0,4
135717,0,0,0.20467525446152146,4.0,74.2,18.55,3.5,5.0,13,0.0,0.0,1.0,1
135720,0,0,0.09535674223747011,7.0,106.1,15.157142857142857,3.5714285714285716,7.0,11,0.0,0.0,10.0,4
135738,0,0,0.27089493492523253,4.0,46.5,11.625,3.0,6.0,18,0.0,0.0,1.0,1
135742,0,0,0.26452776783005927,1.0,11.6,11.6,3.0,2.0,2,0.0,0.0,0.0,4
135743,0,0,0.2777565279667529,1.0,5.4,5.4,3.0,2.0,10,0.0,0.0,0.0,4
135767,1,0,0.20802847577765068,2.0,47.4,23.7,3.5,3.0,8,0.0,0.0,1.0,4
135783,1,0,0.1559810353425369,4.0,73.80000000000001,18.450000000000003,2.25,5.0,14,1.0,19.99,5.0,1
135792,1,0,0.28396581915633656,1.0,13.7,13.7,2.0,2.0,5,0.0,0.0,0.0,4
135794,0,0,0.07886589558930963,3.0,87.7,29.233333333333334,5.0,4.0,4,0.0,0.0,7.0,4
135795,1,0,0.26588503956059634,2.0,12.8,6.4,2.5,4.0,16,0.0,0.0,2.0,4
135797,0,0,0.25604733370250354,1.0,18.3,18.3,2.0,2.0,3,0.0,0.0,1.0,4
135804,0,0,0.23918781970287858,2.0,21.4,10.7,4.5,3.0,17,0.0,0.0,1.0,4
135806,0,0,0.22662144045387522,3.0,39.8,13.266666666666666,2.3333333333333335,4.0,14,0.0,0.0,3.0,4
135810,0,0,0.25119231474114195,3.0,37.400000000000006,12.466666666666669,2.3333333333333335,4.0,14,0.0,0.0,2.0,4
135811,0,0,0.2310669005084137,2.0,25.299999999999997,12.649999999999999,2.0,3.0,15,0.0,0.0,3.0,1
135817,0,0,0.15439217643879546,3.0,84.5,28.166666666666668,5.333333333333333,4.0,2,0.0,0.0,0.0,2
135826,0,0,0.2395305531491942,1.0,2.1,2.1,5.0,2.0,4,0.0,0.0,0.0,4
135829,0,0,0.23185981491120816,2.0,30.700000000000003,15.350000000000001,3.5,3.0,7,0.0,0.0,1.0,3
135846,0,0,0.2919131394276279,1.0,4.5,4.5,2.0,2.0,4,0.0,0.0,0.0,4
135847,0,0,0.22936818528567185,1.0,10.1,10.1,5.0,2.0,0,0.0,0.0,0.0,4
135848,0,0,0.21921017366187137,3.0,57.0,19.0,4.0,4.0,6,0.0,0.0,0.0,3
135858,1,0,0.2546775346033799,2.0,18.5,9.25,2.5,3.0,13,0.0,0.0,2.0,4
135866,0,0,0.20068414097011084,4.0,51.7,12.925,3.25,5.0,18,0.0,0.0,4.0,4
135869,0,0,0.04877933483643869,8.0,223.5,27.9375,4.0,8.0,14,0.0,0.0,5.0,3
135875,0,0,0.2571722808446577,2.0,21.900000000000002,10.950000000000001,4.0,3.0,5,0.0,0.0,0.0,4
135882,0,0,0.19489850505277811,3.0,47.8,15.933333333333332,4.333333333333333,4.0,10,0.0,0.0,2.0,1
135892,0,0,0.2822112461575749,1.0,6.7,6.7,3.0,2.0,16,0.0,0.0,0.0,4
135897,0,0,0.2551730114635814,1.0,4.1,4.1,4.0,2.0,4,0.0,0.0,0.0,4
135898,0,0,0.18049792366566167,2.0,43.4,21.7,3.0,3.0,3,0.0,0.0,3.0,1
135905,0,0,0.2112522492665492,1.0,6.8,6.8,3.0,2.0,6,0.0,0.0,3.0,3
135912,0,0,0.3048534263354543,1.0,12.2,12.2,1.0,2.0,5,0.0,0.0,0.0,4
135917,0,0,0.13396243125176285,3.0,87.9,29.3,4.666666666666667,4.0,6,0.0,0.0,2.0,4
135922,0,0,0.16123462782672976,4.0,87.0,21.75,2.75,5.0,10,0.0,0.0,3.0,4
135924,0,0,0.17561040760391258,4.0,72.5,18.125,3.25,5.0,8,0.0,0.0,3.0,4
135926,0,0,0.2788704741941295,1.0,2.6,2.6,2.0,2.0,12,0.0,0.0,1.0,4
135930,1,0,0.2637098583729492,6.0,80.9,13.483333333333334,2.6666666666666665,6.0,14,0.0,0.0,1.0,3
135940,0,0,0.2167005810550188,4.0,80.1,20.025,1.0,5.0,14,0.0,0.0,2.0,3
135943,0,0,0.3141122083509153,3.0,24.2,8.066666666666666,1.6666666666666667,5.0,16,0.0,0.0,1.0,4
135948,0,0,0.2550603009441022,1.0,26.1,26.1,3.0,2.0,9,0.0,0.0,0.0,1
135951,0,0,0.2316082614891874,5.0,70.3,14.059999999999999,2.6,6.0,8,0.0,0.0,2.0,4
135955,0,0,0.19796293662085251,1.0,29.3,29.3,5.0,2.0,3,0.0,0.0,1.0,4
135958,0,0,0.01723283751224036,5.0,226.6,45.32,4.6,6.0,9,0.0,0.0,10.0,4
135959,0,0,0.1634447963903633,3.0,64.7,21.566666666666666,4.666666666666667,4.0,6,0.0,0.0,2.0,3
135960,0,0,0.29074803363398055,2.0,13.4,6.7,3.0,3.0,5,0.0,0.0,0.0,4
135974,1,0,0.2864217435758261,0.0,0.0,0.0,0.0,1.0,16,0.0,0.0,1.0,4
135975,0,0,0.27944024367337206,2.0,29.700000000000003,14.850000000000001,2.0,3.0,7,0.0,0.0,0.0,1
135978,0,0,0.11484773687754478,5.0,78.7,15.74,4.2,8.0,17,1.0,4.99,8.0,4
135980,0,0,0.07572518457275804,5.0,132.8,26.560000000000002,4.2,6.0,8,0.0,0.0,6.0,4
135993,0,0,0.1307379238162391,3.0,97.80000000000001,32.6,4.333333333333333,4.0,15,0.0,0.0,2.0,4
135994,0,0,0.2952642135589378,2.0,15.200000000000001,7.6000000000000005,2.5,3.0,6,0.0,0.0,0.0,1
135997,0,0,0.1162711764749513,3.0,80.0,26.666666666666668,5.0,4.0,8,0.0,0.0,4.0,4
136007,0,0,0.1846806603190998,5.0,73.4,14.680000000000001,4.0,6.0,9,0.0,0.0,3.0,1
136017,1,0,0.06728464629918521,6.0,158.5,26.416666666666668,4.333333333333333,6.0,14,1.0,9.99,6.0,1
136018,0,0,0.12581412386610547,3.0,72.0,24.0,4.666666666666667,4.0,3,0.0,0.0,4.0,4
136019,0,0,0.2775181014267793,2.0,9.7,4.85,2.0,5.0,17,0.0,0.0,2.0,1
136022,0,0,0.28778073838496293,1.0,3.8,3.8,2.0,2.0,0,0.0,0.0,0.0,3
136023,0,0,0.27090428360030405,2.0,32.4,16.2,2.0,3.0,3,0.0,0.0,0.0,1
136039,0,0,0.10061469173740498,3.0,87.6,29.2,3.3333333333333335,4.0,4,0.0,0.0,6.0,4
136043,0,0,0.17315318760667406,2.0,32.4,16.2,3.0,4.0,17,0.0,0.0,5.0,4
136047,0,0,0.2079785447535257,2.0,39.2,19.6,3.0,3.0,7,0.0,0.0,2.0,3
136059,0,0,0.260498790382375,2.0,4.7,2.35,2.0,3.0,7,0.0,0.0,3.0,4
136066,0,0,0.08018335997096666,6.0,141.1,23.516666666666666,4.166666666666667,6.0,11,0.0,0.0,6.0,2
136068,0,0,0.09396982195951685,5.0,133.3,26.660000000000004,2.8,6.0,8,0.0,0.0,5.0,4
136080,0,0,0.20988428592562705,2.0,23.200000000000003,11.600000000000001,4.5,3.0,11,0.0,0.0,2.0,1
136081,0,0,0.12686609265073248,4.0,86.4,21.6,3.25,5.0,8,0.0,0.0,5.0,2
136082,0,0,0.2846681873166138,3.0,40.5,13.5,2.3333333333333335,4.0,12,0.0,0.0,0.0,2
136083,0,0,0.0693528476579197,5.0,103.2,20.64,3.0,6.0,10,0.0,0.0,11.0,4
136085,0,0,0.1813978469796103,1.0,32.7,32.7,5.0,2.0,7,0.0,0.0,2.0,4
136093,0,0,0.12107967361560465,3.0,108.3,36.1,3.6666666666666665,4.0,6,0.0,0.0,2.0,4
136113,0,0,0.2544386569516025,1.0,1.3,1.3,3.0,2.0,4,0.0,0.0,1.0,4
136115,0,0,0.22993740850102154,1.0,46.1,46.1,3.0,2.0,0,0.0,0.0,0.0,1
136124,0,0,0.034883171386367595,4.0,177.5,44.375,4.75,5.0,17,1.0,4.99,8.0,2
136135,0,0,0.2593556960908821,1.0,7.7,7.7,4.0,4.0,16,0.0,0.0,0.0,3
136138,0,0,0.29160011583127377,1.0,26.6,26.6,1.0,2.0,6,0.0,0.0,0.0,4
136140,0,0,0.23885906807714505,4.0,59.5,14.875,3.0,5.0,11,0.0,0.0,1.0,1
136142,0,0,0.29186353227988615,2.0,26.5,13.25,1.5,3.0,3,0.0,0.0,0.0,2
136144,0,0,0.15714392144759737,6.0,95.6,15.933333333333332,2.8333333333333335,6.0,8,0.0,0.0,5.0,4
136161,0,0,0.12052929995669452,9.0,130.6,14.511111111111111,4.111111111111111,10.0,17,1.0,1.99,8.0,1
136164,0,0,0.2075991913065688,1.0,37.1,37.1,5.0,2.0,0,0.0,0.0,0.0,4
136168,0,0,0.2908324305892028,1.0,7.6,7.6,2.0,2.0,6,0.0,0.0,0.0,4
136169,0,0,0.2002766820167657,2.0,31.9,15.95,3.5,4.0,17,0.0,0.0,3.0,4
136181,0,0,0.19888838179869445,6.0,62.900000000000006,10.483333333333334,4.0,6.0,14,0.0,0.0,5.0,1
136203,0,0,0.2584166938877774,4.0,38.1,9.525,3.0,5.0,5,0.0,0.0,2.0,3
136209,0,0,0.15804378255162796,1.0,56.6,56.6,3.0,2.0,3,0.0,0.0,4.0,4
136212,0,0,0.003942927079609804,6.0,340.2,56.699999999999996,5.333333333333333,6.0,9,0.0,0.0,12.0,4
136224,0,0,0.3029041898000109,2.0,15.3,7.65,2.0,3.0,4,0.0,0.0,0.0,1
136231,0,0,0.2097317327250349,1.0,18.3,18.3,4.0,2.0,11,0.0,0.0,2.0,4
136242,0,0,0.28593298256813665,1.0,8.7,8.7,2.0,2.0,3,0.0,0.0,0.0,3
136244,0,0,0.26193787157455184,1.0,12.8,12.8,2.0,2.0,4,0.0,0.0,1.0,4
136272,0,0,0.2740705934367272,3.0,33.3,11.1,2.6666666666666665,6.0,18,0.0,0.0,1.0,2
136282,0,0,0.030899381145419843,7.0,129.7,18.52857142857143,3.857142857142857,7.0,10,0.0,0.0,18.0,4
136283,1,0,0.22188627044260492,2.0,29.2,14.6,3.5,4.0,16,0.0,0.0,2.0,4
136294,0,0,0.23009535972683595,2.0,50.599999999999994,25.299999999999997,3.0,3.0,9,0.0,0.0,0.0,3
136300,0,0,0.2496500268480841,5.0,67.8,13.559999999999999,2.2,6.0,15,0.0,0.0,2.0,4
136307,0,0,0.2516511196701635,1.0,17.1,17.1,4.0,2.0,16,0.0,0.0,0.0,1
136308,0,0,0.1898668265849278,4.0,77.3,19.325,3.0,5.0,11,0.0,0.0,2.0,4
136315,1,0,0.3115632999238951,0.0,0.0,0.0,0.0,1.0,18,0.0,0.0,0.0,4
136317,0,0,0.17552393930301005,2.0,30.2,15.1,6.5,3.0,14,0.0,0.0,2.0,4
136320,0,0,0.31604877770941836,1.0,9.1,9.1,1.0,2.0,13,0.0,0.0,0.0,4
136323,0,0,0.1738667551277175,3.0,48.5,16.166666666666668,4.666666666666667,4.0,9,0.0,0.0,3.0,4
136327,0,0,0.1211493002536647,3.0,82.9,27.633333333333336,3.0,4.0,8,0.0,0.0,5.0,4
136340,0,0,0.18430473300804878,3.0,36.7,12.233333333333334,4.333333333333333,6.0,18,0.0,0.0,4.0,4
136353,0,0,0.26053602560223005,2.0,15.5,7.75,2.5,6.0,18,0.0,0.0,2.0,4
136362,0,0,0.13519441907267174,6.0,120.7,20.116666666666667,4.5,6.0,13,1.0,4.99,3.0,2
136363,0,0,0.12788176264884546,4.0,109.0,27.25,3.25,6.0,15,0.0,0.0,3.0,4
136367,0,0,0.19210386254815734,2.0,23.700000000000003,11.850000000000001,4.5,3.0,9,0.0,0.0,3.0,4
136380,0,0,0.21768279635010354,1.0,3.6,3.6,6.0,2.0,0,0.0,0.0,0.0,3
136389,0,0,0.2750515943800093,2.0,8.6,4.3,3.0,3.0,3,0.0,0.0,1.0,4
136391,0,0,0.24026604574269192,3.0,30.7,10.233333333333333,4.333333333333333,4.0,6,0.0,0.0,1.0,1
136395,0,0,0.20735850925981505,1.0,27.8,27.8,5.0,5.0,18,0.0,0.0,1.0,4
136396,0,0,0.10849285675631265,5.0,85.0,17.0,4.8,6.0,12,0.0,0.0,7.0,4
136402,0,0,0.39523427790843974,4.0,18.0,4.5,1.5,5.0,16,0.0,0.0,0.0,2
136428,0,0,0.13040702970412602,5.0,119.1,23.82,6.4,6.0,8,0.0,0.0,0.0,2
136432,0,0,0.31055463833229996,0.0,0.0,0.0,0.0,1.0,17,0.0,0.0,0.0,4
136438,0,0,0.22014103561529574,6.0,53.6,8.933333333333334,2.5,6.0,11,0.0,0.0,6.0,2
136442,0,0,0.26674704753872175,1.0,7.2,7.2,3.0,2.0,0,0.0,0.0,0.0,4
136463,1,0,0.2640055840337374,3.0,43.800000000000004,14.600000000000001,3.3333333333333335,4.0,17,0.0,0.0,0.0,2
136466,0,0,0.05446341256109768,3.0,150.3,50.1,7.0,4.0,3,0.0,0.0,3.0,3
136468,0,0,0.16029934498014278,5.0,90.9,18.18,4.0,6.0,13,0.0,0.0,3.0,3
136469,0,0,0.18523967838594946,3.0,63.0,21.0,4.666666666666667,4.0,11,0.0,0.0,1.0,3
136483,0,0,0.20396074940353737,3.0,28.4,9.466666666666667,4.666666666666667,4.0,13,1.0,19.99,3.0,1
136488,0,0,0.14060243221307644,2.0,63.0,31.5,5.5,3.0,2,0.0,0.0,2.0,2
136494,0,0,0.10185915417608746,5.0,94.1,18.82,4.6,6.0,16,0.0,0.0,7.0,3
136500,0,0,0.1538801711441947,5.0,89.0,17.8,4.8,6.0,14,0.0,0.0,3.0,3
136505,0,0,0.25705317432853997,2.0,26.9,13.45,2.5,3.0,8,0.0,0.0,1.0,4
136507,0,0,0.27105401616812713,2.0,22.3,11.15,3.5,3.0,11,0.0,0.0,0.0,4
136508,0,0,0.03870654497210808,5.0,215.39999999999998,43.08,5.2,6.0,6,0.0,0.0,3.0,4
136509,0,0,0.030037038364937388,6.0,240.8,40.13333333333333,4.0,6.0,12,0.0,0.0,5.0,1
136514,0,0,0.14266413999010188,2.0,53.0,26.5,4.0,3.0,2,0.0,0.0,4.0,4
136523,0,0,0.2123360955548244,3.0,35.0,11.666666666666666,3.6666666666666665,6.0,17,0.0,0.0,3.0,2
136530,0,0,0.26580548953084904,2.0,22.5,11.25,1.0,3.0,4,0.0,0.0,2.0,3
136533,1,0,0.22754649200713606,6.0,87.5,14.583333333333334,2.8333333333333335,7.0,17,0.0,0.0,2.0,3
136536,0,0,0.26587386164322246,1.0,2.0,2.0,1.0,2.0,4,0.0,0.0,2.0,1
136549,0,0,0.2589061162603286,3.0,33.0,11.0,2.3333333333333335,4.0,14,0.0,0.0,2.0,3
136556,0,0,0.11404640615184947,4.0,73.4,18.35,3.75,5.0,7,0.0,0.0,7.0,4
136562,0,0,0.23543158184287158,1.0,19.8,19.8,4.0,2.0,0,0.0,0.0,0.0,1
136592,0,0,0.21749372081027976,3.0,33.099999999999994,11.033333333333331,3.6666666666666665,5.0,17,0.0,0.0,3.0,3
136598,0,0,0.09683181573207925,5.0,119.7,23.94,4.2,6.0,10,0.0,0.0,5.0,4
136602,0,0,0.18286853474463502,2.0,41.2,20.6,5.5,3.0,2,0.0,0.0,1.0,4
136622,1,0,0.24718389010356678,2.0,15.100000000000001,7.550000000000001,2.0,4.0,15,0.0,0.0,3.0,2
136623,0,0,0.12510212641073312,4.0,103.5,25.875,3.0,5.0,14,0.0,0.0,4.0,4
136635,0,0,0.2506653933744464,1.0,4.2,4.2,4.0,2.0,0,0.0,0.0,0.0,3
136654,0,0,0.37404075261605274,5.0,34.1,6.82,2.2,6.0,11,0.0,0.0,0.0,4
136671,0,0,0.1446802538205495,7.0,119.6,17.085714285714285,4.142857142857143,7.0,11,1.0,4.99,4.0,1
136675,0,0,0.22074096703859555,2.0,25.900000000000002,12.950000000000001,4.0,3.0,7,1.0,1.99,2.0,4
136680,0,0,0.16299967144320973,2.0,45.8,22.9,6.5,3.0,1,0.0,0.0,1.0,4
136682,0,0,0.13547984365298726,2.0,68.4,34.2,2.5,3.0,12,0.0,0.0,5.0,4
136683,0,0,0.1740287369093598,3.0,34.4,11.466666666666667,5.333333333333333,6.0,18,0.0,0.0,4.0,4
136684,0,0,0.2831205049314001,1.0,9.6,9.6,2.0,2.0,0,0.0,0.0,0.0,4
136707,0,0,0.2712142042107541,4.0,31.0,7.75,4.75,5.0,5,1.0,4.99,1.0,4
136715,0,0,0.19738097632507848,2.0,68.0,34.0,2.0,3.0,5,0.0,0.0,1.0,2
136724,0,0,0.2148587207598193,1.0,5.5,5.5,5.0,2.0,2,0.0,0.0,1.0,3
136728,0,0,0.07409983909210521,8.0,176.6,22.075,3.875,8.0,12,0.0,0.0,6.0,1
136730,0,0,0.17090727158421348,1.0,32.2,32.2,6.0,2.0,11,0.0,0.0,2.0,4
136741,0,0,0.24568162192402748,2.0,38.3,19.15,3.5,3.0,14,0.0,0.0,0.0,3
136742,0,0,0.2075539956826881,3.0,34.8,11.6,1.6666666666666667,4.0,13,0.0,0.0,5.0,4
136746,0,0,0.14356950669217766,4.0,58.7,14.675,2.75,5.0,10,0.0,0.0,7.0,3
136770,0,0,0.31050132711436396,1.0,3.6,3.6,1.0,2.0,2,0.0,0.0,0.0,4
136780,0,0,0.17013061660216397,4.0,51.7,12.925,2.75,5.0,12,0.0,0.0,6.0,4
136796,0,0,0.061450122695725036,5.0,107.2,21.44,4.2,6.0,16,0.0,0.0,11.0,4
136811,0,0,0.13358264263529243,3.0,86.1,28.7,5.0,4.0,8,0.0,0.0,2.0,4
136817,0,0,0.24388250619792726,1.0,31.7,31.7,3.0,2.0,0,0.0,0.0,0.0,3
136825,0,0,0.20597843004902605,2.0,11.1,5.55,5.5,3.0,3,0.0,0.0,2.0,1
136829,0,0,0.021243385560410867,7.0,229.6,32.8,3.857142857142857,9.0,18,0.0,0.0,11.0,4
136842,0,0,0.18493336969448979,2.0,67.6,33.8,3.0,3.0,7,0.0,0.0,1.0,2
136850,0,0,0.0741484437171819,3.0,112.10000000000001,37.36666666666667,7.666666666666667,4.0,2,0.0,0.0,3.0,4
136854,0,0,0.23091898754927212,2.0,59.0,29.5,2.0,3.0,5,0.0,0.0,0.0,4
136862,0,0,0.10825970226676485,4.0,120.4,30.1,3.5,5.0,5,0.0,0.0,3.0,4
136869,0,0,0.10814630927587972,4.0,123.5,30.875,3.25,5.0,7,0.0,0.0,3.0,4
136870,0,0,0.19309363853841768,4.0,76.7,19.175,3.0,5.0,15,0.0,0.0,2.0,3
136878,0,0,0.21600752161270972,2.0,49.900000000000006,24.950000000000003,2.5,3.0,3,0.0,0.0,1.0,4
136892,0,0,0.14906301846886919,4.0,54.8,13.7,5.0,5.0,7,0.0,0.0,5.0,4
136899,0,0,0.30105920503168454,1.0,0.2,0.2,2.0,2.0,9,0.0,0.0,0.0,4
136908,0,0,0.27132998875025593,3.0,56.1,18.7,1.3333333333333333,4.0,13,0.0,0.0,0.0,1
136910,0,0,0.1580694693710063,3.0,56.3,18.766666666666666,4.0,4.0,12,0.0,0.0,4.0,4
136911,0,0,0.17610682561746446,3.0,38.800000000000004,12.933333333333335,3.0,4.0,6,0.0,0.0,5.0,3
136913,0,0,0.07838215373357704,4.0,110.0,27.5,4.25,5.0,16,0.0,0.0,7.0,2
136918,0,0,0.2347117926161031,5.0,69.5,13.9,3.8,6.0,13,0.0,0.0,1.0,1
136919,0,0,0.2842605570650337,1.0,10.5,10.5,2.0,2.0,5,0.0,0.0,0.0,1
136936,0,0,0.24768884626656806,2.0,30.900000000000002,15.450000000000001,2.5,3.0,5,0.0,0.0,1.0,4
136944,0,0,0.31414352340489526,4.0,23.299999999999997,5.824999999999999,2.25,5.0,6,1.0,4.99,2.0,3
136965,0,0,0.20082999221716888,2.0,52.400000000000006,26.200000000000003,3.0,3.0,1,0.0,0.0,1.0,1
136966,1,0,0.317143719627998,4.0,30.8,7.7,2.5,6.0,17,0.0,0.0,1.0,3
136974,0,0,0.2208947937272634,5.0,70.10000000000001,14.020000000000001,2.2,6.0,12,0.0,0.0,3.0,2
136979,1,0,0.19740458759108212,1.0,3.3,3.3,5.0,2.0,1,1.0,49.99,1.0,4
136988,0,0,0.17527274463236997,4.0,61.2,15.3,4.5,5.0,7,0.0,0.0,3.0,3
136991,0,0,0.13604042302577166,5.0,73.7,14.74,4.4,6.0,8,0.0,0.0,6.0,4
137000,0,0,0.2764424222847826,1.0,3.8,3.8,3.0,2.0,7,0.0,0.0,0.0,4
137007,0,0,0.2919367276584296,1.0,10.5,10.5,1.0,3.0,17,0.0,0.0,1.0,2
137010,1,0,0.24345071659968567,2.0,27.9,13.95,4.5,4.0,15,0.0,0.0,0.0,1
137016,0,0,0.13549140073444677,3.0,76.30000000000001,25.433333333333337,3.3333333333333335,4.0,4,0.0,0.0,4.0,4
137020,0,0,0.3248801822992861,4.0,36.099999999999994,9.024999999999999,2.25,5.0,8,0.0,0.0,0.0,2
137021,0,0,0.11751989449150567,4.0,76.0,19.0,5.25,5.0,5,0.0,0.0,5.0,2
137023,0,0,0.11093654796727713,6.0,131.70000000000002,21.950000000000003,5.0,6.0,10,0.0,0.0,3.0,2
137024,0,0,0.07468099933663613,6.0,162.3,27.05,4.666666666666667,6.0,11,0.0,0.0,4.0,1
137026,0,0,0.2524984999643624,3.0,45.7,15.233333333333334,3.6666666666666665,4.0,15,0.0,0.0,0.0,2
137033,0,0,0.19884863463141403,2.0,55.0,27.5,2.0,3.0,4,0.0,0.0,2.0,4
137051,0,0,0.21717394373374557,2.0,37.2,18.6,2.5,3.0,4,0.0,0.0,2.0,4
137066,0,0,0.11848401502740459,2.0,79.7,39.85,4.0,3.0,7,0.0,0.0,4.0,4
137076,0,0,0.2907500682247264,1.0,3.7,3.7,2.0,2.0,2,0.0,0.0,0.0,4
137079,0,0,0.2830207017556932,2.0,19.8,9.9,2.0,4.0,16,0.0,0.0,1.0,2
137094,0,0,0.0130973811758792,7.0,232.4,33.2,6.285714285714286,7.0,13,0.0,0.0,13.0,4
137101,0,0,0.02319187878865953,4.0,172.4,43.1,5.75,5.0,12,0.0,0.0,11.0,4
137109,0,0,0.12247656183162342,4.0,76.7,19.175,2.75,5.0,12,0.0,0.0,7.0,4
137111,0,0,0.26168567639752965,1.0,2.9,2.9,3.0,3.0,16,0.0,0.0,1.0,3
137139,1,0,0.251871595080212,5.0,50.8,10.16,3.0,7.0,16,1.0,9.99,3.0,1
137142,0,0,0.2866884286296059,2.0,14.6,7.3,3.0,3.0,5,0.0,0.0,0.0,2
137146,0,0,0.2399004743087179,3.0,43.5,14.5,3.0,4.0,7,0.0,0.0,1.0,1
137153,0,0,0.013848081188290454,7.0,226.2,32.31428571428571,5.285714285714286,7.0,14,0.0,0.0,14.0,3
137161,0,0,0.2590339214450839,1.0,38.4,38.4,2.0,2.0,3,0.0,0.0,0.0,4
137171,1,0,0.05676492440986235,5.0,162.0,32.4,4.2,6.0,13,0.0,0.0,6.0,4
137182,0,0,0.17573945808461847,2.0,39.5,19.75,5.0,3.0,4,0.0,0.0,2.0,2
137185,0,0,0.19440168073179342,2.0,34.900000000000006,17.450000000000003,2.0,3.0,10,0.0,0.0,4.0,1
137186,0,0,0.25765706653736065,2.0,39.0,19.5,2.5,3.0,8,0.0,0.0,0.0,4
137190,0,0,0.20367280034563354,3.0,52.3,17.433333333333334,4.333333333333333,4.0,8,0.0,0.0,1.0,1
137198,0,0,0.3126442280054076,2.0,10.100000000000001,5.050000000000001,2.0,3.0,1,0.0,0.0,0.0,4
137201,0,0,0.14715387894574283,4.0,76.8,19.2,5.0,5.0,8,0.0,0.0,3.0,4
137208,0,0,0.04433863677479103,5.0,169.0,33.8,5.2,6.0,18,0.0,0.0,7.0,4
137212,0,0,0.13198611737178007,6.0,86.9,14.483333333333334,5.166666666666667,6.0,13,0.0,0.0,6.0,4
137213,0,0,0.2185744174246237,5.0,65.1,13.02,3.0,6.0,11,0.0,0.0,3.0,4
137225,0,0,0.26950958176032935,1.0,26.0,26.0,2.0,2.0,2,0.0,0.0,0.0,4
137229,0,0,0.1361970856924532,5.0,60.0,12.0,4.0,8.0,17,0.0,0.0,8.0,4
137238,0,0,0.24561610839152906,3.0,37.1,12.366666666666667,2.3333333333333335,4.0,7,0.0,0.0,2.0,4
137251,0,0,0.2467459806539246,1.0,10.6,10.6,4.0,2.0,1,0.0,0.0,0.0,4
137253,0,0,0.08143721521252349,4.0,141.0,35.25,4.25,6.0,17,1.0,1.99,4.0,3
137256,1,0,0.07650391435870563,5.0,88.3,17.66,6.2,6.0,15,0.0,0.0,9.0,2
137276,0,0,0.22125503773397576,2.0,41.9,20.95,2.0,3.0,8,0.0,0.0,2.0,4
137284,0,0,0.2468745840373663,2.0,43.0,21.5,1.5,3.0,8,0.0,0.0,1.0,3
137294,0,0,0.20782123460950822,3.0,45.7,15.233333333333334,1.6666666666666667,5.0,15,0.0,0.0,4.0,4
137295,1,0,0.22348936235701578,2.0,27.3,13.65,3.5,3.0,13,0.0,0.0,2.0,4
137304,0,0,0.18437661646867112,2.0,20.8,10.4,5.5,4.0,15,0.0,0.0,3.0,3
137307,0,0,0.2608337384161537,1.0,15.7,15.7,3.0,2.0,4,0.0,0.0,0.0,2
137315,0,0,0.15741808428310966,4.0,76.80000000000001,19.200000000000003,4.25,5.0,10,0.0,0.0,3.0,4
137318,0,0,0.17057428989153706,1.0,47.8,47.8,7.0,2.0,0,0.0,0.0,0.0,3
137331,0,0,0.19372894393068488,4.0,54.4,13.6,2.0,6.0,15,0.0,0.0,5.0,4
137333,0,0,0.2455913365340962,4.0,52.3,13.075,3.25,5.0,7,0.0,0.0,1.0,1
137339,0,0,0.13366775262711955,7.0,83.5,11.928571428571429,4.857142857142857,8.0,15,0.0,0.0,8.0,4
137341,0,0,0.12285276030832445,7.0,89.9,12.842857142857143,5.0,7.0,12,0.0,0.0,8.0,4
137342,0,0,0.13253769502196283,3.0,53.900000000000006,17.96666666666667,3.0,5.0,15,0.0,0.0,7.0,4
137349,0,0,0.04456720940697328,5.0,131.8,26.360000000000003,3.4,6.0,11,0.0,0.0,12.0,4
137356,0,0,0.3017410519014361,1.0,10.4,10.4,1.0,2.0,2,0.0,0.0,0.0,2
137367,0,0,0.17745038818244913,3.0,63.99999999999999,21.333333333333332,4.666666666666667,4.0,3,0.0,0.0,1.0,2
137368,0,0,0.05050703525629444,6.0,118.5,19.75,5.166666666666667,6.0,10,0.0,0.0,12.0,3
137369,1,0,0.24465018379514472,1.0,10.1,10.1,4.0,2.0,1,0.0,0.0,0.0,1
137372,0,0,0.213805596119668,2.0,51.9,25.95,2.5,3.0,4,0.0,0.0,1.0,4
137375,0,0,0.2703491867261164,4.0,45.6,11.4,2.75,5.0,8,0.0,0.0,1.0,2
137388,0,0,0.24499715750017617,1.0,11.6,11.6,4.0,2.0,0,0.0,0.0,0.0,4
137403,0,0,0.27296886794542796,2.0,7.5,3.75,4.5,3.0,5,0.0,0.0,0.0,4
137405,0,0,0.059876866037137884,6.0,102.9,17.150000000000002,5.333333333333333,6.0,12,0.0,0.0,12.0,4
137407,0,0,0.11517953094243805,3.0,108.5,36.166666666666664,4.666666666666667,6.0,18,0.0,0.0,2.0,3
137413,0,0,0.2307487728723362,4.0,54.2,13.55,4.0,5.0,7,0.0,0.0,1.0,3
137418,0,0,0.19385078826108582,6.0,92.5,15.416666666666666,4.5,6.0,10,1.0,1.99,2.0,1
137433,0,0,0.22595867683425103,1.0,15.2,15.2,5.0,2.0,1,0.0,0.0,0.0,4
137437,0,0,0.21799162772066255,5.0,83.8,16.759999999999998,2.2,6.0,18,0.0,0.0,2.0,2
137445,1,0,0.08374665241447297,3.0,72.4,24.133333333333336,3.6666666666666665,4.0,6,0.0,0.0,9.0,3
137452,0,0,0.030939785503012348,5.0,252.7,50.54,3.4,6.0,13,0.0,0.0,3.0,2
137453,0,0,0.1607627525924678,3.0,85.10000000000001,28.36666666666667,3.3333333333333335,4.0,14,1.0,4.99,2.0,1
137464,0,0,0.170704259548079,3.0,52.2,17.400000000000002,2.3333333333333335,4.0,13,0.0,0.0,5.0,4
137467,0,0,0.1393941930589691,3.0,84.5,28.166666666666668,3.6666666666666665,4.0,12,0.0,0.0,3.0,4
137480,0,0,0.09062115098206845,6.0,99.5,16.583333333333332,5.666666666666667,8.0,17,0.0,0.0,8.0,1
137485,0,0,0.0662610673975534,7.0,135.79999999999998,19.4,4.142857142857143,7.0,14,0.0,0.0,10.0,3
137487,1,0,0.20745800907319528,4.0,79.0,19.75,1.75,6.0,15,0.0,0.0,2.0,4
137488,0,0,0.2043396103257149,2.0,53.099999999999994,26.549999999999997,3.0,3.0,5,0.0,0.0,1.0,3
137494,0,0,0.20095945955636701,2.0,72.1,36.05,2.5,3.0,2,0.0,0.0,0.0,4
137495,0,0,0.10421434238733647,3.0,48.599999999999994,16.2,5.333333333333333,4.0,14,0.0,0.0,8.0,4
137497,0,0,0.14576329038846642,5.0,89.0,17.8,4.0,6.0,10,0.0,0.0,4.0,1
137501,1,0,0.03576530886997928,5.0,176.20000000000002,35.24,4.0,6.0,11,0.0,0.0,9.0,4
137508,0,0,0.09664132130785007,5.0,112.9,22.580000000000002,5.0,6.0,9,0.0,0.0,5.0,4
137513,1,0,0.1904976397159802,2.0,41.0,20.5,4.0,3.0,6,0.0,0.0,2.0,4
137523,0,0,0.12418618541829426,2.0,74.4,37.2,3.0,3.0,12,0.0,0.0,5.0,4
137526,1,0,0.11383618707172745,4.0,121.5,30.375,4.0,5.0,6,0.0,0.0,2.0,4
137534,0,0,0.2553117924070632,2.0,23.9,11.95,1.5,3.0,5,0.0,0.0,2.0,3
137538,0,0,0.11752582527953066,4.0,102.3,25.575,3.75,5.0,11,0.0,0.0,4.0,4
137546,0,0,0.12511405897154004,3.0,57.8,19.266666666666666,3.0,4.0,10,0.0,0.0,7.0,2
137550,0,0,0.20678830170395335,1.0,32.9,32.9,3.0,2.0,2,0.0,0.0,2.0,4
137556,0,0,0.05838676736086154,8.0,173.29999999999998,21.662499999999998,3.625,8.0,12,0.0,0.0,9.0,4
137569,0,0,0.21636466170808222,1.0,7.6,7.6,5.0,2.0,6,0.0,0.0,1.0,3
137571,0,0,0.2761812116010258,1.0,14.3,14.3,1.0,2.0,2,0.0,0.0,1.0,3
137573,0,0,0.14291718289336514,3.0,63.0,21.0,4.333333333333333,4.0,9,0.0,0.0,4.0,3
137579,0,0,0.18143234404715866,5.0,70.1,14.02,3.8,6.0,14,0.0,0.0,4.0,3
137581,0,0,0.08934587797669534,7.0,163.7,23.385714285714283,4.142857142857143,7.0,14,0.0,0.0,4.0,1
137612,0,0,0.22979972313470448,3.0,76.9,25.633333333333336,1.6666666666666667,4.0,15,0.0,0.0,0.0,4
137616,0,0,0.06313772863271644,4.0,166.6,41.65,2.5,6.0,16,0.0,0.0,5.0,4
137619,0,0,0.1863104173202814,3.0,75.2,25.066666666666666,3.0,4.0,6,0.0,0.0,1.0,3
137621,0,0,0.2891406041347986,2.0,36.4,18.2,1.0,3.0,7,0.0,0.0,0.0,4
137629,0,0,0.27564934427794935,2.0,20.4,10.2,2.0,3.0,7,0.0,0.0,1.0,3
137634,0,0,0.013752744620214311,9.0,180.3,20.033333333333335,3.888888888888889,9.0,13,0.0,0.0,23.0,4
137645,0,0,0.05290744714948853,4.0,175.8,43.95,3.25,5.0,13,0.0,0.0,5.0,2
137650,1,0,0.2076656801751286,6.0,112.80000000000001,18.8,3.1666666666666665,6.0,14,0.0,0.0,0.0,2
137654,0,0,0.15794803342525593,2.0,84.6,42.3,4.5,3.0,3,0.0,0.0,0.0,4
137665,0,0,0.1775989315203676,2.0,34.9,17.45,2.0,3.0,7,0.0,0.0,5.0,4
137680,0,0,0.25174007547854327,2.0,38.8,19.4,2.5,3.0,1,0.0,0.0,0.0,4
137681,1,0,0.2800570789845521,1.0,12.9,12.9,2.0,2.0,3,0.0,0.0,0.0,1
137682,0,0,0.23681913779526648,2.0,18.1,9.05,4.5,3.0,8,0.0,0.0,1.0,4
137688,0,0,0.189428282532019,3.0,41.5,13.833333333333334,3.3333333333333335,4.0,13,0.0,0.0,4.0,4
137695,0,0,0.24429525138693836,1.0,13.4,13.4,4.0,2.0,1,0.0,0.0,0.0,4
137700,0,0,0.1475777254318853,5.0,31.4,6.279999999999999,4.0,6.0,12,0.0,0.0,10.0,4
137708,0,0,0.03580243386596854,8.0,230.3,28.7875,5.25,8.0,13,0.0,0.0,6.0,1
137713,0,0,0.18299095499464263,3.0,61.599999999999994,20.53333333333333,2.6666666666666665,4.0,13,0.0,0.0,3.0,2
137718,0,0,0.184747953488703,3.0,68.3,22.766666666666666,3.6666666666666665,4.0,2,0.0,0.0,1.0,3
137722,0,0,0.06645442280134417,3.0,135.6,45.199999999999996,3.0,4.0,6,0.0,0.0,6.0,4
137740,0,0,0.19814898957007188,2.0,39.7,19.85,3.5,3.0,4,0.0,0.0,2.0,4
137741,0,0,0.1002249805205573,3.0,138.89999999999998,46.29999999999999,2.3333333333333335,4.0,4,0.0,0.0,2.0,1
137756,1,0,0.27232602604742157,3.0,19.900000000000002,6.633333333333334,3.0,6.0,18,0.0,0.0,2.0,1
137771,0,0,0.2486065938166196,2.0,12.5,6.25,4.5,3.0,13,0.0,0.0,1.0,2
137775,0,0,0.03241879029994025,6.0,186.8,31.133333333333336,2.8333333333333335,6.0,10,0.0,0.0,11.0,4
137776,0,0,0.21330235868441672,4.0,71.69999999999999,17.924999999999997,2.25,5.0,15,0.0,0.0,2.0,3
137777,0,0,0.26400089863630255,9.0,96.5,10.722222222222221,3.6666666666666665,9.0,13,0.0,0.0,3.0,4
137780,0,0,0.26601866708136346,3.0,40.5,13.5,3.3333333333333335,4.0,12,0.0,0.0,0.0,2
137782,0,0,0.1774164689389985,2.0,17.0,8.5,5.0,3.0,11,0.0,0.0,4.0,2
137783,0,0,0.253053604794497,5.0,42.5,8.5,3.8,6.0,13,0.0,0.0,3.0,4
137785,1,0,0.1491182831714651,4.0,81.8,20.45,3.25,6.0,15,0.0,0.0,4.0,2
137788,0,0,0.11059438478367252,5.0,94.5,18.9,4.8,6.0,17,0.0,0.0,6.0,3
137794,0,0,0.12745556637761038,4.0,84.9,21.225,4.75,5.0,10,0.0,0.0,4.0,4
137804,0,0,0.08984095463945632,3.0,131.5,43.833333333333336,5.666666666666667,4.0,2,0.0,0.0,1.0,4
137809,0,0,0.007596027787720322,8.0,296.9,37.1125,6.5,8.0,13,0.0,0.0,12.0,1
137812,0,0,0.15180238797537432,4.0,92.80000000000001,23.200000000000003,4.25,6.0,16,0.0,0.0,2.0,4
137813,0,0,0.23979789876075921,2.0,28.2,14.1,3.0,3.0,5,1.0,49.99,0.0,1
137818,0,0,0.24942830306749722,2.0,11.600000000000001,5.800000000000001,3.0,3.0,4,0.0,0.0,2.0,4
137844,1,0,0.13586287221782056,4.0,125.7,31.425,4.0,6.0,16,0.0,0.0,0.0,1
137851,0,0,0.17989176476188654,2.0,64.6,32.3,2.0,5.0,18,1.0,9.99,3.0,4
137852,0,0,0.27202664786552505,4.0,17.799999999999997,4.449999999999999,2.75,6.0,16,0.0,0.0,4.0,3
137853,0,0,0.25176292235085623,1.0,44.5,44.5,2.0,2.0,1,0.0,0.0,0.0,4
137859,0,0,0.16209524896547328,6.0,58.9,9.816666666666666,3.6666666666666665,6.0,14,0.0,0.0,8.0,2
137860,0,0,0.15559616312742208,3.0,55.400000000000006,18.46666666666667,4.0,4.0,8,0.0,0.0,4.0,2
137882,0,0,0.20970158810684258,3.0,53.4,17.8,3.6666666666666665,4.0,4,0.0,0.0,1.0,2
137885,0,0,0.08190397048256624,5.0,138.6,27.72,5.0,6.0,9,0.0,0.0,4.0,4
137896,0,0,0.25904535132321094,4.0,18.2,4.55,2.25,5.0,14,0.0,0.0,5.0,4
137898,0,0,0.22989129440070896,2.0,31.1,15.55,2.5,3.0,10,0.0,0.0,2.0,2
137904,0,0,0.2544205993539677,4.0,59.8,14.95,3.0,5.0,6,0.0,0.0,0.0,1
137922,1,0,0.23595222767142612,4.0,63.099999999999994,15.774999999999999,3.0,5.0,15,0.0,0.0,1.0,2
137923,0,0,0.14777709750733503,1.0,60.2,60.2,5.0,2.0,6,0.0,0.0,3.0,4
137948,0,0,0.11645618039932558,4.0,96.0,24.0,4.75,5.0,14,0.0,0.0,4.0,4
137953,1,0,0.304645453170963,1.0,14.4,14.4,1.0,2.0,7,0.0,0.0,0.0,4
137958,0,0,0.14209812837359204,9.0,135.4,15.044444444444444,2.111111111111111,9.0,12,0.0,0.0,7.0,4
137959,0,0,0.10088076137800049,4.0,73.3,18.325,4.25,5.0,11,0.0,0.0,8.0,4
137981,0,0,0.27127751696994934,2.0,17.1,8.55,2.5,3.0,7,0.0,0.0,1.0,2
137983,0,0,0.299463802308298,2.0,16.1,8.05,2.5,3.0,11,0.0,0.0,0.0,2
138003,0,0,0.2102162483657302,2.0,29.3,14.65,4.0,3.0,13,0.0,0.0,2.0,1
138010,0,0,0.23369802613283633,2.0,27.8,13.9,4.0,4.0,16,0.0,0.0,1.0,2
138014,0,0,0.2971188766325067,1.0,15.0,15.0,1.0,2.0,0,0.0,0.0,0.0,4
138023,1,0,0.21285193591502513,3.0,59.900000000000006,19.96666666666667,4.333333333333333,4.0,10,0.0,0.0,0.0,4
138033,0,0,0.2228187386759286,2.0,23.3,11.65,4.5,3.0,1,0.0,0.0,1.0,4
138039,0,0,0.153534007397792,2.0,69.6,34.8,5.0,3.0,1,0.0,0.0,1.0,4
138052,0,0,0.21422622622957468,1.0,29.7,29.7,5.0,2.0,2,0.0,0.0,0.0,3
138054,0,0,0.13243591559514806,2.0,37.5,18.75,6.5,3.0,7,0.0,0.0,4.0,1
138078,0,0,0.2354185885236241,2.0,32.7,16.35,3.0,3.0,7,0.0,0.0,1.0,1
138090,0,0,0.10461042262665998,5.0,138.2,27.639999999999997,3.4,6.0,12,0.0,0.0,3.0,2
138092,0,0,0.20857795713154303,3.0,57.4,19.133333333333333,2.6666666666666665,4.0,5,1.0,1.99,2.0,2
138098,1,0,0.307545482275995,2.0,20.700000000000003,10.350000000000001,1.5,3.0,6,0.0,0.0,0.0,4
138127,0,0,0.285330399094424,1.0,6.4,6.4,2.0,2.0,2,0.0,0.0,0.0,1
138131,0,0,0.08944556273085123,5.0,159.2,31.839999999999996,2.6,6.0,10,0.0,0.0,3.0,2
138138,0,0,0.24765380255031902,3.0,28.8,9.6,3.3333333333333335,4.0,14,0.0,0.0,2.0,1
138147,0,0,0.24262595673523674,1.0,3.5,3.5,5.0,2.0,9,0.0,0.0,0.0,4
138157,0,0,0.23689091223733436,2.0,31.200000000000003,15.600000000000001,3.0,3.0,3,0.0,0.0,1.0,4
138168,0,0,0.23578538303779537,4.0,70.0,17.5,2.0,5.0,11,0.0,0.0,1.0,2
138172,1,0,0.2637983996679481,2.0,16.1,8.05,3.0,3.0,5,0.0,0.0,1.0,4
138173,0,0,0.15341840371872295,3.0,66.4,22.133333333333336,5.333333333333333,4.0,6,0.0,0.0,2.0,4
138177,0,0,0.29160593959159586,1.0,0.2,0.2,1.0,2.0,3,0.0,0.0,1.0,4
138192,0,0,0.2858931907909415,3.0,16.5,5.5,2.3333333333333335,4.0,6,0.0,0.0,2.0,4
138207,0,0,0.2898895780619698,4.0,45.300000000000004,11.325000000000001,1.75,5.0,9,0.0,0.0,1.0,1
138209,0,0,0.2550013226266576,3.0,25.700000000000003,8.566666666666668,4.333333333333333,4.0,9,0.0,0.0,1.0,4
138215,0,0,0.08241425696312389,4.0,120.2,30.05,3.5,5.0,11,0.0,0.0,6.0,4
138218,1,0,0.2090525742037995,2.0,52.0,26.0,3.0,3.0,10,0.0,0.0,1.0,2
138220,0,0,0.16434966724408942,3.0,79.1,26.366666666666664,4.0,4.0,4,0.0,0.0,1.0,1
138227,0,0,0.08756147657363603,6.0,145.4,24.233333333333334,3.8333333333333335,6.0,10,0.0,0.0,5.0,4
138235,0,0,0.20907153422906943,3.0,43.3,14.433333333333332,4.666666666666667,4.0,2,0.0,0.0,1.0,1
138243,0,0,0.2480254703551102,1.0,12.5,12.5,3.0,2.0,8,0.0,0.0,1.0,4
138244,0,0,0.011348263270288065,8.0,229.0,28.625,3.875,8.0,12,0.0,0.0,18.0,4
138245,0,0,0.1504059217159644,3.0,78.7,26.233333333333334,3.0,4.0,5,0.0,0.0,3.0,4
138249,0,0,0.2005855363936803,1.0,5.7,5.7,7.0,2.0,0,0.0,0.0,0.0,3
138266,0,0,0.2541037928898707,1.0,3.3,3.3,4.0,2.0,2,0.0,0.0,0.0,4
138268,0,0,0.27453512706044864,1.0,18.7,18.7,2.0,2.0,2,0.0,0.0,0.0,2
138273,0,0,0.040536187058911585,8.0,207.0,25.875,5.625,8.0,12,0.0,0.0,7.0,1
138281,0,0,0.17189376325180186,3.0,64.4,21.46666666666667,4.0,4.0,4,0.0,0.0,2.0,4
138283,0,0,0.11325353966942402,3.0,51.2,17.066666666666666,5.333333333333333,4.0,16,0.0,0.0,7.0,4
138284,0,0,0.2604753957052036,3.0,44.8,14.933333333333332,2.3333333333333335,4.0,17,0.0,0.0,1.0,4
138288,0,0,0.11436145384990659,5.0,88.4,17.68,3.4,6.0,5,0.0,0.0,7.0,4
138296,0,0,0.27781465987581205,2.0,19.5,9.75,3.0,3.0,3,0.0,0.0,0.0,4
138301,0,0,0.292148555496699,2.0,13.2,6.6,3.0,3.0,8,0.0,0.0,0.0,2
138305,0,0,0.2661893328079226,1.0,8.8,8.8,3.0,2.0,1,0.0,0.0,0.0,4
138313,0,0,0.1292273809242373,2.0,92.2,46.1,5.0,3.0,1,0.0,0.0,1.0,4
138315,0,0,0.19020467496797935,3.0,60.6,20.2,4.333333333333333,4.0,8,0.0,0.0,1.0,1
138316,0,0,0.13779997326146096,2.0,50.0,25.0,6.0,3.0,4,0.0,0.0,3.0,4
138317,0,0,0.18852557649324123,3.0,80.8,26.933333333333334,2.6666666666666665,5.0,18,0.0,0.0,1.0,1
138318,0,0,0.2521248130196226,1.0,9.5,9.5,4.0,2.0,6,0.0,0.0,0.0,4
138321,0,0,0.21888518402818338,2.0,32.199999999999996,16.099999999999998,4.0,3.0,3,0.0,0.0,1.0,4
138328,0,0,0.23027741072195448,1.0,28.8,28.8,4.0,2.0,0,0.0,0.0,0.0,4
138332,0,0,0.22589394679936342,2.0,22.900000000000002,11.450000000000001,4.5,3.0,4,0.0,0.0,1.0,4
138341,0,0,0.08791454318765965,7.0,105.6,15.085714285714285,3.5714285714285716,9.0,17,0.0,0.0,11.0,4
138343,0,0,0.2778147247575278,1.0,14.2,14.2,2.0,2.0,0,0.0,0.0,0.0,3
138357,0,0,0.12108303218917317,3.0,52.3,17.433333333333334,4.0,4.0,8,0.0,0.0,7.0,4
138365,1,0,0.16967103764357105,3.0,58.5,19.5,4.0,6.0,16,0.0,0.0,3.0,2
138368,0,0,0.23152251766007007,4.0,49.1,12.275,3.75,6.0,15,0.0,0.0,2.0,4
138371,0,0,0.011602717666823534,11.0,233.1,21.19090909090909,4.7272727272727275,10.0,12,0.0,0.0,21.0,4
138382,0,0,0.30606021956191287,1.0,10.0,10.0,1.0,2.0,4,0.0,0.0,0.0,4
138385,0,0,0.2558727738675075,3.0,28.000000000000004,9.333333333333334,3.0,4.0,12,0.0,0.0,2.0,4
138407,0,0,0.23050092593606175,3.0,41.9,13.966666666666667,3.0,4.0,13,0.0,0.0,2.0,4
138420,0,0,0.22799102122269177,2.0,30.9,15.45,1.5,3.0,10,0.0,0.0,3.0,3
138427,0,0,0.17970521427664515,3.0,54.0,18.0,3.3333333333333335,4.0,4,0.0,0.0,3.0,3
138442,0,0,0.16798959248416986,6.0,111.39999999999999,18.566666666666666,3.6666666666666665,6.0,13,0.0,0.0,2.0,1
138450,1,0,0.27196789434420787,4.0,40.6,10.15,3.5,5.0,13,0.0,0.0,1.0,2
138459,1,0,0.3500994598623976,3.0,14.0,4.666666666666667,2.3333333333333335,5.0,18,0.0,0.0,0.0,4
138462,0,0,0.27271801625277997,3.0,29.700000000000003,9.9,2.6666666666666665,4.0,4,0.0,0.0,1.0,4
138466,0,0,0.138331383963749,3.0,60.9,20.3,6.0,4.0,5,0.0,0.0,3.0,4
138478,0,0,0.2912306639939317,1.0,13.2,13.2,2.0,2.0,13,0.0,0.0,0.0,3
138481,0,0,0.1319510138328423,4.0,113.0,28.25,2.25,6.0,15,0.0,0.0,3.0,1
138483,0,0,0.2085495612214159,2.0,56.900000000000006,28.450000000000003,3.5,3.0,6,0.0,0.0,0.0,1
138489,0,0,0.17443382959574993,2.0,38.4,19.2,5.5,3.0,8,0.0,0.0,2.0,4
138491,0,0,0.19679416113870257,1.0,37.5,37.5,6.0,2.0,7,0.0,0.0,0.0,3
138503,0,0,0.2758400612338621,2.0,17.5,8.75,3.5,3.0,9,0.0,0.0,0.0,2
138506,0,0,0.20453319515205212,4.0,51.5,12.875,3.75,5.0,10,0.0,0.0,3.0,3
138509,0,0,0.09170209129608074,5.0,105.5,21.1,5.6,8.0,17,0.0,0.0,6.0,4
138514,0,0,0.23116950696976976,5.0,47.4,9.48,3.2,6.0,13,0.0,0.0,4.0,2
138521,0,0,0.2761687460210941,2.0,15.9,7.95,2.0,3.0,1,0.0,0.0,1.0,1
138527,0,0,0.2027730834571096,1.0,25.6,25.6,6.0,2.0,3,0.0,0.0,0.0,3
138543,1,0,0.22209152484866718,2.0,35.4,17.7,4.0,3.0,13,0.0,0.0,1.0,4
138549,0,0,0.313466866816441,1.0,2.7,2.7,1.0,2.0,5,0.0,0.0,0.0,3
138562,0,0,0.1989483841031909,3.0,59.1,19.7,4.333333333333333,5.0,17,0.0,0.0,1.0,2
138563,0,0,0.29268823431818813,1.0,13.7,13.7,2.0,2.0,15,0.0,0.0,0.0,3
138582,0,0,0.2005399009570306,4.0,79.5,19.875,2.75,5.0,5,0.0,0.0,1.0,1
138583,0,0,0.2764621840243334,1.0,13.7,13.7,2.0,2.0,0,0.0,0.0,0.0,1
138592,0,0,0.24966459840373764,2.0,7.8,3.9,3.5,3.0,8,0.0,0.0,2.0,3
138597,0,0,0.14242511399594238,4.0,95.5,23.875,3.5,6.0,15,0.0,0.0,3.0,4
138604,0,0,0.2434138916980309,1.0,17.4,17.4,4.0,2.0,4,0.0,0.0,0.0,4
138606,0,0,0.24336475137362726,3.0,26.6,8.866666666666667,3.6666666666666665,4.0,8,0.0,0.0,2.0,4
138608,0,0,0.20027676190131058,5.0,99.89999999999999,19.979999999999997,3.2,6.0,7,0.0,0.0,0.0,2
138613,0,0,0.24177776973563794,1.0,15.3,15.3,4.0,2.0,0,0.0,0.0,0.0,4
138617,0,0,0.1394524913327452,4.0,80.5,20.125,5.5,5.0,12,1.0,9.99,3.0,1
138619,0,0,0.1915840130571497,1.0,97.9,97.9,3.0,2.0,0,0.0,0.0,0.0,4
138620,0,0,0.22760662257681633,2.0,41.8,20.9,2.5,3.0,2,0.0,0.0,1.0,4
138621,0,0,0.22050568517870078,2.0,30.8,15.4,3.0,3.0,6,0.0,0.0,2.0,4
138627,0,0,0.3036808228494083,5.0,40.7,8.14,2.2,6.0,8,0.0,0.0,2.0,3
138647,0,0,0.11577770414042994,4.0,99.3,24.825,3.5,5.0,10,1.0,1.99,5.0,3
138654,0,0,0.26446656937857876,2.0,20.8,10.4,3.5,3.0,2,0.0,0.0,0.0,3
138658,0,0,0.28398440765575483,1.0,8.7,8.7,2.0,2.0,0,0.0,0.0,0.0,4
138662,0,0,0.18722765917982234,3.0,60.5,20.166666666666668,3.6666666666666665,4.0,11,0.0,0.0,2.0,4
138674,0,0,0.04207172803151226,5.0,195.3,39.06,4.4,6.0,7,0.0,0.0,5.0,4
138677,0,0,0.07732690251171652,3.0,103.6,34.53333333333333,6.0,4.0,7,0.0,0.0,5.0,4
138682,0,0,0.19792926803041344,5.0,80.89999999999999,16.18,3.4,6.0,7,0.0,0.0,2.0,4
138688,0,0,0.14160899257750298,4.0,95.0,23.75,3.25,5.0,8,0.0,0.0,3.0,2
138697,0,0,0.0789793955244309,5.0,128.4,25.68,4.4,6.0,12,0.0,0.0,6.0,3
138708,0,0,0.20525121901650428,2.0,48.6,24.3,4.5,3.0,4,0.0,0.0,0.0,3
138734,0,0,0.308429287828926,1.0,9.7,9.7,1.0,2.0,8,0.0,0.0,0.0,2
138736,0,0,0.13713635555469433,4.0,71.1,17.775,3.25,5.0,13,0.0,0.0,6.0,4
138738,0,0,0.21147707544443942,6.0,75.9,12.65,2.8333333333333335,6.0,13,0.0,0.0,4.0,4
138741,0,0,0.22553637409513438,2.0,24.4,12.2,3.0,3.0,3,0.0,0.0,2.0,1
138751,0,0,0.059980182063758485,3.0,97.7,32.56666666666667,7.0,4.0,5,0.0,0.0,7.0,2
138756,0,0,0.15506250011427866,4.0,103.2,25.8,4.75,5.0,10,0.0,0.0,0.0,1
138757,0,0,0.10784042171118056,6.0,104.2,17.366666666666667,4.333333333333333,6.0,14,0.0,0.0,7.0,4
138760,0,0,0.27607431382718145,1.0,18.0,18.0,2.0,2.0,1,0.0,0.0,0.0,4
138778,1,0,0.27475056581389656,1.0,20.4,20.4,2.0,2.0,2,0.0,0.0,0.0,4
138781,0,0,0.30671395246635746,1.0,4.4,4.4,1.0,2.0,0,0.0,0.0,0.0,3
138800,0,0,0.26348958037045167,4.0,48.8,12.2,2.75,5.0,8,0.0,0.0,1.0,2
138810,0,0,0.20462612494599797,2.0,55.2,27.6,2.0,3.0,12,0.0,0.0,2.0,4
138813,0,0,0.22250345965205592,1.0,20.4,20.4,5.0,2.0,2,0.0,0.0,0.0,4
138820,0,0,0.14596511042242682,2.0,53.7,26.85,4.0,3.0,9,0.0,0.0,4.0,4
138827,0,0,0.2989933200054154,1.0,14.1,14.1,1.0,2.0,1,0.0,0.0,0.0,4
138839,1,0,0.014973108334160486,8.0,283.5,35.4375,3.375,9.0,15,0.0,0.0,10.0,3
138843,0,0,0.06119830800878859,4.0,119.6,29.9,3.5,5.0,12,0.0,0.0,9.0,4
138846,0,0,0.11758900907143056,6.0,81.1,13.516666666666666,3.8333333333333335,7.0,16,0.0,0.0,9.0,4
138851,0,0,0.22583629506985187,3.0,27.0,9.0,3.3333333333333335,4.0,5,0.0,0.0,3.0,4
138856,1,0,0.25821490365379124,3.0,34.1,11.366666666666667,3.3333333333333335,4.0,12,0.0,0.0,1.0,3
138862,0,0,0.2440826915145246,2.0,21.5,10.75,3.5,3.0,3,0.0,0.0,1.0,4
138866,0,0,0.04366732634406164,4.0,159.9,39.975,4.75,5.0,8,0.0,0.0,7.0,4
138869,0,0,0.305371721476648,2.0,4.5,2.25,3.0,3.0,5,0.0,0.0,0.0,2
138876,0,0,0.2347292945573122,1.0,2.8,2.8,5.0,2.0,1,0.0,0.0,0.0,2
138883,0,0,0.14149922103444304,4.0,96.8,24.2,3.0,5.0,8,0.0,0.0,3.0,1
138884,0,0,0.24141003610253065,2.0,17.9,8.95,3.5,4.0,18,0.0,0.0,2.0,4
138888,0,0,0.16352347847030943,3.0,66.0,22.0,3.3333333333333335,4.0,5,0.0,0.0,3.0,4
138891,0,0,0.27805387162009043,4.0,37.5,9.375,2.25,5.0,9,0.0,0.0,2.0,4
138895,0,0,0.25691638105086667,2.0,23.8,11.9,2.5,3.0,2,0.0,0.0,1.0,4
138900,0,0,0.23978507266633808,2.0,40.8,20.4,3.0,3.0,1,0.0,0.0,0.0,4
138901,0,0,0.06500837231817806,5.0,132.5,26.5,5.4,6.0,12,1.0,4.99,7.0,4
138905,0,0,0.1658469863242801,1.0,22.9,22.9,7.0,5.0,18,0.0,0.0,2.0,4
138908,0,0,0.2856854008468654,1.0,6.0,6.0,2.0,2.0,1,0.0,0.0,0.0,2
138911,0,0,0.23763007405867798,1.0,40.9,40.9,3.0,2.0,1,0.0,0.0,0.0,4
138916,0,0,0.2527427397473966,4.0,56.5,14.125,2.5,5.0,10,0.0,0.0,1.0,1
138926,0,0,0.20458011245596552,4.0,38.4,9.6,4.0,5.0,9,0.0,0.0,4.0,2
138931,0,0,0.20674029962297635,1.0,13.9,13.9,5.0,2.0,2,0.0,0.0,1.0,1
138934,0,0,0.26089949563204734,1.0,14.6,14.6,3.0,2.0,2,0.0,0.0,0.0,3
138938,0,0,0.10230220796585768,2.0,118.8,59.4,5.5,3.0,5,0.0,0.0,1.0,4
138940,0,0,0.26961603848689836,1.0,21.0,21.0,2.0,2.0,0,0.0,0.0,0.0,1
138945,0,0,0.09616643870923115,5.0,96.4,19.28,4.8,6.0,11,0.0,0.0,7.0,4
138946,1,0,0.28060844425427284,3.0,35.6,11.866666666666667,2.0,4.0,12,0.0,0.0,1.0,4
138948,0,0,0.24263287423430502,3.0,31.4,10.466666666666667,3.3333333333333335,4.0,11,0.0,0.0,2.0,4
138949,0,0,0.213822489231111,2.0,12.1,6.05,5.5,3.0,13,0.0,0.0,2.0,3
138957,0,0,0.1578796281805072,3.0,49.9,16.633333333333333,3.6666666666666665,5.0,16,0.0,0.0,5.0,4
138959,0,0,0.21079938637220128,3.0,49.400000000000006,16.46666666666667,3.0,4.0,5,0.0,0.0,2.0,4
138960,0,0,0.21649712236393795,2.0,13.1,6.55,3.0,4.0,16,0.0,0.0,4.0,4
138972,0,0,0.2501332618023393,1.0,4.8,4.8,4.0,2.0,0,0.0,0.0,0.0,3
138993,0,0,0.2072954369622102,1.0,18.7,18.7,6.0,2.0,1,0.0,0.0,0.0,4
138994,0,0,0.03798437264559001,6.0,182.9,30.483333333333334,5.166666666666667,6.0,14,0.0,0.0,8.0,1
139003,0,0,0.13292254195754788,4.0,86.9,21.725,3.0,6.0,16,0.0,0.0,5.0,3
139004,0,0,0.21120618898300256,6.0,75.4,12.566666666666668,4.0,6.0,14,0.0,0.0,3.0,1
139008,0,0,0.23824655738032988,1.0,17.5,17.5,4.0,2.0,1,0.0,0.0,0.0,1
139014,0,0,0.21075078777160935,4.0,51.2,12.8,2.25,5.0,12,0.0,0.0,4.0,2
139015,0,0,0.116773874998159,3.0,68.0,22.666666666666668,4.0,4.0,10,0.0,0.0,6.0,4
139016,0,0,0.12447475990670044,2.0,30.4,15.2,2.5,4.0,15,0.0,0.0,9.0,4
139025,0,0,0.18248143200066652,3.0,78.0,26.0,4.0,4.0,5,0.0,0.0,0.0,1
139035,1,0,0.2753752358933451,2.0,41.8,20.9,1.5,4.0,16,0.0,0.0,0.0,2
139037,0,0,0.2348833936331211,3.0,55.6,18.533333333333335,3.0,4.0,4,0.0,0.0,0.0,1
139040,0,0,0.18344332104442487,1.0,45.6,45.6,4.0,2.0,3,0.0,0.0,2.0,4
139053,0,0,0.22539913878556436,3.0,56.800000000000004,18.933333333333334,3.0,4.0,11,1.0,4.99,1.0,1
139056,0,0,0.21648537581415736,3.0,44.9,14.966666666666667,3.3333333333333335,4.0,9,0.0,0.0,2.0,4
139074,1,0,0.29197146298424703,1.0,9.5,9.5,1.0,3.0,17,0.0,0.0,1.0,1
139076,0,0,0.2015625277253832,1.0,24.2,24.2,6.0,2.0,0,0.0,0.0,0.0,3
139083,0,0,0.23947068555248344,1.0,19.0,19.0,4.0,2.0,2,0.0,0.0,0.0,3
139087,0,0,0.23467230096167907,3.0,50.099999999999994,16.7,3.6666666666666665,4.0,5,0.0,0.0,0.0,1
139089,0,0,0.2496475282848775,1.0,26.1,26.1,3.0,2.0,0,0.0,0.0,0.0,4
139094,0,0,0.2143015787614822,3.0,56.5,18.833333333333332,2.0,4.0,7,0.0,0.0,2.0,2
139096,0,0,0.2201365118509902,2.0,55.3,27.65,1.0,3.0,13,0.0,0.0,2.0,3
139106,0,0,0.2803686315354569,2.0,13.0,6.5,2.5,3.0,7,0.0,0.0,1.0,4
139138,0,0,0.1720880036594751,4.0,83.6,20.9,3.5,5.0,13,0.0,0.0,2.0,1
139142,0,0,0.1978162256984438,1.0,69.7,69.7,4.0,2.0,0,0.0,0.0,0.0,4
139157,0,0,0.28754891461765586,1.0,6.0,6.0,2.0,2.0,1,0.0,0.0,0.0,4
139158,0,0,0.021295041204672325,6.0,202.7,33.78333333333333,4.5,8.0,17,0.0,0.0,12.0,4
139163,0,0,0.26195844717885386,2.0,23.3,11.65,3.5,3.0,3,0.0,0.0,0.0,4
139170,0,0,0.2422799965798856,1.0,36.5,36.5,3.0,2.0,2,0.0,0.0,0.0,4
139178,0,0,0.2583994854701318,4.0,34.0,8.5,2.75,5.0,13,0.0,0.0,3.0,4
139179,0,0,0.2882307355218371,1.0,4.3,4.3,2.0,2.0,0,0.0,0.0,0.0,4
139190,0,0,0.159329009045376,3.0,59.9,19.966666666666665,3.6666666666666665,6.0,18,0.0,0.0,4.0,4
139193,0,0,0.3194368822584931,1.0,3.8,3.8,1.0,2.0,11,0.0,0.0,0.0,4
139194,0,0,0.25228673009725777,4.0,53.0,13.25,2.0,5.0,12,0.0,0.0,2.0,4
139196,0,0,0.05774399798414524,2.0,196.6,98.3,4.5,3.0,3,0.0,0.0,1.0,1
139208,1,0,0.11973266483295933,6.0,116.1,19.349999999999998,2.8333333333333335,8.0,18,0.0,0.0,6.0,4
139212,0,0,0.16303906146697167,5.0,57.6,11.52,3.0,6.0,10,0.0,0.0,7.0,4
139213,1,0,0.1406544366392233,3.0,60.1,20.033333333333335,5.0,4.0,11,0.0,0.0,4.0,4
139218,0,0,0.19909907249358763,3.0,70.5,23.5,3.6666666666666665,4.0,2,0.0,0.0,0.0,4
139223,0,0,0.2321897524340293,2.0,46.8,23.4,2.0,3.0,7,0.0,0.0,1.0,4
139229,0,0,0.2488945521404661,1.0,6.2,6.2,4.0,2.0,0,0.0,0.0,0.0,3
139248,0,0,0.18734132618380103,4.0,54.199999999999996,13.549999999999999,3.75,6.0,17,0.0,0.0,4.0,4
139250,1,0,0.1714743351832743,4.0,73.6,18.4,2.5,5.0,14,0.0,0.0,4.0,3
139252,0,0,0.13044102570157326,4.0,87.6,21.9,4.25,5.0,12,0.0,0.0,4.0,4
139258,0,0,0.06947863684505069,4.0,97.4,24.35,4.75,5.0,14,0.0,0.0,9.0,4
139260,0,0,0.3017819669884975,1.0,5.1,5.1,2.0,3.0,17,0.0,0.0,0.0,3
139262,0,0,0.010791225822190203,6.0,227.10000000000002,37.85,3.0,7.0,17,0.0,0.0,17.0,4
139265,0,0,0.2510688007046838,3.0,39.0,13.0,3.0,4.0,10,0.0,0.0,1.0,1
139272,0,0,0.2048248130274871,1.0,20.9,20.9,6.0,2.0,0,0.0,0.0,0.0,4
139285,0,0,0.22285104502774303,5.0,57.0,11.4,4.6,6.0,5,0.0,0.0,2.0,4
139290,0,0,0.20604261428085846,3.0,33.7,11.233333333333334,4.0,4.0,8,0.0,0.0,3.0,4
139291,1,0,0.27738685583589606,1.0,7.9,7.9,3.0,2.0,8,1.0,9.99,0.0,4
139293,0,0,0.09536656561417477,4.0,96.2,24.05,4.75,5.0,14,0.0,0.0,6.0,4
139300,0,0,0.2944179839051026,1.0,4.3,4.3,1.0,2.0,10,0.0,0.0,1.0,4
139302,0,0,0.279941509457709,1.0,11.3,11.3,1.0,2.0,2,0.0,0.0,1.0,4
139331,0,0,0.1458681240545432,1.0,19.1,19.1,5.0,2.0,1,1.0,99.99,2.0,2
139343,0,0,0.28056644205611186,3.0,34.099999999999994,11.366666666666665,1.6666666666666667,4.0,4,0.0,0.0,1.0,2
139352,0,0,0.2507531785383638,2.0,22.200000000000003,11.100000000000001,3.0,3.0,2,0.0,0.0,1.0,4
139361,0,0,0.20767033728002637,2.0,48.9,24.45,2.5,3.0,14,0.0,0.0,2.0,4
139363,0,0,0.12295312170070206,7.0,143.6,20.514285714285712,4.0,7.0,10,0.0,0.0,3.0,4
139372,0,0,0.26244882606843517,2.0,17.8,8.9,4.0,3.0,6,0.0,0.0,0.0,1
139373,1,0,0.24464270608401842,1.0,5.2,5.2,5.0,2.0,14,0.0,0.0,0.0,3
139384,0,0,0.0308988077077139,4.0,200.8,50.2,3.75,5.0,8,0.0,0.0,7.0,3
139388,0,0,0.033263716986054265,4.0,198.8,49.7,4.25,5.0,5,0.0,0.0,6.0,4
139395,0,0,0.04085090003379485,8.0,123.9,15.4875,5.75,8.0,13,0.0,0.0,16.0,4
139398,0,0,0.24946245910440168,3.0,48.9,16.3,2.0,4.0,7,0.0,0.0,1.0,4
139405,0,0,0.16931493409574017,3.0,75.3,25.099999999999998,3.0,4.0,5,0.0,0.0,2.0,3
139406,0,0,0.22446506749529258,2.0,40.5,20.25,4.0,3.0,3,0.0,0.0,0.0,3
139415,0,0,0.2736828484558509,2.0,11.3,5.65,4.0,3.0,3,0.0,0.0,0.0,4
139421,0,0,0.17712941026210138,3.0,60.400000000000006,20.133333333333336,4.0,4.0,3,0.0,0.0,2.0,4
139423,0,0,0.23058887124439756,1.0,15.2,15.2,3.0,5.0,18,0.0,0.0,2.0,4
139427,0,0,0.30284625944132215,1.0,4.5,4.5,2.0,2.0,11,1.0,9.99,0.0,4
139429,0,0,0.08669089443578192,6.0,120.5,20.083333333333332,3.6666666666666665,8.0,16,0.0,0.0,8.0,4
139431,1,0,0.1895197445989943,6.0,111.9,18.650000000000002,3.1666666666666665,6.0,12,0.0,0.0,1.0,1
139433,0,0,0.04779412653020871,6.0,185.3,30.883333333333336,4.666666666666667,6.0,14,0.0,0.0,6.0,1
139435,0,0,0.19777710001225005,3.0,63.6,21.2,3.3333333333333335,4.0,4,0.0,0.0,1.0,2
139436,0,0,0.03680957153860331,4.0,199.60000000000002,49.900000000000006,5.5,5.0,7,0.0,0.0,4.0,4
139438,0,0,0.28759925719645646,2.0,8.799999999999999,4.3999999999999995,3.5,3.0,3,0.0,0.0,0.0,4
139457,0,0,0.16737063584745007,8.0,125.0,15.625,3.5,8.0,14,1.0,4.99,4.0,1
139460,1,0,0.2570176165497994,2.0,9.2,4.6,3.0,3.0,8,0.0,0.0,2.0,4
139466,0,0,0.14766022591527117,3.0,64.7,21.566666666666666,4.0,6.0,16,0.0,0.0,4.0,4
139470,1,0,0.256329314947637,3.0,53.599999999999994,17.866666666666664,2.3333333333333335,4.0,11,0.0,0.0,0.0,1
139471,0,0,0.11255831442386706,4.0,89.4,22.35,4.5,5.0,9,0.0,0.0,5.0,4
139472,1,0,0.2505722894985141,4.0,46.6,11.65,3.0,5.0,16,0.0,0.0,2.0,3
139476,1,0,0.1866307709269936,4.0,46.8,11.7,6.5,5.0,6,0.0,0.0,2.0,3
139485,0,0,0.36820011170676964,5.0,23.700000000000003,4.74,2.6,6.0,12,0.0,0.0,1.0,4
139494,0,0,0.11020012247564602,5.0,76.2,15.24,3.4,7.0,16,0.0,0.0,9.0,3
139498,0,0,0.2717753698245283,2.0,12.399999999999999,6.199999999999999,4.0,3.0,4,0.0,0.0,0.0,3
139505,1,0,0.3115632999238951,0.0,0.0,0.0,0.0,1.0,18,0.0,0.0,0.0,4
139509,0,0,0.3096673821563195,1.0,1.5,1.5,1.0,2.0,1,0.0,0.0,0.0,2
139517,0,0,0.06354726261729579,2.0,119.6,59.8,5.5,6.0,18,0.0,0.0,6.0,4
139523,1,0,0.05693918890332486,6.0,142.0,23.666666666666668,3.5,6.0,14,0.0,0.0,10.0,4
139527,0,0,0.13494221353420718,6.0,106.9,17.816666666666666,4.666666666666667,6.0,11,0.0,0.0,4.0,4
139533,0,0,0.24734892806098635,2.0,26.0,13.0,3.5,5.0,18,0.0,0.0,1.0,4
139540,1,0,0.2119111093000486,2.0,62.199999999999996,31.099999999999998,2.0,3.0,14,0.0,0.0,1.0,1
139544,0,0,0.2974920895030851,3.0,29.1,9.700000000000001,2.6666666666666665,4.0,6,0.0,0.0,0.0,3
139555,0,0,0.24105194892516227,4.0,31.5,7.875,2.75,5.0,11,0.0,0.0,4.0,4
139560,0,0,0.22538858011005472,2.0,11.3,5.65,4.5,3.0,5,0.0,0.0,2.0,4
139567,1,0,0.21214093057315137,4.0,49.3,12.325,3.75,6.0,18,0.0,0.0,3.0,1
139574,0,0,0.24674258240285016,1.0,11.6,11.6,4.0,2.0,2,0.0,0.0,0.0,4
139577,0,0,0.2815313818366683,2.0,15.0,7.5,2.0,3.0,4,0.0,0.0,1.0,2
139579,0,0,0.189240444960094,2.0,29.8,14.9,5.0,3.0,3,0.0,0.0,2.0,4
139583,0,0,0.1530542229602411,3.0,73.2,24.400000000000002,3.3333333333333335,4.0,4,0.0,0.0,3.0,4
139609,0,0,0.34022002478944824,3.0,13.7,4.566666666666666,2.6666666666666665,6.0,18,0.0,0.0,0.0,2
139614,0,0,0.10558563776149799,4.0,98.5,24.625,4.0,5.0,5,0.0,0.0,5.0,4
139627,0,0,0.1906908896183039,3.0,38.1,12.700000000000001,5.333333333333333,4.0,2,0.0,0.0,2.0,2
139634,0,0,0.1671219969680296,6.0,98.7,16.45,3.0,6.0,14,0.0,0.0,4.0,1
139639,0,0,0.1658781167021296,2.0,65.4,32.7,5.5,3.0,1,0.0,0.0,0.0,2
139641,0,0,0.24847152497449282,2.0,22.9,11.45,4.5,3.0,8,0.0,0.0,0.0,3
139651,0,0,0.29085329468961574,6.0,46.400000000000006,7.733333333333334,3.0,6.0,12,0.0,0.0,3.0,2
139660,1,0,0.1237520178601971,4.0,79.0,19.75,5.5,5.0,4,0.0,0.0,4.0,4
139661,0,0,0.17618927013010263,2.0,24.4,12.2,3.0,3.0,5,0.0,0.0,5.0,4
139663,0,0,0.30140185405600317,2.0,21.9,10.95,2.0,3.0,13,0.0,0.0,0.0,3
139665,0,0,0.14805634599885703,2.0,59.699999999999996,29.849999999999998,6.5,3.0,4,0.0,0.0,1.0,3
139674,0,0,0.2056125536818155,2.0,46.3,23.15,5.0,3.0,12,0.0,0.0,0.0,1
139677,1,0,0.27245529957701164,5.0,45.2,9.040000000000001,2.4,6.0,13,0.0,0.0,3.0,4
139678,0,0,0.16252691845015876,7.0,124.69999999999999,17.814285714285713,4.0,7.0,9,0.0,0.0,2.0,3
139681,0,0,0.22458617195237865,6.0,74.5,12.416666666666666,3.1666666666666665,6.0,9,0.0,0.0,3.0,4
139699,0,0,0.20344795898407486,5.0,72.8,14.559999999999999,3.2,8.0,18,0.0,0.0,3.0,3
139723,0,0,0.20162272357287866,3.0,19.5,6.5,3.3333333333333335,4.0,5,0.0,0.0,5.0,4
139725,0,0,0.08615856082874027,3.0,148.6,49.53333333333333,3.0,4.0,2,0.0,0.0,2.0,2
139739,0,0,0.23375641162086339,1.0,7.7,7.7,3.0,2.0,13,0.0,0.0,2.0,1
139760,0,0,0.2515512712610804,4.0,28.9,7.225,2.5,5.0,12,0.0,0.0,4.0,4
139768,0,0,0.17308379518467293,3.0,68.0,22.666666666666668,3.6666666666666665,4.0,7,0.0,0.0,2.0,4
139771,0,0,0.21192978299047113,2.0,16.5,8.25,5.0,3.0,8,0.0,0.0,2.0,4
139773,0,0,0.07384519566403057,5.0,143.7,28.74,4.2,6.0,7,0.0,0.0,5.0,2
139780,0,0,0.20957722886666127,2.0,58.8,29.4,3.5,3.0,8,0.0,0.0,0.0,4
139792,0,0,0.0049147112209240494,7.0,274.8,39.25714285714286,5.571428571428571,7.0,13,0.0,0.0,18.0,4
139797,0,0,0.3003854924441222,1.0,11.7,11.7,1.0,2.0,0,0.0,0.0,0.0,4
139800,0,0,0.21174460295630793,4.0,50.9,12.725,3.25,5.0,7,0.0,0.0,3.0,4
139831,1,0,0.16515901194411484,5.0,96.80000000000001,19.360000000000003,3.0,6.0,14,0.0,0.0,3.0,4
139840,1,0,0.2773526642499367,1.0,19.7,19.7,2.0,2.0,6,0.0,0.0,0.0,2
139852,0,0,0.19279263364819124,1.0,18.1,18.1,7.0,2.0,1,0.0,0.0,0.0,4
139854,0,0,0.32945559034224065,3.0,17.4,5.8,2.6666666666666665,4.0,14,0.0,0.0,0.0,1
139859,0,0,0.17434656799993054,2.0,36.7,18.35,6.5,3.0,2,0.0,0.0,1.0,3
139869,1,0,0.08426754612881185,4.0,71.7,17.925,4.75,6.0,15,1.0,99.99,7.0,3
139882,0,0,0.12520104721709127,5.0,129.9,25.98,4.4,6.0,6,0.0,0.0,1.0,4
139889,0,0,0.0991026453460105,6.0,141.3,23.55,2.8333333333333335,6.0,9,0.0,0.0,5.0,4
139892,0,0,0.12979277427756006,3.0,71.1,23.7,4.333333333333333,4.0,2,0.0,0.0,4.0,4
139913,0,0,0.12367614756749477,4.0,69.7,17.425,3.25,5.0,8,0.0,0.0,7.0,4
139915,0,0,0.26114756094566016,1.0,13.3,13.3,3.0,2.0,0,0.0,0.0,0.0,4
139918,1,0,0.25990344648907,1.0,14.1,14.1,2.0,2.0,5,0.0,0.0,1.0,2
139920,1,0,0.35290357983101245,4.0,21.700000000000003,5.425000000000001,2.75,5.0,11,0.0,0.0,0.0,2
139922,0,0,0.18534902748741086,2.0,44.8,22.4,4.0,3.0,6,0.0,0.0,2.0,4
139930,0,0,0.2137464055562732,3.0,41.2,13.733333333333334,5.0,4.0,10,0.0,0.0,1.0,1
139945,0,0,0.030034267284594,7.0,186.2,26.599999999999998,5.428571428571429,8.0,17,0.0,0.0,11.0,1
139949,0,0,0.1965251909848613,3.0,60.6,20.2,2.6666666666666665,4.0,7,0.0,0.0,2.0,1
139963,0,0,0.2627862831540799,1.0,28.4,28.4,2.0,2.0,0,0.0,0.0,0.0,1
139965,0,0,0.16461016248647997,6.0,85.4,14.233333333333334,3.6666666666666665,6.0,13,0.0,0.0,5.0,2
139968,0,0,0.23807268028582718,1.0,19.6,19.6,4.0,2.0,0,0.0,0.0,0.0,4
139986,0,0,0.14386858980443476,4.0,66.2,16.55,3.75,5.0,3,1.0,19.99,5.0,4
139987,0,0,0.25924067515724275,3.0,31.6,10.533333333333333,3.0,4.0,3,0.0,0.0,1.0,1
139988,1,0,0.24644533862698453,4.0,47.3,11.825,2.75,5.0,7,0.0,0.0,2.0,4
139992,0,0,0.24719199635481584,2.0,15.6,7.8,3.0,3.0,9,0.0,0.0,2.0,4
139998,0,0,0.21856455053617757,3.0,63.9,21.3,1.3333333333333333,4.0,7,1.0,6.98,2.0,4
140000,0,0,0.22412519900944483,1.0,14.5,14.5,5.0,2.0,0,0.0,0.0,0.0,2
140006,0,0,0.12060099713146981,4.0,68.5,17.125,6.25,6.0,16,0.0,0.0,5.0,1
140008,0,0,0.18889695610137044,1.0,7.7,7.7,8.0,2.0,7,0.0,0.0,0.0,2
140009,0,0,0.2641964419909287,1.0,10.0,10.0,3.0,2.0,1,0.0,0.0,0.0,3
140011,0,0,0.2634296672349271,1.0,11.8,11.8,3.0,2.0,1,0.0,0.0,0.0,4
140035,0,0,0.17606311434990857,3.0,42.6,14.200000000000001,3.6666666666666665,4.0,3,0.0,0.0,4.0,4
140039,0,0,0.21010452649727343,1.0,15.1,15.1,6.0,2.0,1,0.0,0.0,0.0,4
140041,0,0,0.30026974653989175,4.0,39.900000000000006,9.975000000000001,2.0,5.0,12,0.0,0.0,1.0,1
140042,0,0,0.16990216390437035,1.0,8.3,8.3,9.0,2.0,1,0.0,0.0,0.0,1
140060,0,0,0.24554079609516938,3.0,46.400000000000006,15.466666666666669,3.3333333333333335,4.0,2,0.0,0.0,0.0,2
140067,0,0,0.23668213633103247,2.0,30.8,15.4,3.0,3.0,2,0.0,0.0,1.0,4
140071,0,0,0.2566711463438526,2.0,10.8,5.4,4.0,3.0,7,0.0,0.0,1.0,4
140073,0,0,0.01627791064297334,9.0,202.0,22.444444444444443,4.111111111111111,10.0,17,0.0,0.0,19.0,4
140074,0,0,0.16097740535825306,5.0,82.0,16.4,4.0,6.0,18,0.0,0.0,4.0,1
140081,0,0,0.09347255526897147,5.0,114.5,22.9,4.4,7.0,18,0.0,0.0,6.0,4
140087,0,0,0.12704340007202586,5.0,82.7,16.54,4.2,6.0,10,0.0,0.0,6.0,3
140091,0,0,0.23416619644255873,3.0,18.0,6.0,4.333333333333333,6.0,18,0.0,0.0,3.0,4
140093,1,0,0.21285615029591365,1.0,13.6,13.6,6.0,2.0,3,0.0,0.0,0.0,4
140097,0,0,0.2392044866348717,3.0,42.8,14.266666666666666,3.6666666666666665,4.0,15,0.0,0.0,1.0,4
140100,0,0,0.19479945085376718,5.0,58.400000000000006,11.680000000000001,2.8,6.0,7,0.0,0.0,5.0,4
140117,0,0,0.21886347071927084,1.0,3.1,3.1,6.0,2.0,0,0.0,0.0,0.0,4
140118,0,0,0.19013539719968137,4.0,59.5,14.875,2.5,5.0,7,0.0,0.0,4.0,4
140131,0,0,0.23563100030182793,2.0,13.4,6.7,2.5,3.0,5,0.0,0.0,3.0,4
140133,0,0,0.20890394366899287,2.0,24.7,12.35,2.0,3.0,7,0.0,0.0,4.0,4
140134,0,0,0.26646609261872906,2.0,10.899999999999999,5.449999999999999,3.5,3.0,9,0.0,0.0,1.0,3
140135,0,0,0.16824079888808288,1.0,12.7,12.7,9.0,2.0,0,0.0,0.0,0.0,4
140137,0,0,0.22378503716515857,1.0,2.1,2.1,6.0,2.0,7,0.0,0.0,0.0,2
140138,0,0,0.141007611905666,4.0,91.19999999999999,22.799999999999997,4.0,5.0,13,0.0,0.0,3.0,2
140149,0,0,0.25841774694653713,2.0,30.3,15.15,3.5,5.0,17,0.0,0.0,0.0,2
140156,0,0,0.16705134744337186,4.0,77.2,19.3,3.5,5.0,14,0.0,0.0,3.0,1
140163,0,0,0.18057117270219547,2.0,48.4,24.2,4.0,3.0,6,0.0,0.0,2.0,4
140173,0,0,0.06638113676139634,8.0,190.4,23.8,5.25,8.0,14,1.0,1.99,5.0,3
140176,0,0,0.10954080438306334,4.0,90.2,22.55,3.5,5.0,8,0.0,0.0,6.0,4
140182,0,0,0.22133798546966246,2.0,33.4,16.7,2.5,3.0,2,0.0,0.0,2.0,4
140203,0,0,0.142938779163111,4.0,78.5,19.625,3.0,5.0,12,0.0,0.0,5.0,4
140204,0,0,0.2534613260872311,1.0,41.6,41.6,2.0,2.0,0,0.0,0.0,0.0,4
140206,0,0,0.21963482886184654,3.0,52.5,17.5,3.3333333333333335,4.0,6,0.0,0.0,1.0,4
140210,0,0,0.23708812920335112,3.0,28.0,9.333333333333334,3.0,4.0,14,0.0,0.0,3.0,4
140220,0,0,0.2683469110159632,1.0,6.5,6.5,3.0,2.0,2,0.0,0.0,0.0,3
140235,0,0,0.04266921657016724,5.0,173.9,34.78,3.8,6.0,17,0.0,0.0,8.0,4
140238,0,0,0.2558691420638604,1.0,25.2,25.2,3.0,2.0,9,0.0,0.0,0.0,1
140240,0,0,0.08275083918242201,5.0,82.69999999999999,16.54,3.6,6.0,13,0.0,0.0,11.0,4
140242,0,0,0.025686901366584455,6.0,189.6,31.599999999999998,6.333333333333333,6.0,13,0.0,0.0,10.0,3
140245,0,0,0.21855368904007033,6.0,62.8,10.466666666666667,5.0,6.0,10,0.0,0.0,3.0,3
140249,0,0,0.2478622518462006,2.0,25.0,12.5,3.0,3.0,4,0.0,0.0,1.0,4
140255,0,0,0.06113187225055979,8.0,182.2,22.775,4.125,8.0,8,0.0,0.0,7.0,4
140262,1,0,0.30129266489762996,3.0,26.9,8.966666666666667,1.3333333333333333,4.0,4,0.0,0.0,1.0,1
140268,0,0,0.23784279246976625,1.0,19.9,19.9,4.0,2.0,1,0.0,0.0,0.0,3
140272,0,0,0.11063250479982677,6.0,99.2,16.533333333333335,5.666666666666667,7.0,15,0.0,0.0,6.0,1
140277,0,0,0.2367788944085829,2.0,41.8,20.9,2.0,3.0,3,0.0,0.0,1.0,4
140278,0,0,0.2117387785296828,1.0,51.6,51.6,4.0,2.0,0,0.0,0.0,0.0,4
140282,0,0,0.09213184015393767,2.0,124.9,62.45,4.0,3.0,11,0.0,0.0,3.0,2
140287,0,0,0.0816179387708196,5.0,132.5,26.5,4.4,6.0,6,0.0,0.0,5.0,3
140292,0,0,0.18134958865715525,3.0,53.7,17.900000000000002,5.666666666666667,4.0,7,0.0,0.0,1.0,1
140302,0,0,0.29592973150459634,1.0,1.4,1.4,2.0,2.0,5,0.0,0.0,0.0,4
140307,0,0,0.12325707362481221,2.0,121.30000000000001,60.650000000000006,4.0,3.0,2,0.0,0.0,0.0,3
140311,0,0,0.10747294913308662,3.0,78.6,26.2,4.666666666666667,4.0,3,0.0,0.0,5.0,4
140314,0,0,0.3322158507717596,3.0,27.1,9.033333333333333,1.6666666666666667,4.0,16,0.0,0.0,0.0,3
140321,0,0,0.29208204605444044,1.0,11.3,11.3,2.0,2.0,11,0.0,0.0,0.0,4
140338,0,0,0.27683407897282525,1.0,16.2,16.2,2.0,2.0,0,0.0,0.0,0.0,4
140342,0,0,0.3029222461408353,2.0,16.3,8.15,2.0,3.0,3,0.0,0.0,0.0,4
140349,0,0,0.2859784922814323,1.0,4.7,4.7,2.0,2.0,0,0.0,0.0,0.0,2
140358,0,0,0.20067171011852125,1.0,27.7,27.7,5.0,2.0,5,0.0,0.0,1.0,4
140362,1,0,0.2950529045374552,3.0,25.8,8.6,3.0,4.0,8,1.0,19.99,0.0,1
140365,0,0,0.19266862737752619,2.0,36.1,18.05,2.0,3.0,7,0.0,0.0,4.0,4
140367,0,0,0.14080233011688922,2.0,49.3,24.65,6.0,3.0,8,0.0,0.0,3.0,4
140374,0,0,0.28728926549184775,1.0,6.3,6.3,2.0,2.0,2,0.0,0.0,0.0,3
140390,0,0,0.22908693524142557,3.0,29.9,9.966666666666667,4.0,4.0,5,0.0,0.0,2.0,4
140391,0,0,0.26727763659975606,1.0,5.0,5.0,2.0,2.0,2,0.0,0.0,1.0,4
140394,0,0,0.12854041193641338,3.0,92.7,30.900000000000002,4.0,5.0,18,0.0,0.0,3.0,4
140395,0,0,0.2284085309659355,1.0,32.4,32.4,3.0,2.0,5,0.0,0.0,1.0,4
140397,0,0,0.3062040467955112,1.0,6.9,6.9,1.0,2.0,2,0.0,0.0,0.0,3
140404,0,0,0.16271676092012885,3.0,78.1,26.03333333333333,4.333333333333333,4.0,3,0.0,0.0,1.0,4
140406,0,0,0.18146552236120986,3.0,35.099999999999994,11.699999999999998,6.666666666666667,4.0,9,0.0,0.0,2.0,2
140424,0,0,0.23545137813615652,2.0,47.4,23.7,2.0,3.0,12,0.0,0.0,1.0,4
140430,0,0,0.02336177467220493,7.0,135.8,19.400000000000002,5.0,8.0,15,1.0,19.99,19.0,4
140436,0,0,0.24895265695401508,3.0,30.5,10.166666666666666,4.333333333333333,5.0,15,0.0,0.0,1.0,3
140437,1,0,0.1870691867173633,2.0,10.2,5.1,5.0,3.0,10,0.0,0.0,4.0,4
140443,0,0,0.10958246735685485,3.0,102.0,34.0,5.666666666666667,4.0,9,0.0,0.0,2.0,3
140471,0,0,0.3817639572601194,4.0,14.600000000000001,3.6500000000000004,2.25,5.0,9,0.0,0.0,0.0,4
140473,0,0,0.15587698498751837,5.0,62.3,12.459999999999999,3.0,6.0,10,0.0,0.0,7.0,4
140477,0,0,0.1414547755329104,3.0,31.2,10.4,5.333333333333333,4.0,3,0.0,0.0,6.0,4
140482,0,0,0.271220326344283,2.0,22.4,11.2,2.5,3.0,15,0.0,0.0,1.0,4
140487,0,0,0.21035818331402972,3.0,49.2,16.400000000000002,3.0,4.0,4,0.0,0.0,2.0,4
140488,0,0,0.270707776404618,2.0,26.7,13.35,2.5,3.0,1,0.0,0.0,0.0,2
140500,0,0,0.21620547107885765,1.0,6.5,6.5,6.0,2.0,3,0.0,0.0,0.0,1
140501,0,0,0.24789688984609917,1.0,15.3,15.3,4.0,2.0,8,0.0,0.0,0.0,3
140513,0,0,0.13884333790180908,6.0,125.6,20.933333333333334,3.1666666666666665,6.0,11,0.0,0.0,3.0,4
140514,0,0,0.09658558550429065,4.0,104.9,26.225,4.75,5.0,6,1.0,4.99,5.0,4
140519,0,0,0.3132013444671909,3.0,19.0,6.333333333333333,2.0,4.0,9,0.0,0.0,1.0,4
140521,0,0,0.03808381141543813,6.0,176.5,29.416666666666668,3.6666666666666665,6.0,14,0.0,0.0,10.0,3
140524,0,0,0.21370717299667327,2.0,35.5,17.75,2.0,3.0,10,0.0,0.0,3.0,4
140532,0,0,0.18784325960664386,4.0,76.8,19.2,2.75,5.0,4,0.0,0.0,2.0,2
140533,0,0,0.2315918966865407,6.0,72.7,12.116666666666667,3.1666666666666665,6.0,13,0.0,0.0,3.0,4
140545,0,0,0.21050085283839823,3.0,45.8,15.266666666666666,5.0,4.0,13,0.0,0.0,1.0,4
140552,0,0,0.260397734059629,4.0,39.599999999999994,9.899999999999999,3.25,6.0,18,0.0,0.0,2.0,2
140562,0,0,0.19081683509836156,4.0,54.4,13.6,3.0,5.0,6,0.0,0.0,4.0,4
140563,0,0,0.22314984360800227,1.0,37.5,37.5,4.0,2.0,3,0.0,0.0,0.0,1
140570,0,0,0.1740237391654226,2.0,67.5,33.75,3.5,3.0,1,0.0,0.0,1.0,2
140577,0,0,0.27711428721274745,1.0,16.9,16.9,2.0,2.0,1,0.0,0.0,0.0,4
140578,0,0,0.1815490363040447,5.0,90.7,18.14,3.6,6.0,12,0.0,0.0,2.0,4
140582,0,0,0.26726088125128633,1.0,8.7,8.7,3.0,2.0,4,0.0,0.0,0.0,2
140583,0,0,0.2941944318418371,2.0,10.5,5.25,3.5,3.0,13,0.0,0.0,0.0,4
140584,0,0,0.25909392789042374,2.0,31.299999999999997,15.649999999999999,3.0,3.0,5,0.0,0.0,0.0,4
140594,1,0,0.27606700063626116,3.0,31.6,10.533333333333333,2.3333333333333335,4.0,8,0.0,0.0,1.0,1
140606,0,0,0.05555071081355343,6.0,111.6,18.599999999999998,5.0,6.0,10,0.0,0.0,12.0,4
140617,0,0,0.10262710657343106,4.0,141.4,35.35,4.25,5.0,12,0.0,0.0,1.0,1
140624,1,0,0.3003814302572596,4.0,35.3,8.825,1.75,5.0,18,0.0,0.0,2.0,3
140627,0,0,0.14953461049196734,3.0,75.9,25.3,3.3333333333333335,4.0,6,0.0,0.0,3.0,2
140658,0,0,0.19311399256657852,5.0,82.10000000000001,16.42,2.6,6.0,11,0.0,0.0,3.0,4
140659,0,0,0.25078487405224675,4.0,35.8,8.95,3.75,5.0,6,0.0,0.0,2.0,3
140663,0,0,0.2575633909960188,3.0,15.0,5.0,3.0,4.0,10,0.0,0.0,3.0,3
140672,0,0,0.1490552085869488,3.0,43.0,14.333333333333334,4.666666666666667,4.0,5,0.0,0.0,5.0,4
140676,0,0,0.21980600686595253,3.0,57.1,19.033333333333335,2.6666666666666665,4.0,3,0.0,0.0,1.0,4
140684,0,0,0.23907526654961206,2.0,28.8,14.4,3.0,3.0,2,0.0,0.0,1.0,3
140686,0,0,0.28616656449383593,1.0,6.8,6.8,1.0,2.0,4,0.0,0.0,1.0,4
140687,0,0,0.11971909710846815,2.0,53.300000000000004,26.650000000000002,8.5,3.0,5,0.0,0.0,2.0,1
140691,0,0,0.03665933329245555,5.0,216.3,43.260000000000005,5.8,6.0,11,0.0,0.0,3.0,1
140698,0,0,0.2894959416743239,2.0,13.8,6.9,2.0,3.0,11,0.0,0.0,1.0,1
140699,0,0,0.14309761139106003,3.0,82.1,27.366666666666664,4.333333333333333,4.0,3,0.0,0.0,2.0,4
140715,0,0,0.24145560916718217,2.0,32.1,16.05,2.5,3.0,3,0.0,0.0,1.0,1
140721,0,0,0.2156682656752876,2.0,38.2,19.1,2.5,3.0,4,0.0,0.0,2.0,4
140725,0,0,0.058044862280885734,5.0,160.10000000000002,32.02,3.0,6.0,16,0.0,0.0,7.0,1
140728,0,0,0.12706739604915937,5.0,109.1,21.82,3.2,6.0,6,0.0,0.0,4.0,4
140729,0,0,0.14024742756725625,4.0,46.4,11.6,3.5,5.0,13,0.0,0.0,8.0,4
140736,0,0,0.2607826028591401,2.0,11.0,5.5,3.5,3.0,2,0.0,0.0,1.0,4
140743,0,0,0.28937342984243325,2.0,6.800000000000001,3.4000000000000004,3.5,3.0,3,0.0,0.0,0.0,2
140754,0,0,0.10971666824092152,4.0,111.8,27.95,4.75,5.0,13,0.0,0.0,3.0,4
140757,0,0,0.17154043872438893,4.0,92.0,23.0,2.25,5.0,4,0.0,0.0,2.0,4
140762,1,0,0.24511652962622643,3.0,34.5,11.5,3.0,4.0,14,0.0,0.0,2.0,4
140766,0,0,0.30525022390079015,1.0,12.8,12.8,1.0,2.0,6,0.0,0.0,0.0,4
140771,0,0,0.24795347465709386,1.0,6.7,6.7,3.0,2.0,5,0.0,0.0,1.0,1
140775,0,0,0.05880993672436903,7.0,131.8,18.82857142857143,4.857142857142857,8.0,15,0.0,0.0,11.0,4
140783,0,0,0.23822126904969682,3.0,23.6,7.866666666666667,5.666666666666667,5.0,16,0.0,0.0,1.0,1
140796,0,0,0.2140975193808792,2.0,40.5,20.25,4.5,3.0,2,0.0,0.0,0.0,1
140799,0,0,0.18234450357011145,3.0,19.5,6.5,4.666666666666667,4.0,7,0.0,0.0,5.0,2
140802,0,0,0.20232965422504773,6.0,93.4,15.566666666666668,3.5,7.0,15,0.0,0.0,2.0,1
140815,0,0,0.23662589157016276,2.0,16.1,8.05,4.5,3.0,4,0.0,0.0,1.0,4
140826,0,0,0.049414967550335316,4.0,133.0,33.25,4.25,5.0,10,0.0,0.0,9.0,4
140838,0,0,0.25057434599239115,2.0,31.299999999999997,15.649999999999999,2.5,3.0,10,0.0,0.0,1.0,3
140842,0,0,0.1700004834711066,4.0,69.0,17.25,5.5,6.0,17,0.0,0.0,2.0,1
140844,0,0,0.08413528220599926,4.0,144.2,36.05,4.0,5.0,14,0.0,0.0,3.0,1
140845,0,0,0.2441370139864235,2.0,12.2,6.1,2.5,4.0,15,0.0,0.0,3.0,3
140866,0,0,0.22727603837670038,2.0,38.7,19.35,3.5,4.0,17,0.0,0.0,1.0,4
140867,0,0,0.22456236741809954,1.0,14.0,14.0,5.0,2.0,1,0.0,0.0,0.0,1
140868,0,0,0.1418658302640234,2.0,53.400000000000006,26.700000000000003,4.5,5.0,16,0.0,0.0,4.0,2
140870,0,0,0.1765584714086508,2.0,22.7,11.35,5.5,3.0,5,0.0,0.0,3.0,4
140881,0,0,0.07603854431129868,5.0,65.7,13.14,6.6,6.0,12,0.0,0.0,11.0,4
140887,0,0,0.039694361960678486,6.0,226.0,37.666666666666664,4.0,8.0,16,0.0,0.0,4.0,1
140889,0,0,0.15669749504337757,5.0,93.0,18.6,3.0,6.0,15,0.0,0.0,4.0,4
140894,0,0,0.1363024039454833,3.0,98.39999999999999,32.8,4.333333333333333,4.0,4,0.0,0.0,1.0,3
140914,0,0,0.2797649958908778,1.0,16.1,16.1,2.0,2.0,3,0.0,0.0,0.0,4
140915,0,0,0.2911718327548917,2.0,26.4,13.2,2.0,3.0,13,0.0,0.0,0.0,1
140917,0,0,0.2714218610727244,1.0,10.8,10.8,2.0,4.0,17,0.0,0.0,1.0,2
140927,0,0,0.0867617398173885,5.0,122.4,24.48,6.0,6.0,6,0.0,0.0,4.0,1
140932,0,0,0.1622916358817005,2.0,47.5,23.75,3.5,3.0,14,0.0,0.0,4.0,4
140956,0,0,0.21720038749971704,1.0,4.2,4.2,6.0,2.0,0,0.0,0.0,0.0,3
140962,0,0,0.051565121062902855,5.0,152.7,30.54,3.8,6.0,8,0.0,0.0,8.0,4
140967,0,0,0.27506083954345945,6.0,67.4,11.233333333333334,2.5,6.0,14,0.0,0.0,2.0,2
140968,0,0,0.13887256890201818,4.0,115.1,28.775,3.5,5.0,6,0.0,0.0,1.0,4
140971,0,0,0.1453898225297105,3.0,78.5,26.166666666666668,4.333333333333333,4.0,2,0.0,0.0,2.0,1
140973,0,0,0.2015903040474171,3.0,26.8,8.933333333333334,3.6666666666666665,4.0,4,0.0,0.0,4.0,4
140980,0,0,0.22878222816083404,3.0,54.4,18.133333333333333,4.0,4.0,13,0.0,0.0,0.0,2
140983,0,0,0.24851315007081098,4.0,24.1,6.025,4.5,6.0,15,0.0,0.0,3.0,4
140988,0,0,0.1465703160540431,4.0,50.5,12.625,2.5,6.0,15,0.0,0.0,8.0,4
140990,0,0,0.30057841859428325,1.0,4.7,4.7,2.0,2.0,14,0.0,0.0,0.0,3
140993,0,0,0.2861732228794512,1.0,13.4,13.4,2.0,2.0,7,0.0,0.0,0.0,4
140998,0,0,0.08727895950188394,3.0,139.0,46.333333333333336,4.0,4.0,2,0.0,0.0,2.0,4
141003,0,0,0.14233728234778134,5.0,49.5,9.9,5.4,6.0,6,0.0,0.0,7.0,2
141010,0,0,0.15392962830876275,3.0,71.8,23.933333333333334,3.6666666666666665,4.0,9,0.0,0.0,3.0,4
141017,0,0,0.24481899320427353,3.0,44.8,14.933333333333332,2.6666666666666665,4.0,6,0.0,0.0,1.0,4
141034,0,0,0.19978737155212248,3.0,58.3,19.433333333333334,3.0,4.0,12,0.0,0.0,2.0,2
141040,0,0,0.19436084083860086,3.0,53.0,17.666666666666668,2.6666666666666665,4.0,11,0.0,0.0,3.0,1
141062,0,0,0.27355558543604325,1.0,5.9,5.9,3.0,2.0,7,0.0,0.0,0.0,3
141086,0,0,0.17877459967474343,3.0,27.9,9.299999999999999,5.333333333333333,4.0,8,0.0,0.0,4.0,4
141088,0,0,0.2090882886288161,2.0,16.5,8.25,4.0,3.0,8,0.0,0.0,3.0,4
141089,0,0,0.20738129028974847,1.0,14.7,14.7,6.0,2.0,0,0.0,0.0,0.0,1
141092,0,0,0.06307505578922659,5.0,150.9,30.18,4.0,6.0,7,0.0,0.0,6.0,3
141097,0,0,0.08766761180934267,7.0,96.7,13.814285714285715,3.2857142857142856,7.0,9,0.0,0.0,12.0,4
141099,0,0,0.17989687538456267,2.0,61.9,30.95,4.0,3.0,7,0.0,0.0,1.0,4
141100,0,0,0.1265247034277266,6.0,130.0,21.666666666666668,3.6666666666666665,6.0,11,0.0,0.0,3.0,2
141125,0,0,0.21478762562664014,2.0,35.8,17.9,5.0,3.0,2,0.0,0.0,0.0,3
141141,0,0,0.1455117818364843,4.0,43.6,10.9,3.5,6.0,17,0.0,0.0,8.0,4
141159,0,0,0.08639151699956951,7.0,169.4,24.2,3.7142857142857144,7.0,12,0.0,0.0,4.0,1
141161,0,0,0.26003408892307356,1.0,2.8,2.8,4.0,2.0,11,0.0,0.0,0.0,1
141165,0,0,0.23715963341166718,4.0,35.6,8.9,2.5,5.0,12,0.0,0.0,4.0,3
141171,0,0,0.06818848346532244,4.0,112.8,28.2,3.5,5.0,13,1.0,4.99,9.0,4
141175,0,0,0.04627768568898553,4.0,132.3,33.075,6.0,5.0,5,0.0,0.0,8.0,4
141177,0,0,0.2676686649859815,1.0,7.2,7.2,3.0,2.0,1,0.0,0.0,0.0,4
141182,0,0,0.1251959934601042,5.0,134.60000000000002,26.920000000000005,3.0,6.0,14,0.0,0.0,2.0,3
141190,0,0,0.19362703993106578,4.0,88.2,22.05,2.75,5.0,15,0.0,0.0,1.0,2
141192,0,0,0.1832639631256986,3.0,59.099999999999994,19.7,2.6666666666666665,4.0,6,0.0,0.0,3.0,4
141193,0,0,0.2083176131173148,4.0,34.3,8.575,3.0,5.0,6,0.0,0.0,5.0,4
141197,0,0,0.048680024891717674,5.0,165.7,33.14,3.8,6.0,4,0.0,0.0,7.0,3
141198,0,0,0.09615232175124264,3.0,95.1,31.7,4.333333333333333,4.0,7,0.0,0.0,5.0,3
141199,0,0,0.2161716747975438,2.0,32.6,16.3,3.0,3.0,4,0.0,0.0,2.0,4
141203,0,0,0.26674347137396803,1.0,8.2,8.2,3.0,2.0,1,0.0,0.0,0.0,4
141213,0,0,0.14766886758634723,5.0,98.19999999999999,19.639999999999997,4.2,6.0,14,0.0,0.0,3.0,3
141240,0,0,0.06003917757528633,6.0,150.4,25.066666666666666,4.166666666666667,6.0,13,0.0,0.0,8.0,4
141244,0,0,0.18489593201690563,5.0,61.2,12.24,3.4,6.0,12,0.0,0.0,5.0,4
141247,0,0,0.2847794737301774,2.0,13.2,6.6,2.5,3.0,12,0.0,0.0,1.0,4
141254,0,0,0.22426445862706013,4.0,46.2,11.55,4.5,5.0,13,0.0,0.0,2.0,4
141256,0,0,0.15264348174473666,4.0,84.7,21.175,3.75,6.0,15,0.0,0.0,3.0,1
141263,0,0,0.14676864390562844,4.0,73.10000000000001,18.275000000000002,3.0,5.0,6,0.0,0.0,5.0,4
141265,1,0,0.322628500064819,4.0,32.5,8.125,1.75,5.0,11,0.0,0.0,1.0,2
141273,0,0,0.2528855574839015,3.0,42.0,14.0,2.6666666666666665,4.0,11,0.0,0.0,1.0,2
141276,0,0,0.32939418742128385,2.0,11.0,5.5,1.5,3.0,12,0.0,0.0,0.0,1
141277,0,0,0.13400750626564611,6.0,119.1,19.849999999999998,3.3333333333333335,6.0,13,0.0,0.0,4.0,4
141279,0,0,0.07975736801896359,5.0,75.4,15.080000000000002,2.4,6.0,10,0.0,0.0,13.0,4
141293,0,0,0.18491604620982577,1.0,8.2,8.2,8.0,2.0,0,0.0,0.0,0.0,4
141298,0,0,0.08010600738597301,5.0,97.9,19.580000000000002,3.4,6.0,7,1.0,4.99,10.0,4
141299,0,0,0.31055463833229996,0.0,0.0,0.0,0.0,1.0,17,0.0,0.0,0.0,4
141300,1,0,0.19632592093072157,1.0,53.3,53.3,4.0,2.0,6,0.0,0.0,1.0,3
141307,0,0,0.2679286882278448,1.0,11.9,11.9,3.0,2.0,6,0.0,0.0,0.0,4
141318,0,0,0.14918830163073565,3.0,101.4,33.800000000000004,3.3333333333333335,4.0,15,0.0,0.0,1.0,1
141325,0,0,0.16313740537238858,2.0,37.1,18.55,5.0,3.0,2,0.0,0.0,3.0,4
141331,0,0,0.09201455472443595,2.0,105.5,52.75,9.0,3.0,1,0.0,0.0,0.0,4
141337,0,0,0.12682821246360867,4.0,116.0,29.0,2.25,5.0,9,0.0,0.0,3.0,3
141341,0,0,0.07561252644275888,6.0,124.6,20.766666666666666,5.666666666666667,6.0,8,0.0,0.0,7.0,4
141377,0,0,0.29524105702085,1.0,2.1,2.1,2.0,2.0,5,0.0,0.0,0.0,4
141383,0,0,0.26318793073000496,2.0,14.9,7.45,3.5,3.0,12,0.0,0.0,1.0,4
141384,0,0,0.1005021105005106,3.0,48.4,16.133333333333333,4.666666666666667,6.0,18,0.0,0.0,9.0,4
141386,0,0,0.24698809950247919,2.0,19.6,9.8,4.0,4.0,16,0.0,0.0,1.0,2
141389,0,0,0.11574206293161256,3.0,72.3,24.099999999999998,3.3333333333333335,4.0,4,0.0,0.0,6.0,4
141393,0,0,0.09846196586618235,5.0,121.10000000000001,24.220000000000002,2.8,6.0,13,0.0,0.0,6.0,4
141396,0,0,0.14916138026341644,5.0,99.6,19.919999999999998,3.4,6.0,4,0.0,0.0,3.0,3
141397,0,0,0.202093658956537,4.0,45.2,11.3,4.75,5.0,12,0.0,0.0,3.0,3
141418,0,0,0.14104018697573809,4.0,45.2,11.3,2.5,7.0,18,0.0,0.0,9.0,4
141430,1,0,0.11248877075066309,4.0,99.1,24.775,6.0,7.0,17,0.0,0.0,3.0,4
141435,0,0,0.0724874698284937,4.0,85.1,21.275,5.0,6.0,15,1.0,1.99,10.0,4
141445,0,0,0.22452652414470925,2.0,24.700000000000003,12.350000000000001,2.0,3.0,5,0.0,0.0,3.0,2
141452,0,0,0.16836327273428425,5.0,117.4,23.48,3.6,6.0,13,0.0,0.0,0.0,1
141490,0,0,0.2680903790300671,3.0,37.6,12.533333333333333,2.0,4.0,3,0.0,0.0,1.0,4
141502,0,0,0.046083019120295846,8.0,188.60000000000002,23.575000000000003,3.25,8.0,14,0.0,0.0,10.0,4
141512,0,0,0.06369418835607689,6.0,158.5,26.416666666666668,3.6666666666666665,6.0,13,0.0,0.0,7.0,4
141513,0,0,0.07330081829480005,5.0,112.5,22.5,3.8,6.0,15,0.0,0.0,9.0,3
141534,0,0,0.09926695668981007,4.0,121.7,30.425,3.25,5.0,6,0.0,0.0,4.0,4
141555,0,0,0.20712856376149744,2.0,24.5,12.25,4.5,3.0,7,0.0,0.0,2.0,4
141556,0,0,0.2157666942614949,4.0,41.9,10.475,4.25,5.0,11,0.0,0.0,3.0,4
141558,0,0,0.07053987981123486,4.0,141.3,35.325,5.25,5.0,15,0.0,0.0,4.0,1
141560,1,0,0.22093482897545355,1.0,12.1,12.1,5.0,4.0,18,0.0,0.0,1.0,4
141567,0,0,0.16469079700326425,3.0,74.9,24.96666666666667,5.0,6.0,18,0.0,0.0,1.0,1
141580,0,0,0.2520391760013984,1.0,8.6,8.6,4.0,2.0,5,0.0,0.0,0.0,4
141584,0,0,0.2543794900261766,1.0,1.0,1.0,4.0,2.0,0,0.0,0.0,0.0,4
141593,0,0,0.05809910256286289,6.0,126.5,21.083333333333332,4.0,7.0,15,0.0,0.0,11.0,4
141596,0,0,0.10195873078672527,7.0,161.1,23.014285714285712,2.857142857142857,7.0,11,0.0,0.0,4.0,3
141621,1,0,0.24423692177035122,2.0,18.1,9.05,3.0,5.0,16,0.0,0.0,2.0,1
141623,0,0,0.27259026481983145,2.0,34.2,17.1,2.5,5.0,18,0.0,0.0,0.0,4
141631,0,0,0.09725565598061033,6.0,129.8,21.633333333333336,5.0,9.0,17,1.0,6.98,5.0,4
141633,0,0,0.22318283626751828,2.0,46.099999999999994,23.049999999999997,3.5,3.0,4,0.0,0.0,0.0,1
141641,0,0,0.056512451176920726,5.0,110.89999999999999,22.18,4.4,6.0,10,0.0,0.0,11.0,4
141650,0,0,0.06069569450076566,6.0,195.8,32.63333333333333,4.166666666666667,8.0,16,0.0,0.0,3.0,1
141652,0,0,0.25783758553924824,1.0,35.8,35.8,2.0,2.0,1,0.0,0.0,0.0,2
141664,0,0,0.1570475501553255,4.0,65.39999999999999,16.349999999999998,3.25,5.0,10,0.0,0.0,5.0,4
141669,1,0,0.24911173971405423,3.0,28.3,9.433333333333334,4.333333333333333,4.0,9,0.0,0.0,1.0,3
141674,0,0,0.17734009766216505,4.0,49.8,12.45,3.75,6.0,16,0.0,0.0,5.0,4
141676,0,0,0.19577415676491147,6.0,91.19999999999999,15.199999999999998,3.0,6.0,13,0.0,0.0,3.0,1
141687,0,0,0.1935778358892706,3.0,46.300000000000004,15.433333333333335,4.333333333333333,4.0,3,0.0,0.0,2.0,3
141688,0,0,0.13752208740257496,3.0,55.199999999999996,18.4,5.666666666666667,4.0,8,0.0,0.0,4.0,4
141690,0,0,0.21356796971193742,2.0,13.1,6.55,6.0,3.0,1,0.0,0.0,1.0,3
141692,0,0,0.21253750027884707,2.0,28.9,14.45,2.5,3.0,6,0.0,0.0,3.0,4
141694,0,0,0.21208484550516396,3.0,42.900000000000006,14.300000000000002,4.0,6.0,18,0.0,0.0,2.0,1
141707,0,0,0.26333540926200993,2.0,32.2,16.1,2.0,3.0,15,0.0,0.0,1.0,4
141708,1,0,0.25414212241933476,1.0,9.6,9.6,3.0,2.0,12,0.0,0.0,1.0,4
141712,0,0,0.2199270001212037,4.0,45.8,11.45,2.5,5.0,14,0.0,0.0,4.0,4
141719,0,0,0.1588071407371164,3.0,21.6,7.2,4.0,4.0,8,0.0,0.0,7.0,4
141720,0,0,0.21473193653648714,3.0,42.699999999999996,14.233333333333333,3.3333333333333335,4.0,2,0.0,0.0,2.0,4
141744,0,0,0.22231092818541642,2.0,17.5,8.75,4.0,3.0,3,0.0,0.0,2.0,4
141746,0,0,0.20460120116237518,1.0,18.6,18.6,5.0,2.0,2,0.0,0.0,1.0,3
141748,0,0,0.23769222297313797,2.0,16.0,8.0,4.5,3.0,7,0.0,0.0,1.0,2
141749,0,0,0.27326141300246404,1.0,0.3,0.3,3.0,2.0,3,0.0,0.0,0.0,1
141768,0,0,0.2701034783300297,2.0,28.299999999999997,14.149999999999999,1.5,3.0,7,0.0,0.0,1.0,2
141770,0,0,0.29075760904128173,1.0,1.7,1.7,2.0,2.0,0,0.0,0.0,0.0,4
141785,0,0,0.3029214402834368,2.0,10.7,5.35,1.5,3.0,6,0.0,0.0,1.0,4
141789,0,0,0.2136256257671806,2.0,29.9,14.95,4.5,3.0,2,0.0,0.0,1.0,4
141798,0,0,0.15402295152136036,4.0,72.9,18.225,3.75,5.0,9,0.0,0.0,4.0,4
141816,0,0,0.13606757099238873,2.0,43.4,21.7,5.5,3.0,2,0.0,0.0,4.0,4
141817,0,0,0.20349376705516453,1.0,5.3,5.3,6.0,2.0,9,0.0,0.0,1.0,1
141839,0,0,0.1520872358850792,4.0,84.8,21.2,3.5,5.0,7,0.0,0.0,3.0,2
141855,0,0,0.17142904633679673,2.0,38.7,19.35,2.5,3.0,15,0.0,0.0,5.0,4
141856,0,0,0.3066326907649613,4.0,38.4,9.6,2.0,5.0,12,0.0,0.0,1.0,4
141866,0,0,0.2782537774895603,3.0,31.7,10.566666666666666,3.3333333333333335,4.0,4,0.0,0.0,0.0,4
141870,0,0,0.2420126953734745,1.0,13.1,13.1,4.0,2.0,0,0.0,0.0,0.0,2
141876,0,0,0.23343398185241143,2.0,50.6,25.3,2.0,4.0,18,0.0,0.0,1.0,3
141886,0,0,0.17396859868540085,5.0,55.0,11.0,5.0,6.0,14,0.0,0.0,5.0,3
141889,0,0,0.042432884984172754,6.0,197.70000000000002,32.95,4.5,6.0,12,0.0,0.0,6.0,4
141896,0,0,0.25987006500326043,2.0,22.1,11.05,3.0,3.0,12,0.0,0.0,1.0,4
141899,0,0,0.2723481803690548,1.0,12.2,12.2,3.0,2.0,13,0.0,0.0,0.0,2
141909,0,0,0.09461220932301316,5.0,104.3,20.86,3.0,6.0,14,0.0,0.0,8.0,4
141917,0,0,0.07348292885322157,3.0,114.6,38.199999999999996,5.666666666666667,5.0,15,0.0,0.0,5.0,3
141924,0,0,0.275371950786205,1.0,20.8,20.8,2.0,2.0,5,0.0,0.0,0.0,2
141939,0,0,0.26398012754958877,1.0,11.2,11.2,3.0,2.0,1,0.0,0.0,0.0,4
141943,0,0,0.18195972552785974,5.0,100.19999999999999,20.04,3.2,6.0,7,0.0,0.0,1.0,1
141946,0,0,0.039336886861737405,5.0,163.8,32.760000000000005,4.4,6.0,10,0.0,0.0,9.0,4
141957,0,0,0.2919365346779383,1.0,6.5,6.5,2.0,2.0,7,0.0,0.0,0.0,3
141958,0,0,0.25413581173836647,3.0,40.7,13.566666666666668,3.6666666666666665,4.0,4,0.0,0.0,0.0,4
141961,0,0,0.26599181919976994,2.0,34.400000000000006,17.200000000000003,1.5,3.0,8,1.0,9.99,1.0,4
141967,0,0,0.1701726550437175,2.0,50.9,25.45,3.5,3.0,9,0.0,0.0,3.0,4
141972,0,0,0.04749639284907255,6.0,173.6,28.933333333333334,3.6666666666666665,6.0,11,1.0,19.99,8.0,4
141978,0,0,0.2107569153147648,2.0,48.9,24.45,2.0,3.0,9,0.0,0.0,2.0,3
141982,0,0,0.24806224220009299,1.0,10.1,10.1,4.0,2.0,2,0.0,0.0,0.0,4
141992,0,0,0.05573283737363515,4.0,143.2,35.8,5.25,5.0,13,0.0,0.0,6.0,1
141993,0,0,0.15218649757857128,3.0,69.9,23.3,3.6666666666666665,4.0,2,0.0,0.0,3.0,4
141995,0,0,0.08288559308902736,4.0,124.6,31.15,3.75,5.0,5,0.0,0.0,5.0,3
141997,0,0,0.14900313658020034,2.0,84.3,42.15,3.0,3.0,5,0.0,0.0,2.0,4
141998,0,0,0.19602547525277275,4.0,78.4,19.6,2.5,5.0,13,0.0,0.0,2.0,3
142009,0,0,0.13799124669046375,3.0,71.2,23.733333333333334,3.6666666666666665,4.0,4,0.0,0.0,4.0,4
142014,0,0,0.1702541876637403,2.0,46.1,23.05,4.0,3.0,10,0.0,0.0,3.0,4
142032,0,0,0.14436919161256856,2.0,79.0,39.5,4.0,3.0,7,0.0,0.0,2.0,4
142035,0,0,0.010032481081493938,7.0,300.0,42.857142857142854,4.285714285714286,8.0,17,0.0,0.0,10.0,4
142049,0,0,0.08541719053145883,5.0,131.3,26.26,4.4,7.0,16,0.0,0.0,5.0,2
142061,0,0,0.20726878719616887,2.0,36.7,18.35,2.0,3.0,5,0.0,0.0,3.0,3
142064,0,0,0.16764220083941456,2.0,32.4,16.2,5.5,3.0,10,0.0,0.0,3.0,4
142065,0,0,0.17648027994356552,5.0,75.1,15.02,3.2,6.0,7,0.0,0.0,4.0,3
142066,0,0,0.2786211483362427,3.0,20.5,6.833333333333333,2.3333333333333335,4.0,10,0.0,0.0,2.0,1
142072,0,0,0.050446125075317406,7.0,139.9,19.985714285714288,4.571428571428571,9.0,16,1.0,9.99,12.0,4
142075,0,0,0.30964979483083016,2.0,23.3,11.65,1.5,3.0,13,0.0,0.0,0.0,4
142083,0,0,0.23759748735712224,2.0,29.7,14.85,3.0,3.0,1,0.0,0.0,1.0,4
142086,0,0,0.1489933931094827,7.0,115.9,16.557142857142857,4.0,7.0,11,0.0,0.0,4.0,4
142089,0,0,0.09960778684949352,6.0,117.7,19.616666666666667,3.5,6.0,13,0.0,0.0,7.0,3
142117,0,0,0.24708704098891848,1.0,3.7,3.7,3.0,2.0,1,0.0,0.0,1.0,1
142119,0,0,0.20819920675547035,1.0,34.4,34.4,5.0,2.0,0,0.0,0.0,0.0,2
142123,0,0,0.2935959195032505,1.0,5.8,5.8,2.0,2.0,8,0.0,0.0,0.0,3
142127,0,0,0.13749821073770874,2.0,83.3,41.65,3.5,4.0,18,0.0,0.0,3.0,4
142128,0,0,0.21926187962215146,3.0,67.9,22.633333333333336,3.0,4.0,9,0.0,0.0,0.0,4
142131,0,0,0.10445491610566116,6.0,75.7,12.616666666666667,4.666666666666667,6.0,13,0.0,0.0,10.0,4
142135,0,0,0.25694739780407555,2.0,31.0,15.5,2.5,4.0,17,0.0,0.0,1.0,4
142141,0,0,0.26998306811748335,2.0,13.6,6.8,3.0,3.0,7,0.0,0.0,1.0,4
142142,0,0,0.14148390968770672,5.0,49.9,9.98,2.8,6.0,12,1.0,0.0,10.0,3
142150,0,0,0.23968499174141186,1.0,23.7,23.7,4.0,2.0,6,0.0,0.0,0.0,4
142164,0,0,0.28622283358324174,2.0,25.900000000000002,12.950000000000001,2.0,3.0,5,0.0,0.0,0.0,3
142172,0,0,0.14445875934358238,4.0,42.800000000000004,10.700000000000001,6.0,6.0,16,0.0,0.0,6.0,4
142173,0,0,0.21881067956746908,1.0,19.7,19.7,3.0,2.0,4,0.0,0.0,2.0,4
142177,0,0,0.16178691761040861,2.0,19.1,9.55,8.0,3.0,3,0.0,0.0,2.0,3
142188,0,0,0.16736990964340448,3.0,54.2,18.066666666666666,3.0,4.0,4,0.0,0.0,4.0,2
142194,0,0,0.019736948624802464,10.0,200.6,20.06,4.9,9.0,10,0.0,0.0,18.0,4
142199,0,0,0.2663511469569499,4.0,53.3,13.325,3.25,5.0,9,0.0,0.0,0.0,1
142206,0,0,0.003993835349494205,8.0,375.6,46.95,4.5,8.0,12,0.0,0.0,11.0,2
142213,0,0,0.07342880717175465,4.0,151.1,37.775,2.25,5.0,8,0.0,0.0,5.0,4
142216,0,0,0.24322952488303676,3.0,36.4,12.133333333333333,3.3333333333333335,4.0,2,0.0,0.0,1.0,1
142222,0,0,0.08871002428759835,6.0,121.69999999999999,20.28333333333333,4.166666666666667,6.0,8,0.0,0.0,7.0,4
142227,0,0,0.10226178051471327,4.0,82.7,20.675,5.0,5.0,4,0.0,0.0,6.0,4
142229,0,0,0.1061720066185799,5.0,104.0,20.8,3.0,6.0,17,0.0,0.0,7.0,4
142238,0,0,0.1390789691642396,3.0,92.2,30.733333333333334,1.6666666666666667,4.0,12,0.0,0.0,4.0,4
142247,0,0,0.30226396936151173,1.0,12.8,12.8,1.0,2.0,3,0.0,0.0,0.0,4
142248,0,0,0.1533370895151221,2.0,59.1,29.55,4.0,3.0,8,0.0,0.0,3.0,4
142250,0,0,0.23688378664259355,2.0,32.6,16.3,4.0,3.0,2,0.0,0.0,0.0,4
142252,0,0,0.04563164194216265,4.0,144.9,36.225,3.75,5.0,10,0.0,0.0,9.0,4
142260,0,0,0.33745369616038834,2.0,11.6,5.8,1.0,3.0,8,0.0,0.0,0.0,4
142281,0,0,0.1292006968215616,4.0,75.4,18.85,2.25,5.0,13,0.0,0.0,7.0,3
142283,0,0,0.15425286960802762,4.0,62.400000000000006,15.600000000000001,2.75,5.0,14,0.0,0.0,6.0,2
142287,0,0,0.2585088136279878,1.0,17.2,17.2,3.0,2.0,1,0.0,0.0,0.0,4
142292,0,0,0.23332613669665744,2.0,26.1,13.05,4.0,3.0,10,0.0,0.0,1.0,3
142300,0,0,0.22231262944628147,4.0,38.400000000000006,9.600000000000001,3.25,6.0,16,0.0,0.0,4.0,4
142301,0,0,0.3586393400821446,4.0,24.5,6.125,2.0,5.0,6,0.0,0.0,0.0,4
142307,0,0,0.17566628775581727,2.0,55.0,27.5,2.5,3.0,6,0.0,0.0,3.0,3
142308,0,0,0.15882915463910913,2.0,67.0,33.5,6.0,3.0,1,0.0,0.0,0.0,4
142312,0,0,0.19755179787431493,2.0,32.099999999999994,16.049999999999997,5.5,3.0,8,0.0,0.0,1.0,1
142318,0,0,0.19647622948712362,4.0,49.0,12.25,3.5,5.0,13,0.0,0.0,4.0,2
142324,0,0,0.15701640013271495,2.0,25.4,12.7,6.0,4.0,15,0.0,0.0,4.0,4
142326,0,0,0.2292314132390619,1.0,41.7,41.7,1.0,2.0,2,0.0,0.0,2.0,1
142331,0,0,0.18171793136258757,3.0,25.5,8.5,3.3333333333333335,5.0,17,1.0,49.99,5.0,4
142336,0,0,0.024019032990352625,6.0,245.4,40.9,4.833333333333333,7.0,16,0.0,0.0,6.0,1
142342,0,0,0.14892240698342382,2.0,29.3,14.65,3.5,3.0,6,0.0,0.0,6.0,3
142349,0,0,0.30308304250136364,3.0,14.8,4.933333333333334,2.6666666666666665,4.0,3,0.0,0.0,1.0,4
142353,1,0,0.28243266367265235,1.0,14.7,14.7,1.0,2.0,9,0.0,0.0,1.0,3
142361,0,0,0.027580975437075838,4.0,132.7,33.175,4.75,5.0,8,0.0,0.0,14.0,4
142378,0,0,0.2638636098849677,3.0,31.1,10.366666666666667,3.3333333333333335,5.0,15,0.0,0.0,1.0,1
142386,1,0,0.284529876756145,3.0,37.8,12.6,2.3333333333333335,4.0,5,0.0,0.0,0.0,3
142399,0,0,0.10525819408779143,3.0,36.9,12.299999999999999,6.0,4.0,7,0.0,0.0,8.0,1
142405,0,0,0.054533575671358206,5.0,182.3,36.46,4.4,6.0,10,0.0,0.0,4.0,4
142409,1,0,0.21597155232760726,3.0,61.6,20.533333333333335,2.6666666666666665,4.0,9,0.0,0.0,1.0,3
142412,1,0,0.0532668890135515,5.0,165.2,33.04,3.2,6.0,12,0.0,0.0,7.0,2
142414,0,0,0.2159123977068057,1.0,32.0,32.0,4.0,2.0,12,0.0,0.0,1.0,1
142416,1,0,0.09018088541924586,6.0,115.6,19.266666666666666,3.8333333333333335,7.0,15,0.0,0.0,8.0,4
142417,0,0,0.2579657635815505,1.0,17.8,17.8,3.0,2.0,1,0.0,0.0,0.0,4
142429,0,0,0.18566665253231557,3.0,66.2,22.066666666666666,3.0,4.0,8,0.0,0.0,2.0,4
142434,0,0,0.04932650863879641,5.0,126.7,25.34,5.4,6.0,15,0.0,0.0,10.0,3
142442,0,0,0.19178154685357696,2.0,25.7,12.85,3.0,3.0,7,0.0,0.0,4.0,3
142444,0,0,0.2698524172656498,2.0,20.0,10.0,2.5,3.0,9,0.0,0.0,1.0,4
142445,0,0,0.2637487594182001,1.0,15.5,15.5,3.0,2.0,7,0.0,0.0,0.0,2
142449,0,0,0.14732254453523735,4.0,62.199999999999996,15.549999999999999,3.0,5.0,7,0.0,0.0,6.0,2
142450,0,0,0.23819276734473444,2.0,18.8,9.4,4.0,3.0,1,0.0,0.0,1.0,4
142461,0,0,0.20749516283263045,3.0,46.2,15.4,2.3333333333333335,4.0,5,0.0,0.0,3.0,3
142473,0,0,0.1844238951791505,4.0,48.7,12.175,4.5,6.0,15,0.0,0.0,4.0,4
142475,0,0,0.1767862171195682,5.0,87.10000000000001,17.42,3.0,6.0,8,0.0,0.0,3.0,4
142477,0,0,0.211738371481217,1.0,10.4,10.4,5.0,2.0,2,0.0,0.0,1.0,4
142479,0,0,0.12012759357325273,1.0,23.1,23.1,11.0,3.0,16,0.0,0.0,2.0,3
142482,1,0,0.33716431173144634,2.0,13.9,6.95,1.0,3.0,14,0.0,0.0,0.0,2
142485,0,0,0.12066946829687694,5.0,120.89999999999999,24.18,3.0,6.0,11,1.0,1.99,4.0,1
142491,0,0,0.13536675502210777,4.0,90.8,22.7,4.5,5.0,10,0.0,0.0,3.0,4
142493,0,0,0.10498109707567574,5.0,58.8,11.76,3.8,6.0,15,0.0,0.0,11.0,4
142497,0,0,0.029221647416911713,5.0,228.3,45.660000000000004,3.6,6.0,16,0.0,0.0,6.0,2
142509,0,0,0.18081599768230958,3.0,50.099999999999994,16.7,3.0,4.0,13,0.0,0.0,4.0,4
142512,0,0,0.3039817977912813,2.0,5.4,2.7,2.0,3.0,7,0.0,0.0,1.0,4
142517,0,0,0.08888207293127375,3.0,123.6,41.199999999999996,3.6666666666666665,4.0,14,0.0,0.0,4.0,3
142519,0,0,0.15804559280141528,3.0,64.8,21.599999999999998,4.0,4.0,7,0.0,0.0,3.0,4
142521,0,0,0.19407665342304967,2.0,15.1,7.55,4.0,3.0,10,0.0,0.0,4.0,3
142523,0,0,0.22114515162090825,3.0,33.6,11.200000000000001,3.3333333333333335,5.0,16,0.0,0.0,3.0,3
142525,0,0,0.2574190130254252,1.0,18.5,18.5,3.0,2.0,4,0.0,0.0,0.0,1
142536,0,0,0.1227845749720051,8.0,142.3,17.7875,3.625,8.0,12,0.0,0.0,5.0,4
142537,0,0,0.06251711366987661,3.0,142.3,47.43333333333334,5.333333333333333,4.0,9,0.0,0.0,4.0,1
142538,0,0,0.09448238937943666,4.0,137.10000000000002,34.275000000000006,4.25,5.0,6,0.0,0.0,2.0,1
142540,0,0,0.21579903420213717,1.0,26.7,26.7,5.0,2.0,0,0.0,0.0,0.0,4
142548,0,0,0.2896831902217868,1.0,3.8,3.8,2.0,2.0,1,0.0,0.0,0.0,4
142551,0,0,0.1375140695872134,5.0,99.9,19.98,3.6,6.0,13,0.0,0.0,4.0,2
142562,0,0,0.258260993421825,4.0,50.0,12.5,2.75,5.0,6,0.0,0.0,1.0,1
142576,0,0,0.23263839182758153,1.0,7.2,7.2,5.0,2.0,1,0.0,0.0,0.0,4
142592,0,0,0.17904290035632683,3.0,54.3,18.099999999999998,1.6666666666666667,5.0,18,0.0,0.0,5.0,4
142593,0,0,0.23969064375625224,1.0,8.6,8.6,5.0,3.0,15,0.0,0.0,0.0,1
142599,0,0,0.2783838833217618,1.0,13.6,13.6,2.0,2.0,0,0.0,0.0,0.0,3
142602,0,0,0.21346419675576622,1.0,11.9,11.9,6.0,2.0,4,0.0,0.0,0.0,2
142604,0,0,0.18854092818863744,1.0,40.1,40.1,5.0,2.0,1,0.0,0.0,1.0,4
142616,0,0,0.2211232582990856,1.0,20.1,20.1,5.0,2.0,0,0.0,0.0,0.0,4
142618,0,0,0.24237986044592924,2.0,28.7,14.35,3.5,4.0,16,0.0,0.0,1.0,4
142622,0,0,0.19836093584214326,1.0,29.4,29.4,6.0,2.0,0,0.0,0.0,0.0,4
142624,0,0,0.10686169511051177,4.0,122.2,30.55,3.5,5.0,9,0.0,0.0,3.0,1
142631,0,0,0.2739112802434355,1.0,19.3,19.3,2.0,2.0,0,0.0,0.0,0.0,4
142632,0,0,0.15361574490302513,3.0,84.8,28.266666666666666,3.0,4.0,3,0.0,0.0,2.0,1
142645,0,0,0.24530173390677104,5.0,69.6,13.919999999999998,4.4,6.0,14,0.0,0.0,0.0,1
142647,0,0,0.24667015706432388,2.0,14.5,7.25,5.0,3.0,1,0.0,0.0,0.0,2
142648,0,0,0.2557380694380439,3.0,49.199999999999996,16.4,1.6666666666666667,4.0,11,0.0,0.0,1.0,1
142656,0,0,0.08574455952219928,3.0,80.7,26.900000000000002,5.0,4.0,11,0.0,0.0,7.0,1
142664,0,0,0.092494019329785,4.0,51.9,12.975,6.25,5.0,4,0.0,0.0,9.0,4
142675,0,0,0.27634060851348424,1.0,5.9,5.9,3.0,2.0,9,0.0,0.0,0.0,4
142677,0,0,0.2727164740096022,2.0,16.6,8.3,3.5,3.0,3,0.0,0.0,0.0,3
142688,0,0,0.26492364393254897,1.0,28.0,28.0,2.0,2.0,0,0.0,0.0,0.0,3
142700,0,0,0.20653078090472307,5.0,57.599999999999994,11.52,3.4,6.0,10,0.0,0.0,4.0,3
142716,0,0,0.03606563407310388,8.0,239.6,29.95,3.875,8.0,11,0.0,0.0,6.0,1
142722,0,0,0.1279521999415016,3.0,113.1,37.699999999999996,2.6666666666666665,4.0,10,0.0,0.0,2.0,4
142723,0,0,0.1957444935918338,3.0,56.8,18.933333333333334,3.3333333333333335,4.0,8,0.0,0.0,2.0,4
142729,0,0,0.40226494160070697,4.0,17.900000000000002,4.4750000000000005,1.25,5.0,18,0.0,0.0,0.0,1
142739,0,0,0.16050102565917182,2.0,89.5,44.75,2.5,3.0,2,0.0,0.0,1.0,2
142749,0,0,0.25002472771604245,1.0,18.9,18.9,4.0,2.0,15,0.0,0.0,0.0,2
142751,0,0,0.10262999208061489,3.0,92.9,30.96666666666667,7.0,4.0,2,0.0,0.0,2.0,1
142758,0,0,0.13249691423375826,3.0,82.30000000000001,27.433333333333337,2.3333333333333335,6.0,18,0.0,0.0,5.0,4
142763,0,0,0.25128716499158266,1.0,3.5,3.5,4.0,2.0,0,0.0,0.0,0.0,3
142764,0,0,0.17573665984187872,3.0,69.69999999999999,23.23333333333333,3.3333333333333335,4.0,8,0.0,0.0,2.0,4
142766,0,0,0.025435328087514822,6.0,230.6,38.43333333333333,4.833333333333333,6.0,13,0.0,0.0,7.0,2
142776,0,0,0.10080126807856549,5.0,102.5,20.5,4.2,6.0,15,1.0,1.99,7.0,4
142798,0,0,0.13010900171052173,5.0,137.5,27.5,3.6,6.0,13,1.0,4.99,1.0,1
142821,0,0,0.18962291205413567,2.0,69.2,34.6,3.5,3.0,3,0.0,0.0,0.0,2
142823,0,0,0.22002671649398525,2.0,34.1,17.05,4.0,3.0,8,0.0,0.0,1.0,4
142842,0,0,0.27201245302483573,1.0,2.9,2.9,2.0,2.0,5,0.0,0.0,1.0,4
142855,0,0,0.13758490427280792,4.0,65.9,16.475,4.75,5.0,8,0.0,0.0,5.0,4
142859,0,0,0.2117232668954049,2.0,20.7,10.35,5.5,3.0,5,0.0,0.0,1.0,1
142860,0,0,0.1497627063034052,5.0,81.8,16.36,3.6,6.0,12,0.0,0.0,5.0,4
142868,0,0,0.1731353444465748,2.0,88.2,44.1,2.0,3.0,7,0.0,0.0,1.0,4
142871,0,0,0.18243560044634358,2.0,18.4,9.2,4.5,3.0,9,0.0,0.0,4.0,4
142872,0,0,0.24597972858160724,1.0,29.3,29.3,3.0,2.0,0,0.0,0.0,0.0,3
142874,1,0,0.20652703953105145,1.0,0.9,0.9,7.0,2.0,2,0.0,0.0,0.0,4
142877,1,0,0.3163873356309195,2.0,15.0,7.5,1.5,3.0,4,0.0,0.0,0.0,4
142892,0,0,0.28465743049307224,1.0,8.0,8.0,2.0,2.0,0,0.0,0.0,0.0,4
142893,0,0,0.01662575662490593,5.0,196.1,39.22,5.0,6.0,6,0.0,0.0,13.0,4
142895,0,0,0.14493841693832477,6.0,122.0,20.333333333333332,4.166666666666667,6.0,12,0.0,0.0,2.0,1
142897,1,0,0.1854542639460322,5.0,97.9,19.580000000000002,2.4,6.0,14,0.0,0.0,2.0,1
142907,0,0,0.3251601223013847,4.0,21.2,5.3,2.0,6.0,17,0.0,0.0,2.0,2
142911,0,0,0.010657598644739525,8.0,295.0,36.875,4.625,8.0,13,1.0,9.99,11.0,4
142915,0,0,0.19488076835854565,2.0,46.800000000000004,23.400000000000002,3.0,3.0,5,0.0,0.0,2.0,2
142920,0,0,0.06802811024862658,10.0,100.8,10.08,4.3,9.0,13,0.0,0.0,18.0,4
142926,1,0,0.2302568705451005,3.0,30.8,10.266666666666667,3.0,4.0,12,0.0,0.0,3.0,4
142927,0,0,0.13074311017960108,5.0,91.3,18.259999999999998,2.8,6.0,9,0.0,0.0,6.0,4
142937,0,0,0.0670086792366012,9.0,183.4,20.37777777777778,3.888888888888889,9.0,10,1.0,4.99,8.0,3
142944,0,0,0.30159989377503355,3.0,17.6,5.866666666666667,3.0,6.0,17,0.0,0.0,1.0,4
142947,0,0,0.12622368876888818,5.0,92.39999999999999,18.479999999999997,3.4,6.0,15,0.0,0.0,6.0,4
142948,0,0,0.22761397814558285,3.0,25.1,8.366666666666667,4.666666666666667,4.0,6,0.0,0.0,2.0,4
142952,0,0,0.23197770800667675,3.0,30.6,10.200000000000001,2.6666666666666665,4.0,7,0.0,0.0,3.0,4
142956,0,0,0.16494641442831778,4.0,33.2,8.3,3.0,5.0,13,0.0,0.0,8.0,4
142959,0,0,0.14472701818941833,4.0,85.2,21.3,3.25,5.0,9,1.0,9.99,4.0,3
142963,0,0,0.2645324588944762,2.0,22.0,11.0,2.5,3.0,7,0.0,0.0,1.0,4
142965,0,0,0.3069273439380662,1.0,9.2,9.2,1.0,2.0,6,0.0,0.0,0.0,2
142971,1,0,0.32338169867780453,4.0,31.6,7.9,3.25,5.0,14,0.0,0.0,0.0,4
142973,0,0,0.212659131303628,3.0,49.4,16.466666666666665,2.0,4.0,11,0.0,0.0,3.0,4
142974,0,0,0.1414601512627659,3.0,111.19999999999999,37.06666666666666,2.6666666666666665,4.0,7,0.0,0.0,1.0,4
142975,0,0,0.18740680260071188,1.0,26.5,26.5,7.0,2.0,2,0.0,0.0,0.0,4
142976,0,0,0.2728664977082477,1.0,15.8,15.8,3.0,4.0,18,0.0,0.0,0.0,4
142985,0,0,0.13462963538750736,3.0,69.0,23.0,4.666666666666667,4.0,13,0.0,0.0,4.0,4
142987,0,0,0.17435494096877088,7.0,71.7,10.242857142857144,2.7142857142857144,7.0,9,0.0,0.0,8.0,3
142989,1,0,0.16194302602087793,4.0,64.2,16.05,3.0,5.0,10,0.0,0.0,5.0,4
142990,1,0,0.22369505838705725,4.0,59.3,14.825,3.0,5.0,13,0.0,0.0,2.0,4
142998,0,0,0.12902758809293013,4.0,76.5,19.125,4.25,5.0,7,0.0,0.0,5.0,4
143017,1,0,0.24502745784383972,3.0,29.700000000000003,9.9,2.0,4.0,9,0.0,0.0,3.0,2
143023,0,0,0.11022851365350066,4.0,70.5,17.625,4.5,5.0,7,0.0,0.0,7.0,4
143024,0,0,0.10060270801074682,5.0,154.2,30.839999999999996,3.2,6.0,12,0.0,0.0,2.0,4
143025,0,0,0.17425133636843848,3.0,66.0,22.0,2.6666666666666665,4.0,8,0.0,0.0,3.0,4
143028,0,0,0.3030170711604942,2.0,18.9,9.45,2.0,3.0,8,0.0,0.0,0.0,4
143034,0,0,0.1854539896934364,6.0,76.2,12.700000000000001,3.1666666666666665,6.0,11,0.0,0.0,5.0,2
143035,0,0,0.2588759415036927,4.0,38.1,9.525,4.0,5.0,5,1.0,19.99,1.0,3
143038,0,0,0.1642922918492228,1.0,33.0,33.0,7.0,2.0,1,0.0,0.0,1.0,1
143041,0,0,0.06661983901990304,5.0,165.1,33.019999999999996,4.4,7.0,18,0.0,0.0,4.0,1
143048,0,0,0.2400523849704981,2.0,45.9,22.95,2.5,3.0,1,0.0,0.0,0.0,4
143053,0,0,0.23859503927983147,1.0,0.2,0.2,5.0,2.0,1,0.0,0.0,0.0,4
143054,0,0,0.07332661784914808,7.0,123.7,17.67142857142857,4.571428571428571,9.0,17,0.0,0.0,10.0,4
143055,1,0,0.24839105423648628,1.0,16.7,16.7,4.0,2.0,9,0.0,0.0,0.0,4
143084,0,0,0.12785918533324536,5.0,93.0,18.6,3.8,6.0,5,0.0,0.0,5.0,3
143094,0,0,0.19890772680742141,5.0,81.2,16.240000000000002,3.4,6.0,10,0.0,0.0,2.0,3
143096,0,0,0.20770593254510594,2.0,25.5,12.75,5.5,3.0,6,0.0,0.0,1.0,4
143099,0,0,0.17183435150588136,5.0,65.6,13.12,4.8,6.0,8,0.0,0.0,4.0,4
143102,0,0,0.0489437884414565,5.0,83.7,16.740000000000002,4.6,6.0,10,0.0,0.0,15.0,4
143104,0,0,0.21788529442326565,1.0,24.1,24.1,5.0,2.0,0,0.0,0.0,0.0,4
143125,0,0,0.18669374537751962,3.0,43.4,14.466666666666667,2.6666666666666665,4.0,3,0.0,0.0,4.0,1
143128,0,0,0.19376973356919908,2.0,36.7,18.35,3.0,3.0,6,0.0,0.0,3.0,4
143142,0,0,0.11947123933137133,4.0,100.60000000000001,25.150000000000002,3.75,5.0,11,0.0,0.0,4.0,4
143147,0,0,0.3153618853125341,1.0,2.8,2.8,1.0,2.0,6,0.0,0.0,0.0,4
143151,0,0,0.16514458564650775,4.0,75.3,18.825,4.0,6.0,17,0.0,0.0,3.0,2
143168,0,0,0.0381393276708971,7.0,176.9,25.271428571428572,4.857142857142857,7.0,7,0.0,0.0,10.0,4
143178,0,0,0.24603827672724207,3.0,27.6,9.200000000000001,4.333333333333333,4.0,3,0.0,0.0,1.0,4
143179,0,0,0.2523237387350553,1.0,3.3,3.3,4.0,2.0,0,0.0,0.0,0.0,4
143180,0,0,0.12144208325047187,4.0,104.3,26.075,4.25,5.0,10,0.0,0.0,3.0,4
143181,0,0,0.2691742998076232,1.0,24.4,24.4,2.0,2.0,1,0.0,0.0,0.0,3
143194,0,0,0.13788610287689604,4.0,104.5,26.125,3.75,5.0,9,0.0,0.0,2.0,3
143196,0,0,0.215328251722013,3.0,72.9,24.3,1.6666666666666667,4.0,12,0.0,0.0,1.0,4
143197,0,0,0.2925210834250528,3.0,32.5,10.833333333333334,1.6666666666666667,4.0,11,0.0,0.0,1.0,4
143212,0,0,0.2716691395970758,1.0,2.0,2.0,3.0,2.0,3,0.0,0.0,0.0,1
143213,1,0,0.15432599079881168,4.0,71.7,17.925,5.25,5.0,13,0.0,0.0,3.0,4
143215,0,0,0.3136436779829208,3.0,9.4,3.1333333333333333,2.0,4.0,12,0.0,0.0,2.0,4
143217,0,0,0.16704242799139896,3.0,88.3,29.433333333333334,2.0,4.0,11,0.0,0.0,2.0,2
143224,0,0,0.2830879139422698,1.0,10.0,10.0,1.0,2.0,4,0.0,0.0,1.0,4
143227,0,0,0.30068347210661184,1.0,11.4,11.4,1.0,2.0,0,0.0,0.0,0.0,4
143232,0,0,0.06750583323091604,4.0,72.5,18.125,4.0,5.0,7,0.0,0.0,12.0,2
143244,0,0,0.17593954478095986,3.0,82.5,27.5,3.3333333333333335,5.0,17,0.0,0.0,1.0,1
143246,0,0,0.2663524129463242,1.0,2.4,2.4,4.0,3.0,16,0.0,0.0,0.0,4
143247,0,0,0.09463740564747536,5.0,114.0,22.8,3.0,6.0,14,0.0,0.0,7.0,4
143259,0,0,0.22946317507248198,2.0,51.0,25.5,2.5,3.0,1,0.0,0.0,0.0,1
143264,0,0,0.13717205449135983,4.0,70.9,17.725,4.0,5.0,4,0.0,0.0,5.0,4
143270,0,0,0.2296016170953997,1.0,31.6,31.6,4.0,2.0,2,0.0,0.0,0.0,4
143271,0,0,0.1924634156504354,2.0,40.1,20.05,4.0,3.0,7,0.0,0.0,2.0,4
143273,0,0,0.10300709093489063,3.0,65.2,21.733333333333334,5.666666666666667,4.0,9,0.0,0.0,6.0,2
143276,0,0,0.11181528906334283,3.0,60.0,20.0,6.333333333333333,4.0,5,0.0,0.0,5.0,4
143288,0,0,0.16251276821555552,3.0,83.3,27.766666666666666,3.0,4.0,12,0.0,0.0,2.0,3
143293,0,0,0.2007539506728121,3.0,58.599999999999994,19.53333333333333,3.0,4.0,12,0.0,0.0,2.0,4
143307,0,0,0.07068802846455711,7.0,164.7,23.52857142857143,3.2857142857142856,7.0,13,0.0,0.0,7.0,4
143323,0,0,0.21677182202656997,2.0,13.799999999999999,6.8999999999999995,4.0,4.0,15,0.0,0.0,3.0,3
143330,0,0,0.14382696356358224,3.0,58.6,19.533333333333335,5.666666666666667,4.0,3,0.0,0.0,3.0,4
143336,0,0,0.181633795550068,3.0,39.3,13.1,3.3333333333333335,4.0,13,1.0,4.99,5.0,4
143341,0,0,0.17340477624896067,2.0,38.5,19.25,3.0,3.0,4,0.0,0.0,4.0,4
143354,0,0,0.07558987370799562,4.0,141.3,35.325,3.25,6.0,16,0.0,0.0,5.0,1
143361,0,0,0.007026769488925089,7.0,313.5,44.785714285714285,3.5714285714285716,7.0,9,0.0,0.0,12.0,1
143366,0,0,0.17390266753216468,2.0,86.9,43.45,2.5,4.0,17,0.0,0.0,1.0,4
143376,1,0,0.23813449688834618,3.0,59.3,19.766666666666666,1.6666666666666667,4.0,10,0.0,0.0,1.0,4
143383,0,0,0.19679043584287462,2.0,29.8,14.9,3.5,3.0,7,0.0,0.0,3.0,4
143388,0,0,0.20302721354995645,1.0,1.2,1.2,5.0,2.0,5,0.0,0.0,2.0,4
143390,1,0,0.3691814047776911,6.0,45.7,7.616666666666667,2.8333333333333335,6.0,12,0.0,0.0,0.0,2
143394,0,0,0.0624632843267441,6.0,132.70000000000002,22.11666666666667,3.8333333333333335,6.0,12,1.0,99.99,7.0,1
143410,0,0,0.21317150083190023,2.0,46.0,23.0,3.0,3.0,2,0.0,0.0,1.0,4
143411,1,0,0.2754533601127597,3.0,17.3,5.766666666666667,3.0,4.0,10,0.0,0.0,2.0,4
143421,0,0,0.26776032164380265,1.0,6.2,6.2,3.0,2.0,3,0.0,0.0,0.0,1
143424,0,0,0.273625816769898,1.0,20.6,20.6,2.0,2.0,1,0.0,0.0,0.0,4
143427,0,0,0.2527571026524719,3.0,37.5,12.5,4.0,4.0,5,0.0,0.0,0.0,1
143436,0,0,0.24653338959850432,2.0,47.2,23.6,2.0,3.0,1,0.0,0.0,0.0,4
143441,0,0,0.21432055305785186,2.0,20.299999999999997,10.149999999999999,6.5,3.0,1,0.0,0.0,0.0,4
143442,0,0,0.04301654965358014,4.0,184.5,46.125,4.25,5.0,5,0.0,0.0,5.0,4
143445,0,0,0.25015449156344377,1.0,6.8,6.8,4.0,2.0,3,0.0,0.0,0.0,2
143450,0,0,0.22260521161131303,2.0,21.0,10.5,3.5,3.0,1,0.0,0.0,2.0,3
143452,0,0,0.2030939452988506,2.0,47.5,23.75,5.5,3.0,18,0.0,0.0,0.0,4
143455,0,0,0.16241190236874364,5.0,63.199999999999996,12.639999999999999,3.4,6.0,7,0.0,0.0,6.0,4
143458,0,0,0.1950119125947485,4.0,38.9,9.725,4.0,5.0,12,1.0,1.99,5.0,1
143459,0,0,0.058981704266228556,5.0,162.4,32.480000000000004,5.0,6.0,15,0.0,0.0,5.0,4
143460,0,0,0.12673771816636506,4.0,64.6,16.15,3.75,5.0,12,0.0,0.0,7.0,4
143461,0,0,0.0625657329148204,6.0,128.7,21.45,3.8333333333333335,6.0,9,0.0,0.0,10.0,4
143469,0,0,0.2690370310264295,1.0,2.8,2.8,3.0,2.0,0,0.0,0.0,0.0,2
143472,0,0,0.08311602280045023,7.0,97.1,13.87142857142857,4.142857142857143,8.0,17,0.0,0.0,12.0,3
143491,0,0,0.23447370896090747,1.0,4.4,4.4,4.0,2.0,4,0.0,0.0,1.0,4
143497,0,0,0.23550083503180885,3.0,48.4,16.133333333333333,2.6666666666666665,4.0,3,0.0,0.0,1.0,4
143504,0,0,0.09350158124942734,4.0,71.3,17.825,4.0,5.0,7,0.0,0.0,9.0,4
143510,0,0,0.2589167870598849,3.0,13.1,4.366666666666666,4.666666666666667,4.0,16,0.0,0.0,2.0,4
143512,0,0,0.19616170819084056,2.0,41.5,20.75,4.5,3.0,4,0.0,0.0,1.0,1
143527,1,0,0.29101228590700384,1.0,11.4,11.4,2.0,2.0,10,0.0,0.0,0.0,4
143530,1,0,0.1540104707018496,3.0,95.7,31.900000000000002,4.333333333333333,4.0,4,0.0,0.0,0.0,4
143540,0,0,0.2845321309575673,0.0,0.0,0.0,0.0,1.0,15,0.0,0.0,1.0,3
143543,0,0,0.1910636500955684,1.0,10.6,10.6,4.0,2.0,2,0.0,0.0,3.0,4
143545,0,0,0.20968273950565458,2.0,14.7,7.35,3.0,3.0,9,0.0,0.0,4.0,4
143546,0,0,0.18253665115008572,4.0,81.3,20.325,3.0,5.0,11,0.0,0.0,2.0,3
143555,0,0,0.21093277210779882,3.0,37.5,12.5,4.666666666666667,6.0,18,0.0,0.0,2.0,1
143562,0,0,0.11355254291907144,5.0,147.9,29.580000000000002,3.4,6.0,8,0.0,0.0,1.0,2
143563,0,0,0.22438491783372994,2.0,21.1,10.55,2.5,3.0,7,0.0,0.0,3.0,3
143565,0,0,0.1658681395483,4.0,74.1,18.525,4.0,5.0,12,0.0,0.0,3.0,4
143576,0,0,0.24056183054290467,1.0,33.6,33.6,3.0,2.0,0,0.0,0.0,0.0,1
143579,0,0,0.13711742035522226,4.0,71.1,17.775,3.0,5.0,8,0.0,0.0,6.0,4
143581,0,0,0.23458423233860662,3.0,25.4,8.466666666666667,3.3333333333333335,4.0,12,0.0,0.0,3.0,4
143594,0,0,0.2241709373756477,1.0,1.0,1.0,5.0,2.0,10,0.0,0.0,1.0,2
143596,0,0,0.16285808869770563,4.0,51.2,12.8,4.25,5.0,6,0.0,0.0,5.0,4
143597,0,0,0.05811885726496321,7.0,165.0,23.571428571428573,5.285714285714286,7.0,10,0.0,0.0,7.0,3
143604,0,0,0.2316944981997269,1.0,30.1,30.1,4.0,2.0,3,0.0,0.0,0.0,4
143605,0,0,0.03434085851072487,6.0,182.2,30.366666666666664,4.166666666666667,8.0,18,0.0,0.0,10.0,3
143608,0,0,0.19964879570069363,2.0,29.7,14.85,4.5,3.0,7,0.0,0.0,2.0,4
143610,1,0,0.2837633701623311,1.0,8.3,8.3,1.0,2.0,3,0.0,0.0,1.0,4
143616,0,0,0.3221095335410065,1.0,2.2,2.2,1.0,2.0,12,0.0,0.0,0.0,4
143620,0,0,0.21542652651150826,3.0,22.6,7.533333333333334,5.0,5.0,18,0.0,0.0,3.0,3
143636,0,0,0.25727769768643743,4.0,38.199999999999996,9.549999999999999,3.0,5.0,3,0.0,0.0,2.0,4
143642,0,0,0.18753063204790738,2.0,29.7,14.85,4.5,3.0,14,0.0,0.0,3.0,4
143647,0,0,0.21143459120802888,2.0,57.7,28.85,2.0,3.0,2,0.0,0.0,1.0,4
143648,0,0,0.3206060813788873,2.0,9.7,4.85,2.0,3.0,10,0.0,0.0,0.0,2
143660,0,0,0.20257458362850395,3.0,55.2,18.400000000000002,1.6666666666666667,4.0,4,0.0,0.0,3.0,4
143661,0,0,0.1897220014993501,5.0,49.8,9.959999999999999,4.6,6.0,16,0.0,0.0,5.0,3
143665,0,0,0.18977734198595303,2.0,44.900000000000006,22.450000000000003,2.5,3.0,8,0.0,0.0,3.0,2
143677,0,0,0.30384490479976173,4.0,21.4,5.35,2.75,5.0,9,0.0,0.0,2.0,3
143688,0,0,0.21946262580434292,4.0,56.7,14.175,4.75,5.0,13,0.0,0.0,1.0,4
143697,1,0,0.2061496133197222,1.0,41.8,41.8,2.0,2.0,6,1.0,4.99,3.0,4
143706,0,0,0.09713188967138524,6.0,105.5,17.583333333333332,4.166666666666667,7.0,15,0.0,0.0,8.0,3
143710,0,0,0.2551998026116583,2.0,14.0,7.0,2.5,3.0,8,0.0,0.0,2.0,1
143713,0,0,0.208708517623859,3.0,68.4,22.8,3.6666666666666665,4.0,10,0.0,0.0,0.0,4
143717,0,0,0.11306641024525928,3.0,126.8,42.266666666666666,2.6666666666666665,4.0,10,0.0,0.0,2.0,4
143728,0,0,0.2936269781208541,1.0,5.8,5.8,2.0,2.0,9,0.0,0.0,0.0,2
143729,0,0,0.2479432191330058,3.0,33.3,11.1,3.0,5.0,16,0.0,0.0,2.0,4
143752,0,0,0.2668969262357864,1.0,8.4,8.4,2.0,2.0,5,0.0,0.0,1.0,4
143758,1,0,0.24502147600340216,1.0,12.6,12.6,4.0,2.0,2,0.0,0.0,0.0,3
143765,0,0,0.22600219882222106,3.0,48.0,16.0,3.3333333333333335,4.0,4,0.0,0.0,1.0,4
143766,0,0,0.18921950568688972,3.0,50.400000000000006,16.8,3.0,4.0,2,0.0,0.0,3.0,4
143776,0,0,0.11389610244180573,4.0,57.900000000000006,14.475000000000001,4.5,5.0,9,0.0,0.0,8.0,4
143783,0,0,0.2871656162289485,1.0,5.4,5.4,2.0,2.0,0,0.0,0.0,0.0,4
143791,0,0,0.047252782268891354,5.0,181.9,36.38,3.8,6.0,13,0.0,0.0,6.0,3
143808,0,0,0.26425631064597904,1.0,18.9,18.9,3.0,2.0,10,0.0,0.0,0.0,3
143810,0,0,0.1266983034098723,3.0,59.699999999999996,19.9,5.0,4.0,8,0.0,0.0,5.0,4
143814,0,0,0.2362340754171306,6.0,55.5,9.25,2.6666666666666665,6.0,13,0.0,0.0,5.0,4
143817,0,0,0.2673439164327944,3.0,41.8,13.933333333333332,2.6666666666666665,4.0,4,0.0,0.0,0.0,1
143825,0,0,0.02447982358965556,6.0,199.7,33.28333333333333,4.5,7.0,15,0.0,0.0,11.0,4
143826,0,0,0.25140777454708924,3.0,40.9,13.633333333333333,2.6666666666666665,4.0,5,0.0,0.0,1.0,4
143827,0,0,0.1192430107817896,3.0,111.2,37.06666666666667,4.666666666666667,4.0,5,0.0,0.0,1.0,4
143830,0,0,0.20144423186137034,4.0,59.2,14.8,3.0,5.0,8,0.0,0.0,3.0,4
143834,0,0,0.20451932120258823,1.0,19.4,19.4,6.0,2.0,1,0.0,0.0,0.0,1
143844,0,0,0.22872359912386755,7.0,100.9,14.414285714285715,2.7142857142857144,8.0,16,0.0,0.0,2.0,2
143847,0,0,0.1051460879078866,5.0,87.4,17.48,3.4,6.0,7,0.0,0.0,8.0,3
143851,0,0,0.3040767901299572,1.0,2.8,2.8,2.0,3.0,17,0.0,0.0,0.0,3
143853,0,0,0.20995076835137294,1.0,14.3,14.3,6.0,2.0,0,0.0,0.0,0.0,4
143855,0,0,0.16897417869817266,3.0,76.0,25.333333333333332,4.333333333333333,4.0,9,0.0,0.0,1.0,3
143863,0,0,0.2612282571488779,2.0,11.799999999999999,5.8999999999999995,3.5,3.0,4,0.0,0.0,1.0,4
143868,0,0,0.22351995973666527,1.0,42.3,42.3,3.0,2.0,9,0.0,0.0,1.0,4
143873,0,0,0.2989539705522193,2.0,21.8,10.9,1.0,3.0,13,0.0,0.0,1.0,4
143897,0,0,0.1740250201157874,2.0,42.2,21.1,6.0,3.0,1,0.0,0.0,1.0,4
143903,0,0,0.08461961012578226,4.0,118.7,29.675,4.25,5.0,6,0.0,0.0,5.0,3
143910,0,0,0.15418128845694132,2.0,41.7,20.85,3.5,4.0,15,0.0,0.0,5.0,4
143912,0,0,0.29960506701260553,3.0,28.300000000000004,9.433333333333335,1.6666666666666667,4.0,11,0.0,0.0,1.0,2
143915,0,0,0.05622584915565689,4.0,188.8,47.2,3.25,5.0,8,0.0,0.0,3.0,4
143919,0,0,0.051980323874488525,6.0,192.2,32.03333333333333,3.1666666666666665,6.0,14,1.0,9.99,6.0,3
143929,0,0,0.24471705584522932,1.0,33.7,33.7,3.0,2.0,2,0.0,0.0,0.0,4
143931,0,0,0.22930403565356364,2.0,26.9,13.45,2.0,3.0,13,0.0,0.0,3.0,4
143935,1,0,0.26340231357074806,3.0,38.3,12.766666666666666,3.6666666666666665,4.0,10,0.0,0.0,0.0,3
143951,0,0,0.30833440443875404,1.0,0.7,0.7,2.0,3.0,16,1.0,9.99,0.0,2
143954,0,0,0.13139056134825416,4.0,96.1,24.025,4.0,5.0,8,0.0,0.0,3.0,1
143956,0,0,0.0966587756019232,3.0,87.9,29.3,4.333333333333333,4.0,17,0.0,0.0,6.0,2
143970,0,0,0.2576608422156984,4.0,39.6,9.9,3.5,6.0,18,0.0,0.0,2.0,4
143972,0,0,0.1210621561104799,5.0,101.8,20.36,3.6,6.0,10,0.0,0.0,5.0,2
143979,0,0,0.25525952737216945,1.0,9.0,9.0,3.0,3.0,15,0.0,0.0,1.0,3
143990,0,0,0.20282639418378373,3.0,46.6,15.533333333333333,3.0,4.0,14,0.0,0.0,3.0,2
143993,0,0,0.06943027773955812,5.0,133.1,26.619999999999997,3.0,6.0,12,0.0,0.0,8.0,4
143999,0,0,0.18983446741968296,4.0,37.8,9.45,3.0,5.0,13,0.0,0.0,6.0,4
144000,0,0,0.1612089884143943,5.0,88.0,17.6,3.2,6.0,16,0.0,0.0,4.0,2
144004,1,0,0.27635842481005723,4.0,44.099999999999994,11.024999999999999,2.75,5.0,9,0.0,0.0,1.0,4
144019,1,0,0.27740299229404664,2.0,34.5,17.25,1.5,3.0,3,0.0,0.0,0.0,2
144020,0,0,0.24536320331127648,2.0,15.700000000000001,7.8500000000000005,3.0,3.0,10,0.0,0.0,2.0,1
144023,0,0,0.13905103347505904,4.0,78.6,19.65,4.5,6.0,16,0.0,0.0,4.0,1
144024,0,0,0.044047720632829294,5.0,185.9,37.18,4.0,6.0,11,0.0,0.0,6.0,3
144027,0,0,0.26829843892922944,2.0,24.900000000000002,12.450000000000001,3.0,3.0,3,0.0,0.0,0.0,4
144032,0,0,0.2652638368323879,1.0,10.8,10.8,3.0,2.0,2,0.0,0.0,0.0,4
144036,1,0,0.20596030656434144,3.0,39.2,13.066666666666668,3.6666666666666665,6.0,17,0.0,0.0,3.0,3
144042,0,0,0.2044781690087466,1.0,42.5,42.5,4.0,2.0,5,0.0,0.0,1.0,4
144047,0,0,0.04367048524683406,7.0,241.10000000000002,34.44285714285714,3.857142857142857,9.0,17,0.0,0.0,3.0,4
144057,0,0,0.18899075398604626,2.0,59.1,29.55,4.5,3.0,1,0.0,0.0,0.0,4
144063,0,0,0.24164605172298348,1.0,19.5,19.5,4.0,2.0,6,0.0,0.0,0.0,2
144076,1,0,0.25809670511889654,2.0,38.9,19.45,1.0,3.0,2,0.0,0.0,1.0,4
144078,1,0,0.2322503302889601,2.0,45.7,22.85,3.5,5.0,16,0.0,0.0,0.0,2
144086,0,0,0.2634659941181428,2.0,24.2,12.1,1.5,4.0,15,0.0,0.0,2.0,4
144087,1,0,0.1895270702071995,4.0,83.8,20.95,3.5,5.0,15,0.0,0.0,1.0,1
144089,0,0,0.24851000738446802,1.0,7.6,7.6,4.0,2.0,0,0.0,0.0,0.0,4
144094,0,0,0.14055457048616962,4.0,104.6,26.15,3.25,5.0,5,0.0,0.0,2.0,2
144107,0,0,0.2773765395173807,1.0,4.9,4.9,3.0,2.0,12,0.0,0.0,0.0,1
144113,0,0,0.15351908350746146,3.0,64.2,21.400000000000002,4.333333333333333,4.0,5,0.0,0.0,3.0,4
144124,0,0,0.24923173554355477,2.0,46.099999999999994,23.049999999999997,2.0,3.0,2,0.0,0.0,0.0,4
144146,0,0,0.14405081634650488,4.0,77.3,19.325,3.75,5.0,10,1.0,21.979999999999997,4.0,1
144148,0,0,0.2467588600952969,2.0,29.9,14.95,2.0,4.0,17,0.0,0.0,2.0,4
144149,0,0,0.26548795452772533,1.0,7.6,7.6,3.0,2.0,0,0.0,0.0,0.0,3
144150,0,0,0.16138922917774665,4.0,86.2,21.55,4.25,6.0,18,0.0,0.0,2.0,2
144155,0,0,0.2586028998150575,1.0,16.1,16.1,3.0,2.0,0,0.0,0.0,0.0,4
144157,0,0,0.2718218939089153,2.0,24.0,12.0,3.5,3.0,16,0.0,0.0,0.0,3
144158,0,0,0.051811043410557034,9.0,220.4,24.48888888888889,4.0,9.0,12,0.0,0.0,6.0,1
144160,0,0,0.2967243191653095,1.0,15.4,15.4,1.0,2.0,0,0.0,0.0,0.0,4
144163,0,0,0.1655062966404725,2.0,69.6,34.8,3.5,4.0,17,0.0,0.0,2.0,2
144173,0,0,0.2220655874962044,7.0,75.4,10.771428571428572,3.857142857142857,7.0,13,0.0,0.0,4.0,1
144197,0,0,0.29504307731965496,4.0,31.5,7.875,3.0,5.0,7,0.0,0.0,1.0,1
144198,0,0,0.18654056772349567,2.0,23.4,11.7,6.0,3.0,8,0.0,0.0,2.0,3
144205,0,0,0.17263457602894453,4.0,91.6,22.9,3.75,5.0,11,0.0,0.0,1.0,4
144206,0,0,0.26710212252064097,1.0,14.1,14.1,2.0,5.0,18,0.0,0.0,1.0,1
144213,0,0,0.24699933499967847,1.0,13.3,13.3,4.0,2.0,4,0.0,0.0,0.0,4
144244,0,0,0.24190982603289188,5.0,28.3,5.66,3.6,6.0,9,0.0,0.0,5.0,4
144245,0,0,0.22585219020794903,1.0,13.4,13.4,5.0,2.0,1,0.0,0.0,0.0,2
144257,0,0,0.18243096921929094,2.0,41.0,20.5,5.5,3.0,1,0.0,0.0,1.0,4
144263,0,0,0.1856296756516744,2.0,62.7,31.35,5.0,3.0,14,0.0,0.0,0.0,3
144266,0,0,0.15249120034845318,5.0,94.6,18.919999999999998,3.2,6.0,16,0.0,0.0,4.0,4
144268,0,0,0.2871581308529033,1.0,7.4,7.4,2.0,2.0,2,0.0,0.0,0.0,4
144274,0,0,0.1541412784406894,3.0,77.30000000000001,25.76666666666667,3.0,4.0,11,0.0,0.0,3.0,1
144292,0,0,0.22793141267261322,2.0,29.7,14.85,2.5,3.0,5,0.0,0.0,2.0,2
144296,0,0,0.16266186754784984,5.0,61.7,12.34,3.8,7.0,16,0.0,0.0,6.0,1
144297,0,0,0.29130439697651134,2.0,22.6,11.3,2.0,3.0,5,0.0,0.0,0.0,2
144309,0,0,0.13373371384794466,4.0,76.0,19.0,5.0,5.0,6,0.0,0.0,4.0,4
144316,0,0,0.015070527047725796,7.0,262.2,37.457142857142856,5.571428571428571,7.0,12,0.0,0.0,9.0,2
144320,1,0,0.1907901576577909,3.0,55.8,18.599999999999998,3.0,4.0,7,1.0,1.99,3.0,3
144338,0,0,0.22111610431680506,1.0,21.2,21.2,5.0,2.0,4,0.0,0.0,0.0,1
144339,0,0,0.20742339055104236,1.0,35.7,35.7,4.0,2.0,2,0.0,0.0,1.0,4
144349,0,0,0.1648963379687189,4.0,72.0,18.0,2.0,8.0,18,0.0,0.0,5.0,3
144353,0,0,0.23053942808864114,3.0,63.3,21.099999999999998,2.6666666666666665,4.0,9,0.0,0.0,0.0,1
144354,0,0,0.1671819266272838,4.0,70.1,17.525,5.5,5.0,11,0.0,0.0,2.0,4
144356,0,0,0.3002388601692545,2.0,20.4,10.2,1.5,3.0,1,0.0,0.0,0.0,1
144358,0,0,0.21643007842183162,3.0,67.4,22.46666666666667,3.3333333333333335,4.0,11,0.0,0.0,0.0,4
144382,0,0,0.034370895221997766,7.0,247.6,35.371428571428574,5.571428571428571,8.0,16,0.0,0.0,3.0,1
144387,0,0,0.07396914516943215,5.0,151.9,30.380000000000003,2.4,6.0,13,0.0,0.0,6.0,4
144391,0,0,0.24032149083902063,3.0,27.299999999999997,9.1,3.6666666666666665,4.0,6,0.0,0.0,2.0,4
144413,1,0,0.25300027126379826,1.0,4.9,4.9,3.0,2.0,6,0.0,0.0,1.0,4
144430,0,0,0.14382538859898047,5.0,87.19999999999999,17.439999999999998,3.4,6.0,11,0.0,0.0,5.0,4
144431,0,0,0.24918089811972594,2.0,27.4,13.7,2.5,3.0,3,0.0,0.0,1.0,1
144439,0,0,0.25068475494654663,2.0,18.6,9.3,3.5,3.0,7,0.0,0.0,1.0,2
144443,0,0,0.24371573596074075,5.0,59.5,11.9,3.4,6.0,12,0.0,0.0,2.0,4
144453,0,0,0.07676098483702933,6.0,100.2,16.7,3.5,7.0,17,1.0,1.99,12.0,4
144454,1,0,0.22140881122065745,1.0,28.1,28.1,3.0,3.0,18,0.0,0.0,2.0,3
144457,0,0,0.21487239125963759,2.0,22.6,11.3,3.0,3.0,7,0.0,0.0,3.0,4
144464,0,0,0.21658279127064659,1.0,6.3,6.3,5.0,2.0,4,0.0,0.0,1.0,4
144490,0,0,0.11282855275641221,3.0,82.1,27.366666666666664,4.0,4.0,9,0.0,0.0,5.0,4
144492,0,0,0.12328925191063986,4.0,83.4,20.85,4.25,5.0,12,0.0,0.0,5.0,4
144501,0,0,0.15928811089417574,3.0,77.69999999999999,25.899999999999995,2.3333333333333335,4.0,4,0.0,0.0,3.0,4
144502,0,0,0.26591610784534786,1.0,8.1,8.1,3.0,2.0,0,0.0,0.0,0.0,4
144521,1,0,0.2335516066696218,3.0,24.6,8.200000000000001,3.3333333333333335,4.0,10,0.0,0.0,3.0,3
144527,0,0,0.29768952497466333,2.0,14.9,7.45,2.5,3.0,5,0.0,0.0,0.0,4
144529,0,0,0.18138617629679263,3.0,36.0,12.0,4.333333333333333,5.0,16,1.0,19.99,4.0,2
144531,0,0,0.27491684302504643,1.0,16.7,16.7,1.0,2.0,5,0.0,0.0,1.0,1
144532,0,0,0.1813205219934094,3.0,73.0,24.333333333333332,4.0,4.0,14,0.0,0.0,1.0,3
144533,0,0,0.2419976391329255,3.0,34.6,11.533333333333333,2.6666666666666665,4.0,4,0.0,0.0,2.0,4
144534,0,0,0.1609751594097117,4.0,104.39999999999999,26.099999999999998,3.25,5.0,14,0.0,0.0,1.0,3
144536,0,0,0.2463251952447259,2.0,19.8,9.9,2.5,3.0,6,0.0,0.0,2.0,4
144538,0,0,0.16536758853972866,3.0,49.5,16.5,4.333333333333333,6.0,18,0.0,0.0,4.0,4
144545,1,0,0.20022708569166697,1.0,8.5,8.5,6.0,2.0,5,0.0,0.0,1.0,4
144554,0,0,0.12421944039126878,4.0,94.7,23.675,4.75,5.0,5,0.0,0.0,3.0,2
144557,0,0,0.08254798536157934,3.0,118.7,39.56666666666667,4.666666666666667,4.0,6,0.0,0.0,4.0,3
144558,0,0,0.2092720302037692,5.0,80.4,16.080000000000002,3.0,7.0,17,0.0,0.0,2.0,1
144568,0,0,0.276053322621237,2.0,23.3,11.65,1.5,3.0,2,0.0,0.0,1.0,4
144577,0,0,0.24032669520322597,2.0,19.6,9.8,4.0,3.0,5,0.0,0.0,1.0,4
144580,0,0,0.37280006791566334,3.0,13.700000000000001,4.566666666666667,1.3333333333333333,4.0,17,0.0,0.0,0.0,4
144582,0,0,0.28569539837193525,1.0,4.3,4.3,1.0,2.0,1,0.0,0.0,1.0,4
144585,0,0,0.2457780077003514,2.0,18.4,9.2,4.0,3.0,10,0.0,0.0,1.0,3
144588,0,0,0.14298570638720148,4.0,94.4,23.6,3.25,5.0,9,0.0,0.0,3.0,2
144596,0,0,0.27667076352951586,1.0,26.7,26.7,1.0,2.0,14,0.0,0.0,1.0,4
144597,0,0,0.10117408928316375,5.0,98.30000000000001,19.660000000000004,5.0,6.0,9,0.0,0.0,6.0,3
144601,0,0,0.2613146772670939,1.0,33.9,33.9,2.0,2.0,1,0.0,0.0,0.0,4
144602,0,0,0.2675590216413899,2.0,16.1,8.05,3.0,3.0,12,0.0,0.0,1.0,1
144605,0,0,0.2419684575753693,1.0,18.1,18.1,4.0,2.0,4,0.0,0.0,0.0,3
144619,0,0,0.263302229776087,2.0,22.200000000000003,11.100000000000001,2.5,3.0,7,0.0,0.0,1.0,3
144620,0,0,0.15311406123503424,2.0,36.5,18.25,3.5,3.0,4,0.0,0.0,5.0,2
144647,0,0,0.2070852829996803,2.0,29.6,14.8,5.0,3.0,3,0.0,0.0,1.0,4
144652,0,0,0.09840739114472083,5.0,129.9,25.98,3.8,6.0,7,0.0,0.0,4.0,4
144664,0,0,0.0631035745375094,3.0,157.4,52.46666666666667,3.6666666666666665,4.0,9,0.0,0.0,4.0,3
144668,0,0,0.1581936036719129,5.0,108.6,21.72,3.2,6.0,14,0.0,0.0,2.0,2
144676,0,0,0.2644578667807243,1.0,13.7,13.7,3.0,2.0,5,0.0,0.0,0.0,3
144683,0,0,0.2516222642769429,1.0,9.1,9.1,4.0,2.0,6,0.0,0.0,0.0,3
144698,0,0,0.1418295272484387,3.0,68.3,22.766666666666666,5.333333333333333,4.0,16,0.0,0.0,3.0,2
144706,0,0,0.23807963369803326,2.0,23.8,11.9,2.5,3.0,4,0.0,0.0,2.0,4
144708,0,0,0.1530512849447564,2.0,78.8,39.4,5.5,3.0,4,0.0,0.0,0.0,4
144710,1,0,0.23962685766808703,3.0,47.599999999999994,15.866666666666665,2.6666666666666665,4.0,9,0.0,0.0,1.0,1
144713,0,0,0.14715168223106095,6.0,136.9,22.816666666666666,3.5,6.0,13,0.0,0.0,1.0,4
144718,0,0,0.2549525114161007,4.0,52.0,13.0,3.0,5.0,10,0.0,0.0,1.0,3
144720,0,0,0.1984698122262672,1.0,25.7,25.7,5.0,2.0,2,0.0,0.0,1.0,2
144723,0,0,0.10238009411931838,6.0,133.2,22.2,2.8333333333333335,6.0,7,1.0,29.979999999999997,5.0,4
144736,0,0,0.2594836335344242,1.0,13.2,13.2,3.0,2.0,0,0.0,0.0,0.0,2
144739,0,0,0.27594915874034137,2.0,20.599999999999998,10.299999999999999,3.0,3.0,6,0.0,0.0,0.0,1
144741,0,0,0.2575588078002212,3.0,48.400000000000006,16.133333333333336,2.0,4.0,15,0.0,0.0,1.0,4
144748,0,0,0.09989963023016368,6.0,129.2,21.53333333333333,3.1666666666666665,6.0,13,0.0,0.0,6.0,2
144750,0,0,0.07925541269603796,4.0,95.2,23.8,5.5,5.0,7,0.0,0.0,7.0,4
144757,0,0,0.2437056219927262,3.0,49.8,16.599999999999998,2.3333333333333335,4.0,9,0.0,0.0,1.0,4
144761,0,0,0.08664154229074889,5.0,110.6,22.119999999999997,4.2,6.0,9,0.0,0.0,7.0,4
144767,0,0,0.14804241155414566,4.0,77.0,19.25,4.75,5.0,5,0.0,0.0,3.0,4
144769,0,0,0.281573101195488,2.0,20.1,10.05,3.0,3.0,11,0.0,0.0,0.0,1
144774,0,0,0.2617149678480241,2.0,8.6,4.3,3.0,3.0,14,0.0,0.0,2.0,2
144784,0,0,0.17258689431930757,4.0,73.0,18.25,4.25,5.0,3,0.0,0.0,2.0,2
144785,1,0,0.24873542931165502,2.0,41.7,20.85,3.0,3.0,13,0.0,0.0,0.0,4
144792,0,0,0.17389434671292545,3.0,65.2,21.733333333333334,3.6666666666666665,4.0,5,0.0,0.0,2.0,1
144793,0,0,0.1975051315221641,1.0,24.3,24.3,4.0,2.0,1,0.0,0.0,2.0,4
144796,0,0,0.22462184547885272,3.0,39.4,13.133333333333333,3.3333333333333335,4.0,9,0.0,0.0,2.0,2
144808,0,0,0.13927821427335554,3.0,83.1,27.7,1.6666666666666667,4.0,9,1.0,1.99,5.0,1
144809,0,0,0.2345494805069728,2.0,12.0,6.0,5.5,4.0,17,0.0,0.0,1.0,2
144812,0,0,0.1483393987137553,7.0,131.9,18.842857142857145,2.857142857142857,7.0,10,1.0,19.99,3.0,1
144848,0,0,0.18708541443390456,2.0,62.5,31.25,2.0,3.0,5,0.0,0.0,2.0,1
144869,1,0,0.30990788589771445,2.0,6.3,3.15,2.0,4.0,16,0.0,0.0,1.0,4
144879,1,0,0.23224090312607737,4.0,44.2,11.05,4.25,5.0,13,0.0,0.0,2.0,4
144885,0,0,0.16435103320044933,5.0,92.4,18.48,3.2,6.0,9,0.0,0.0,3.0,1
144886,0,0,0.2376172643498066,2.0,34.3,17.15,4.5,3.0,16,0.0,0.0,0.0,4
144889,0,0,0.14294164711408722,3.0,85.9,28.633333333333336,3.3333333333333335,5.0,17,0.0,0.0,3.0,3
144892,1,0,0.25149010928228993,2.0,7.199999999999999,3.5999999999999996,5.0,5.0,18,0.0,0.0,1.0,3
144908,0,0,0.1238898017383366,6.0,98.2,16.366666666666667,3.0,6.0,6,0.0,0.0,7.0,4
144909,0,0,0.0961878669639235,7.0,169.3,24.185714285714287,3.857142857142857,9.0,18,0.0,0.0,3.0,2
144911,0,0,0.19938413123066395,2.0,37.800000000000004,18.900000000000002,3.5,3.0,4,0.0,0.0,2.0,2
144915,0,0,0.21975089449046556,1.0,60.4,60.4,3.0,2.0,0,0.0,0.0,0.0,3
144916,0,0,0.297006177981907,1.0,2.3,2.3,2.0,2.0,7,0.0,0.0,0.0,4
144917,0,0,0.09018559569434521,4.0,103.4,25.85,4.5,6.0,17,0.0,0.0,6.0,1
144918,0,0,0.21295880034524498,4.0,77.7,19.425,2.5,5.0,10,0.0,0.0,1.0,3
144919,0,0,0.28409034468471817,2.0,31.3,15.65,1.5,3.0,4,0.0,0.0,0.0,2
144923,0,0,0.28960773112638916,3.0,22.5,7.5,3.0,5.0,16,0.0,0.0,1.0,2
144926,0,0,0.20598376603025517,1.0,17.5,17.5,6.0,2.0,1,0.0,0.0,0.0,1
144931,0,0,0.05790170115697678,4.0,123.69999999999999,30.924999999999997,3.75,5.0,14,0.0,0.0,9.0,4
144933,0,0,0.13156731709166,3.0,75.7,25.233333333333334,5.0,4.0,8,0.0,0.0,3.0,1
144938,0,0,0.23622949605418797,2.0,17.6,8.8,3.0,3.0,2,0.0,0.0,2.0,2
144964,0,0,0.06993169536553656,4.0,97.60000000000001,24.400000000000002,3.5,6.0,16,0.0,0.0,10.0,4
144971,0,0,0.27108785627337517,1.0,9.5,9.5,3.0,2.0,7,0.0,0.0,0.0,4
144976,0,0,0.1875515576389073,2.0,53.5,26.75,4.0,3.0,2,0.0,0.0,1.0,4
144979,0,0,0.27422673221755656,1.0,18.0,18.0,2.0,2.0,0,0.0,0.0,0.0,3
144982,0,0,0.20710489866300263,3.0,30.5,10.166666666666666,3.0,4.0,7,0.0,0.0,4.0,3
144991,0,0,0.17337520327051442,2.0,58.699999999999996,29.349999999999998,3.5,3.0,5,0.0,0.0,2.0,4
144997,0,0,0.18530176628303863,4.0,52.6,13.15,4.0,5.0,14,0.0,0.0,4.0,4
145018,0,0,0.1401687431416858,5.0,101.5,20.3,4.0,6.0,7,0.0,0.0,3.0,1
145039,0,0,0.1546159694855052,3.0,51.6,17.2,3.6666666666666665,4.0,15,0.0,0.0,5.0,2
145052,0,0,0.14540464944603776,4.0,59.9,14.975,5.0,6.0,16,0.0,0.0,5.0,2
145053,0,0,0.10309238096146413,5.0,135.1,27.02,4.2,6.0,15,0.0,0.0,3.0,4
145058,0,0,0.2493462979280841,1.0,12.0,12.0,3.0,2.0,9,0.0,0.0,1.0,4
145061,0,0,0.05958907684853724,6.0,151.1,25.183333333333334,4.166666666666667,6.0,14,0.0,0.0,8.0,3
145066,1,0,0.2450497237520127,4.0,40.9,10.225,2.75,5.0,14,0.0,0.0,3.0,4
145067,0,0,0.14013460492582122,2.0,107.5,53.75,2.5,3.0,3,0.0,0.0,1.0,1
145070,1,0,0.27417083642621315,1.0,8.8,8.8,2.0,4.0,16,0.0,0.0,1.0,4
145077,0,0,0.17306347187801013,2.0,74.9,37.45,2.5,5.0,18,0.0,0.0,2.0,4
145079,0,0,0.2374643761908901,4.0,58.6,14.65,2.0,5.0,8,0.0,0.0,2.0,4
145083,1,0,0.14532572692169995,5.0,56.0,11.2,4.6,6.0,10,0.0,0.0,7.0,3
145093,0,0,0.03291311676913111,6.0,136.5,22.75,5.666666666666667,7.0,17,0.0,0.0,14.0,4
145095,0,0,0.3146132269490622,2.0,19.6,9.8,1.0,3.0,1,0.0,0.0,0.0,4
145103,0,0,0.20287779971709063,4.0,74.2,18.55,1.5,5.0,8,1.0,1.99,3.0,1
145115,0,0,0.20097560990162988,6.0,63.9,10.65,3.8333333333333335,6.0,14,0.0,0.0,5.0,3
145119,1,0,0.21747294273737044,2.0,45.8,22.9,3.0,3.0,8,0.0,0.0,1.0,3
145122,0,0,0.1240336393418997,6.0,108.4,18.066666666666666,3.3333333333333335,7.0,17,0.0,0.0,6.0,3
145124,0,0,0.2720002901081583,4.0,27.900000000000002,6.9750000000000005,3.75,5.0,10,0.0,0.0,2.0,4
145127,1,0,0.08205482720439135,5.0,123.1,24.619999999999997,4.8,6.0,15,0.0,0.0,6.0,4
145128,1,0,0.17533928521238906,2.0,80.2,40.1,2.5,3.0,8,0.0,0.0,1.0,1
145133,0,0,0.009510141643821147,8.0,222.0,27.75,5.5,8.0,12,0.0,0.0,19.0,4
145148,0,0,0.06666582147029235,4.0,161.5,40.375,4.5,5.0,3,1.0,4.99,3.0,1
145151,0,0,0.07585413969843317,4.0,137.8,34.45,2.25,5.0,8,0.0,0.0,6.0,4
145156,0,0,0.16277705532404013,3.0,50.2,16.733333333333334,3.0,7.0,18,1.0,19.99,5.0,3
145157,0,0,0.1256259682057114,4.0,56.7,14.175,3.5,5.0,10,0.0,0.0,8.0,4
145163,0,0,0.13413626928864605,3.0,89.0,29.666666666666668,4.333333333333333,4.0,5,0.0,0.0,2.0,1
145165,0,0,0.19773225421228796,2.0,28.599999999999998,14.299999999999999,3.5,3.0,6,0.0,0.0,3.0,4
145169,1,0,0.2783282873033095,1.0,2.9,2.9,3.0,2.0,11,0.0,0.0,0.0,1
145177,0,0,0.21074788539754916,4.0,49.900000000000006,12.475000000000001,2.5,5.0,12,0.0,0.0,4.0,4
145183,0,0,0.10970960987728627,4.0,90.2,22.55,2.5,5.0,12,0.0,0.0,7.0,4
145185,0,0,0.3008882106801339,4.0,23.4,5.85,2.5,5.0,9,1.0,49.99,1.0,1
145194,0,0,0.018487761869862153,8.0,200.3,25.0375,4.625,8.0,12,0.0,0.0,16.0,4
145196,0,0,0.11906726879267882,6.0,87.4,14.566666666666668,4.0,6.0,14,0.0,0.0,8.0,3
145206,0,0,0.14941694383159432,3.0,65.8,21.933333333333334,6.666666666666667,4.0,3,0.0,0.0,1.0,2
145212,0,0,0.22107643228480695,2.0,27.6,13.8,2.5,5.0,17,0.0,0.0,3.0,4
145223,0,0,0.1706471292827343,3.0,40.2,13.4,3.6666666666666665,6.0,16,0.0,0.0,5.0,4
145231,0,0,0.18241840150419697,2.0,62.6,31.3,3.5,3.0,2,0.0,0.0,1.0,4
145233,0,0,0.07819307355972722,4.0,111.6,27.9,6.0,5.0,5,0.0,0.0,5.0,4
145257,0,0,0.22316672095249532,1.0,15.7,15.7,5.0,2.0,1,0.0,0.0,0.0,1
145268,0,0,0.333064710022157,2.0,9.1,4.55,1.5,3.0,10,0.0,0.0,0.0,3
145269,0,0,0.25344226929288155,2.0,25.7,12.85,4.0,3.0,8,0.0,0.0,0.0,4
145274,0,0,0.20839383269016956,4.0,58.599999999999994,14.649999999999999,4.25,5.0,17,0.0,0.0,2.0,4
145275,0,0,0.1673401679621529,2.0,65.1,32.55,3.5,3.0,8,0.0,0.0,2.0,4
145278,0,0,0.16564086439288112,3.0,46.9,15.633333333333333,3.3333333333333335,5.0,15,0.0,0.0,5.0,4
145285,0,0,0.16730625217125203,2.0,32.3,16.15,4.0,3.0,3,0.0,0.0,4.0,4
145293,1,0,0.15976912389615675,3.0,62.8,20.933333333333334,4.333333333333333,4.0,12,0.0,0.0,3.0,4
145294,0,0,0.1043098323681706,3.0,74.0,24.666666666666668,3.6666666666666665,4.0,13,0.0,0.0,7.0,4
145295,0,0,0.11667288784786353,6.0,116.80000000000001,19.46666666666667,3.8333333333333335,6.0,10,0.0,0.0,5.0,1
145300,0,0,0.32884195935990873,3.0,24.900000000000002,8.3,2.0,5.0,15,0.0,0.0,0.0,4
145304,0,0,0.16414756055117868,3.0,91.8,30.599999999999998,3.3333333333333335,6.0,18,0.0,0.0,1.0,4
145306,0,0,0.08878066145632008,5.0,92.5,18.5,3.8,6.0,10,0.0,0.0,9.0,4
145307,0,0,0.28330492099505633,1.0,11.4,11.4,2.0,2.0,2,0.0,0.0,0.0,4
145311,0,0,0.2143990396761703,3.0,42.0,14.0,4.0,6.0,18,0.0,0.0,2.0,2
145331,1,0,0.3417929065482969,5.0,43.6,8.72,2.4,6.0,11,0.0,0.0,0.0,1
145332,1,0,0.3205731844134167,2.0,6.0,3.0,1.5,4.0,16,0.0,0.0,1.0,4
145340,0,0,0.20487955416936396,1.0,18.9,18.9,6.0,2.0,0,0.0,0.0,0.0,2
145342,0,0,0.254318937824035,1.0,9.1,9.1,4.0,2.0,10,0.0,0.0,0.0,2
145351,1,0,0.27256696056803953,1.0,4.3,4.3,2.0,2.0,7,0.0,0.0,1.0,4
145365,0,0,0.15756779418102562,3.0,55.2,18.400000000000002,3.0,4.0,3,1.0,99.99,2.0,4
145373,1,0,0.1832840477495629,5.0,69.80000000000001,13.960000000000003,3.4,6.0,7,0.0,0.0,4.0,4
145375,0,0,0.26104582095825124,1.0,16.4,16.4,3.0,2.0,3,0.0,0.0,0.0,4
145377,0,0,0.09701701419509735,5.0,119.1,23.82,4.2,6.0,9,0.0,0.0,5.0,4
145380,0,0,0.1586827709979028,2.0,50.099999999999994,25.049999999999997,3.5,3.0,12,1.0,9.99,4.0,1
145393,0,0,0.2366809504250423,2.0,41.7,20.85,3.0,3.0,1,0.0,0.0,0.0,2
145396,0,0,0.07763640948984835,5.0,146.6,29.32,4.8,6.0,12,0.0,0.0,4.0,4
145402,0,0,0.13666923506074705,4.0,95.2,23.8,5.0,5.0,10,0.0,0.0,2.0,3
145411,0,0,0.24726537129756448,1.0,28.8,28.8,3.0,2.0,0,0.0,0.0,0.0,4
145422,0,0,0.25356614470511024,2.0,32.8,16.4,2.5,5.0,18,0.0,0.0,1.0,4
145437,0,0,0.2698336548783164,3.0,42.1,14.033333333333333,3.0,4.0,13,0.0,0.0,0.0,2
145443,0,0,0.13178528674308154,2.0,77.4,38.7,4.0,3.0,5,0.0,0.0,3.0,4
145446,0,0,0.25007662922329676,1.0,29.6,29.6,3.0,2.0,4,0.0,0.0,0.0,4
145453,0,0,0.1389498429104986,2.0,91.9,45.95,3.0,3.0,2,0.0,0.0,2.0,4
145455,0,0,0.16964516458010526,4.0,39.9,9.975,5.0,5.0,5,0.0,0.0,5.0,4
145457,0,0,0.0759286815645059,4.0,130.3,32.575,4.25,5.0,7,0.0,0.0,5.0,4
145463,0,0,0.04495794233008847,6.0,156.0,26.0,5.5,6.0,12,0.0,0.0,9.0,4
145469,1,0,0.21482117033963055,1.0,16.8,16.8,5.0,4.0,18,0.0,0.0,1.0,1
145471,0,0,0.3152559296995533,1.0,3.9,3.9,1.0,2.0,7,0.0,0.0,0.0,4
145481,0,0,0.2547944276455716,2.0,20.7,10.35,3.5,4.0,16,0.0,0.0,1.0,3
145485,0,0,0.18889416733750408,4.0,50.9,12.725,3.75,5.0,13,0.0,0.0,4.0,1
145503,0,0,0.3071730039446685,1.0,6.9,6.9,1.0,2.0,2,0.0,0.0,0.0,4
145505,0,0,0.14610438751409552,4.0,118.1,29.525,3.5,5.0,4,0.0,0.0,0.0,2
145508,0,0,0.2447729788571901,2.0,38.8,19.4,3.0,3.0,3,0.0,0.0,0.0,4
145515,0,0,0.30465214655266404,1.0,11.5,11.5,1.0,2.0,7,0.0,0.0,0.0,1
145520,0,0,0.25336490765513314,4.0,49.8,12.45,3.5,5.0,14,0.0,0.0,1.0,2
145529,0,0,0.2237256350790411,1.0,20.9,20.9,5.0,2.0,4,0.0,0.0,0.0,4
145534,0,0,0.21717090039495004,2.0,46.0,23.0,3.0,3.0,8,0.0,0.0,1.0,3
145538,0,0,0.29134635445943063,5.0,30.2,6.04,2.2,6.0,12,1.0,9.99,4.0,4
145540,0,0,0.18018829390828425,2.0,91.5,45.75,2.0,3.0,1,0.0,0.0,0.0,3
145544,0,0,0.07856959516326346,4.0,131.9,32.975,4.75,5.0,6,0.0,0.0,4.0,3
145556,0,0,0.15806002728351232,4.0,93.80000000000001,23.450000000000003,2.5,5.0,11,1.0,4.99,3.0,1
145565,0,0,0.30763514167437556,0.0,0.0,0.0,0.0,1.0,17,0.0,0.0,0.0,1
145573,0,0,0.20954320942667676,1.0,3.4,3.4,6.0,2.0,13,0.0,0.0,1.0,3
145576,0,0,0.12144173581265122,5.0,108.3,21.66,3.8,6.0,5,0.0,0.0,4.0,4
145577,0,0,0.2405121008487179,3.0,52.099999999999994,17.366666666666664,3.0,4.0,2,0.0,0.0,0.0,2
145580,0,0,0.10514734345258991,5.0,85.7,17.14,5.0,6.0,9,1.0,9.99,7.0,1
145583,0,0,0.22060391991493739,2.0,46.900000000000006,23.450000000000003,2.5,3.0,5,0.0,0.0,1.0,2
145590,0,0,0.24254752012918657,1.0,1.7,1.7,2.0,2.0,18,0.0,0.0,3.0,4
145594,0,0,0.18205603504505904,4.0,55.7,13.925,4.0,6.0,18,0.0,0.0,4.0,4
145601,0,0,0.18282755355648062,2.0,39.5,19.75,3.5,3.0,6,0.0,0.0,3.0,4
145613,0,0,0.12739718435292258,2.0,97.1,48.55,3.0,3.0,15,0.0,0.0,3.0,3
145617,0,0,0.0356222582737097,5.0,119.3,23.86,5.0,6.0,10,0.0,0.0,14.0,4
145628,0,0,0.2739088245121298,1.0,3.5,3.5,3.0,2.0,4,0.0,0.0,0.0,4
145630,0,0,0.057642201825692345,4.0,146.3,36.575,4.5,5.0,10,0.0,0.0,6.0,4
145636,1,0,0.02844889890315017,6.0,177.1,29.516666666666666,5.333333333333333,6.0,8,0.0,0.0,11.0,3
145637,0,0,0.15208705772649528,4.0,90.2,22.55,4.5,5.0,14,0.0,0.0,2.0,4
145652,0,0,0.0555409727346259,5.0,193.6,38.72,3.8,6.0,6,0.0,0.0,3.0,4
145670,0,0,0.040283431114297504,6.0,153.8,25.633333333333336,5.666666666666667,6.0,9,0.0,0.0,10.0,4
145672,0,0,0.23664350918208424,1.0,5.5,5.5,5.0,2.0,5,0.0,0.0,0.0,3
145674,0,0,0.21381603250316875,1.0,21.6,21.6,3.0,3.0,18,1.0,99.99,0.0,1
145678,0,0,0.0923110297278522,3.0,123.6,41.199999999999996,4.0,4.0,5,0.0,0.0,3.0,4
145683,0,0,0.3065850318992519,3.0,16.4,5.466666666666666,2.6666666666666665,4.0,10,0.0,0.0,1.0,4
145687,0,0,0.011759017278821615,6.0,296.0,49.333333333333336,4.833333333333333,6.0,7,0.0,0.0,7.0,3
145696,0,0,0.02770640620398065,6.0,190.0,31.666666666666668,4.166666666666667,6.0,10,0.0,0.0,11.0,4
145701,0,0,0.24026248473267312,3.0,27.5,9.166666666666666,2.6666666666666665,4.0,10,0.0,0.0,3.0,4
145708,0,0,0.09044956894760113,5.0,112.9,22.580000000000002,4.6,6.0,10,0.0,0.0,6.0,3
145709,0,0,0.23629083524390712,3.0,46.8,15.6,3.0,4.0,9,0.0,0.0,1.0,2
145715,0,0,0.206130806617771,2.0,38.4,19.2,3.5,3.0,14,0.0,0.0,2.0,2
145729,0,0,0.1098682530760635,3.0,96.4,32.13333333333333,6.0,4.0,5,0.0,0.0,2.0,2
145780,0,0,0.15363628572131197,3.0,66.4,22.133333333333336,3.0,4.0,7,0.0,0.0,4.0,4
145784,0,0,0.09203884773939734,3.0,100.70000000000002,33.56666666666667,3.0,4.0,5,0.0,0.0,6.0,4
145790,0,0,0.014429184217139549,9.0,289.9,32.21111111111111,4.888888888888889,9.0,14,1.0,69.98,8.0,2
145802,0,0,0.2525722683637524,2.0,25.9,12.95,3.0,3.0,12,0.0,0.0,1.0,3
145813,0,0,0.019615404223999704,5.0,206.1,41.22,4.6,6.0,11,0.0,0.0,11.0,4
145815,0,0,0.14548982121591905,3.0,70.2,23.400000000000002,5.333333333333333,4.0,2,0.0,0.0,2.0,3
145816,0,0,0.25766324561290227,3.0,50.8,16.933333333333334,2.6666666666666665,4.0,13,0.0,0.0,0.0,1
145826,0,0,0.06479246928293221,3.0,113.19999999999999,37.73333333333333,4.666666666666667,4.0,8,0.0,0.0,7.0,4
145829,0,0,0.1755031472693807,1.0,1.9,1.9,9.0,2.0,0,0.0,0.0,0.0,4
145832,0,0,0.16713279239181505,5.0,67.6,13.52,2.8,6.0,13,0.0,0.0,6.0,4
145845,0,0,0.16626338177456879,2.0,60.9,30.45,2.5,3.0,4,0.0,0.0,3.0,2
145864,0,0,0.22766662301675183,2.0,26.0,13.0,4.0,3.0,4,0.0,0.0,1.0,2
145872,0,0,0.23950165317410424,2.0,31.7,15.85,3.0,3.0,7,0.0,0.0,1.0,4
145883,1,0,0.2151427732624972,3.0,31.6,10.533333333333333,2.6666666666666665,4.0,14,0.0,0.0,4.0,2
145906,0,0,0.03711814629999957,6.0,153.1,25.516666666666666,4.5,6.0,13,0.0,0.0,12.0,4
145914,0,0,0.2624991153102162,3.0,38.6,12.866666666666667,2.6666666666666665,6.0,18,0.0,0.0,1.0,1
145934,0,0,0.0021390401543688476,9.0,413.8,45.97777777777778,5.555555555555555,9.0,15,0.0,0.0,13.0,3
145935,0,0,0.17844293930334762,3.0,80.80000000000001,26.933333333333337,3.0,4.0,7,0.0,0.0,1.0,3
145937,0,0,0.18105651179776927,3.0,53.1,17.7,4.666666666666667,4.0,6,0.0,0.0,2.0,4
145945,0,0,0.24662005071509274,3.0,21.099999999999998,7.033333333333332,3.0,4.0,10,0.0,0.0,3.0,4
145957,0,0,0.23327713574704512,2.0,36.5,18.25,4.0,3.0,8,0.0,0.0,0.0,1
145968,0,0,0.2859198487490648,5.0,60.4,12.08,2.0,6.0,9,0.0,0.0,1.0,4
145970,0,0,0.11072967275733647,6.0,96.7,16.116666666666667,3.6666666666666665,6.0,12,0.0,0.0,8.0,4
145973,0,0,0.21385168508864347,2.0,38.9,19.45,2.5,3.0,4,0.0,0.0,2.0,3
145983,0,0,0.22746343142053022,1.0,18.1,18.1,3.0,2.0,13,0.0,0.0,2.0,4
145985,0,0,0.25691778156045453,5.0,44.0,8.8,3.4,6.0,13,0.0,0.0,3.0,4
145994,0,0,0.2129377240215562,2.0,39.0,19.5,2.5,3.0,4,0.0,0.0,2.0,2
145996,0,0,0.22783257632269482,1.0,31.1,31.1,3.0,2.0,3,0.0,0.0,1.0,4
146000,0,0,0.2190200809368727,1.0,19.8,19.8,5.0,2.0,0,0.0,0.0,0.0,1
146017,0,0,0.2594863283490073,2.0,31.6,15.8,3.0,3.0,6,0.0,0.0,0.0,4
146024,0,0,0.21867974769327767,3.0,54.9,18.3,2.3333333333333335,5.0,17,0.0,0.0,2.0,2
146029,0,0,0.09334457181386864,7.0,108.60000000000001,15.514285714285716,5.142857142857143,7.0,13,1.0,1.99,9.0,1
146035,1,0,0.26094952982565844,4.0,43.9,10.975,1.5,5.0,15,0.0,0.0,3.0,3
146037,0,0,0.14821100722857553,4.0,92.4,23.1,2.0,5.0,10,0.0,0.0,4.0,4
146052,0,0,0.08469339394128308,6.0,108.0,18.0,4.0,6.0,7,0.0,0.0,9.0,4
146054,0,0,0.17200608909281198,1.0,37.8,37.8,8.0,2.0,11,0.0,0.0,0.0,4
146065,0,0,0.23431902812854558,2.0,49.7,24.85,2.0,3.0,15,0.0,0.0,1.0,4
146066,0,0,0.04344693297476114,6.0,136.20000000000002,22.700000000000003,4.833333333333333,7.0,15,0.0,0.0,12.0,3
146069,0,0,0.16926871052669956,4.0,77.0,19.25,3.25,5.0,10,0.0,0.0,3.0,3
146071,0,0,0.09971109893523379,4.0,138.9,34.725,3.25,5.0,3,0.0,0.0,2.0,1
146074,0,0,0.28089402389940793,1.0,6.7,6.7,3.0,3.0,16,0.0,0.0,0.0,4
146077,0,0,0.2521255620889359,1.0,0.9,0.9,3.0,2.0,1,0.0,0.0,1.0,4
146086,0,0,0.22429108987091395,3.0,46.1,15.366666666666667,3.0,5.0,17,0.0,0.0,2.0,3
146088,0,0,0.2757689561724326,2.0,12.399999999999999,6.199999999999999,2.5,3.0,1,0.0,0.0,1.0,4
146089,0,0,0.20010257092444292,2.0,38.7,19.35,4.0,4.0,17,0.0,0.0,2.0,3
146096,0,0,0.07688779960520188,6.0,112.5,18.75,4.666666666666667,6.0,10,0.0,0.0,9.0,3
146125,0,0,0.22135701192920088,1.0,39.6,39.6,4.0,2.0,0,0.0,0.0,0.0,4
146129,0,0,0.26911723853393416,1.0,15.6,15.6,3.0,2.0,11,0.0,0.0,0.0,4
146136,0,0,0.2077790852530547,1.0,21.4,21.4,3.0,4.0,18,0.0,0.0,3.0,4
146145,0,0,0.229415927631129,4.0,61.300000000000004,15.325000000000001,3.0,5.0,4,0.0,0.0,1.0,1
146163,0,0,0.05816471188344694,5.0,139.3,27.860000000000003,4.4,7.0,16,0.0,0.0,8.0,4
146174,0,0,0.3212977810720023,2.0,7.3999999999999995,3.6999999999999997,1.0,3.0,9,0.0,0.0,1.0,3
146181,0,0,0.21799690066174363,2.0,30.4,15.2,3.5,3.0,14,0.0,0.0,2.0,2
146182,0,0,0.2130899413322855,1.0,47.3,47.3,3.0,2.0,2,0.0,0.0,1.0,3
146184,0,0,0.2073395606232216,1.0,12.8,12.8,3.0,2.0,7,0.0,0.0,3.0,3
146198,0,0,0.10860682808372307,4.0,100.9,25.225,6.25,5.0,15,0.0,0.0,3.0,4
146209,0,0,0.282335201718152,1.0,5.9,5.9,1.0,2.0,2,0.0,0.0,1.0,1
146212,0,0,0.2807695920167918,3.0,41.9,13.966666666666667,2.3333333333333335,4.0,10,0.0,0.0,0.0,3
146218,0,0,0.09864713095784715,6.0,82.1,13.683333333333332,4.5,6.0,12,0.0,0.0,10.0,4
146221,0,0,0.2477538482789936,5.0,65.5,13.1,2.6,8.0,18,0.0,0.0,2.0,4
146231,0,0,0.2534788073069937,1.0,18.9,18.9,3.0,2.0,0,0.0,0.0,0.0,1
146246,0,0,0.2508449983902021,2.0,20.8,10.4,2.0,3.0,6,0.0,0.0,2.0,1
146249,0,0,0.2168968191986643,3.0,42.4,14.133333333333333,3.3333333333333335,4.0,6,0.0,0.0,2.0,2
146253,0,0,0.275423116327001,3.0,21.1,7.033333333333334,3.6666666666666665,4.0,8,0.0,0.0,1.0,4
146256,0,0,0.30283518926654257,1.0,19.2,19.2,1.0,2.0,10,0.0,0.0,0.0,4
146263,0,0,0.30763514167437556,0.0,0.0,0.0,0.0,1.0,17,0.0,0.0,0.0,1
146264,0,0,0.29783033110057155,2.0,11.2,5.6,3.0,3.0,11,0.0,0.0,0.0,1
146265,0,0,0.2838581581817253,2.0,6.5,3.25,1.5,3.0,3,0.0,0.0,2.0,3
146268,0,0,0.22082129565848788,3.0,41.8,13.933333333333332,4.333333333333333,4.0,4,0.0,0.0,1.0,4
146280,0,0,0.08642769302921474,6.0,146.5,24.416666666666668,3.1666666666666665,6.0,11,1.0,1.99,6.0,3
146288,0,0,0.21790241657901774,3.0,68.4,22.8,2.0,4.0,13,0.0,0.0,1.0,3
146290,0,0,0.005063155508693712,7.0,296.1,42.300000000000004,5.0,8.0,16,0.0,0.0,16.0,4
146295,0,0,0.2236509648749825,1.0,2.2,2.2,6.0,2.0,5,0.0,0.0,0.0,4
146298,0,0,0.1776370479416809,3.0,54.9,18.3,3.3333333333333335,4.0,2,0.0,0.0,3.0,4
146300,0,0,0.24367394625727307,1.0,33.9,33.9,3.0,2.0,1,0.0,0.0,0.0,4
146318,0,0,0.0855536245772358,6.0,129.4,21.566666666666666,5.0,7.0,15,0.0,0.0,6.0,2
146321,0,0,0.28057227911663424,1.0,11.3,11.3,2.0,2.0,0,0.0,0.0,0.0,3
146332,0,0,0.1921831959953746,3.0,71.2,23.733333333333334,3.3333333333333335,4.0,13,0.0,0.0,1.0,2
146333,0,0,0.2810120908828708,4.0,35.3,8.825,2.25,5.0,7,0.0,0.0,2.0,4
146336,0,0,0.08571216271798009,7.0,163.7,23.385714285714283,4.857142857142857,8.0,17,0.0,0.0,4.0,4
146341,0,0,0.15573283220285525,5.0,104.6,20.919999999999998,2.8,6.0,14,0.0,0.0,3.0,4
146353,0,0,0.09191017049349912,5.0,140.2,28.04,4.8,6.0,11,1.0,9.99,3.0,1
146365,0,0,0.20811404400780306,2.0,17.5,8.75,5.0,3.0,5,0.0,0.0,2.0,4
146368,0,0,0.20093160956831416,2.0,42.7,21.35,5.5,3.0,9,0.0,0.0,0.0,1
146372,0,0,0.20874908616866192,3.0,30.3,10.1,2.6666666666666665,4.0,4,0.0,0.0,4.0,1
146375,0,0,0.17201067010804205,1.0,2.8,2.8,7.0,2.0,3,0.0,0.0,2.0,4
146377,0,0,0.2732162141537147,3.0,34.5,11.5,2.6666666666666665,4.0,15,0.0,0.0,1.0,4
146378,0,0,0.07782464062990925,6.0,147.2,24.53333333333333,5.0,8.0,16,0.0,0.0,5.0,1
146388,0,0,0.31221577870734496,1.0,3.9,3.9,1.0,2.0,4,0.0,0.0,0.0,4
146396,0,0,0.20655375278308283,2.0,44.7,22.35,3.5,3.0,1,0.0,0.0,1.0,4
146400,0,0,0.1898722292931038,5.0,107.80000000000001,21.560000000000002,3.0,6.0,9,0.0,0.0,0.0,1
146404,1,0,0.1599196638297465,5.0,113.2,22.64,2.6,6.0,14,0.0,0.0,2.0,4
146413,0,0,0.2756539163745537,1.0,4.1,4.1,2.0,2.0,13,0.0,0.0,1.0,1
146414,0,0,0.21387069657264485,2.0,23.799999999999997,11.899999999999999,3.0,3.0,8,0.0,0.0,3.0,4
146431,0,0,0.27881373993750574,3.0,17.5,5.833333333333333,3.0,4.0,14,0.0,0.0,2.0,4
146434,0,0,0.3495427370842163,4.0,24.6,6.15,2.75,6.0,16,0.0,0.0,0.0,2
146444,0,0,0.0683510175756424,5.0,108.39999999999999,21.68,4.6,6.0,5,0.0,0.0,9.0,3
146447,0,0,0.21794468679123985,1.0,22.4,22.4,4.0,2.0,2,0.0,0.0,1.0,4
146452,0,0,0.1961383459406681,3.0,37.0,12.333333333333334,4.0,4.0,5,0.0,0.0,3.0,1
146458,0,0,0.2511050244167673,2.0,23.1,11.55,3.0,3.0,7,0.0,0.0,1.0,1
146471,0,0,0.19490087866858208,1.0,10.0,10.0,5.0,2.0,3,0.0,0.0,2.0,4
146473,0,0,0.24868653190951223,1.0,7.4,7.4,4.0,2.0,0,0.0,0.0,0.0,4
146477,0,0,0.01585522847371069,7.0,242.2,34.6,5.285714285714286,7.0,12,0.0,0.0,11.0,4
146486,0,0,0.22388095881490594,1.0,15.1,15.1,4.0,2.0,2,0.0,0.0,1.0,4
146487,0,0,0.0599835296412687,6.0,151.4,25.233333333333334,6.166666666666667,6.0,8,0.0,0.0,6.0,4
146489,0,0,0.2691618621410454,1.0,3.0,3.0,2.0,2.0,3,0.0,0.0,1.0,3
146497,0,0,0.09276226578089028,5.0,134.7,26.939999999999998,5.2,6.0,10,0.0,0.0,3.0,3
146500,1,0,0.3234975761681083,2.0,14.5,7.25,1.5,3.0,10,0.0,0.0,0.0,4
146501,0,0,0.13053827096852405,3.0,98.3,32.766666666666666,4.0,4.0,12,0.0,0.0,2.0,1
146503,0,0,0.2001243087698564,3.0,59.9,19.966666666666665,3.0,4.0,14,0.0,0.0,2.0,4
146505,0,0,0.21640784656634102,4.0,67.7,16.925,3.25,5.0,5,0.0,0.0,1.0,4
146514,0,0,0.31859158604261406,2.0,12.3,6.15,2.0,3.0,11,0.0,0.0,0.0,4
146516,0,0,0.1603978391635191,3.0,76.9,25.633333333333336,3.6666666666666665,4.0,7,0.0,0.0,2.0,4
146521,0,0,0.05909145806559281,3.0,143.4,47.800000000000004,4.666666666666667,4.0,6,0.0,0.0,5.0,4
146530,0,0,0.15325215168988204,3.0,73.8,24.599999999999998,4.333333333333333,4.0,2,0.0,0.0,2.0,4
146531,0,0,0.13289533648597585,6.0,132.5,22.083333333333332,3.0,6.0,14,0.0,0.0,3.0,4
146534,0,0,0.21092533746374853,3.0,33.4,11.133333333333333,5.0,4.0,10,0.0,0.0,2.0,4
146541,0,0,0.06539961526645192,6.0,152.2,25.366666666666664,4.0,6.0,11,0.0,0.0,7.0,3
146543,0,0,0.11865995338575698,4.0,117.5,29.375,5.25,5.0,8,0.0,0.0,1.0,4
146550,0,0,0.203527974623449,2.0,39.6,19.8,3.0,3.0,1,0.0,0.0,2.0,4
146558,0,0,0.19989695776823319,2.0,43.2,21.6,3.0,3.0,3,0.0,0.0,2.0,4
146560,0,0,0.0872007051593374,6.0,119.3,19.883333333333333,5.0,7.0,16,0.0,0.0,7.0,4
146564,0,0,0.18459311980088658,1.0,22.2,22.2,5.0,2.0,1,0.0,0.0,2.0,4
146567,0,0,0.2641510718019071,2.0,14.5,7.25,2.0,3.0,6,0.0,0.0,2.0,4
146571,0,0,0.11818278509099056,4.0,73.0,18.25,4.75,5.0,11,0.0,0.0,6.0,4
146573,0,0,0.3370716618450572,2.0,15.3,7.65,1.0,4.0,16,0.0,0.0,0.0,4
146574,0,0,0.2594190629210526,1.0,15.2,15.2,3.0,2.0,0,0.0,0.0,0.0,4
146583,1,0,0.23196427213889836,1.0,8.0,8.0,5.0,2.0,1,0.0,0.0,0.0,4
146594,0,0,0.248578509614481,1.0,4.9,4.9,3.0,2.0,1,0.0,0.0,1.0,4
146596,0,0,0.12223999010160133,3.0,51.5,17.166666666666668,4.666666666666667,4.0,4,1.0,51.980000000000004,5.0,1
146614,0,0,0.19103336546769276,2.0,57.8,28.9,3.5,3.0,5,0.0,0.0,1.0,4
146615,0,0,0.2521305137935379,5.0,47.7,9.540000000000001,4.0,6.0,5,0.0,0.0,2.0,4
146617,0,0,0.25205868041140495,1.0,14.5,14.5,4.0,5.0,18,0.0,0.0,0.0,1
146620,0,0,0.09120596880070408,5.0,170.2,34.04,4.0,6.0,13,1.0,1.99,1.0,1
146623,1,0,0.08059741548496403,5.0,114.0,22.8,3.8,6.0,16,0.0,0.0,8.0,4
146628,0,0,0.16838801581707077,3.0,88.1,29.366666666666664,4.333333333333333,4.0,11,0.0,0.0,0.0,3
146629,0,0,0.16480732388455507,4.0,108.5,27.125,2.5,6.0,16,0.0,0.0,1.0,3
146631,0,0,0.2286044829508263,1.0,15.0,15.0,5.0,2.0,4,0.0,0.0,0.0,4
146633,0,0,0.08313350176497471,7.0,159.8,22.82857142857143,5.428571428571429,7.0,12,0.0,0.0,4.0,2
146639,0,0,0.10378314045055552,5.0,111.4,22.28,4.6,8.0,18,0.0,0.0,5.0,3
146652,0,0,0.325980470263173,4.0,29.8,7.45,3.25,7.0,18,0.0,0.0,0.0,1
146653,0,0,0.2651036375966703,4.0,47.9,11.975,4.25,5.0,13,0.0,0.0,0.0,3
146664,0,0,0.2605126876914173,3.0,36.7,12.233333333333334,2.6666666666666665,4.0,6,0.0,0.0,1.0,4
146665,0,0,0.26278485406030344,1.0,13.5,13.5,3.0,2.0,2,0.0,0.0,0.0,4
146673,0,0,0.3107970507026879,1.0,5.3,5.3,1.0,2.0,4,0.0,0.0,0.0,4
146679,0,0,0.30428936001060647,2.0,20.5,10.25,2.0,5.0,17,0.0,0.0,0.0,2
146702,0,0,0.12525882233146468,3.0,88.0,29.333333333333332,5.333333333333333,4.0,5,0.0,0.0,2.0,2
146703,0,0,0.22249499765737443,1.0,6.6,6.6,6.0,2.0,8,0.0,0.0,0.0,4
146724,1,0,0.2519560674081209,1.0,5.8,5.8,4.0,2.0,5,0.0,0.0,0.0,1
146725,0,0,0.22641929885397638,2.0,14.3,7.15,4.5,3.0,2,1.0,1.99,2.0,4
146755,0,0,0.21445317164892616,4.0,64.1,16.025,3.75,5.0,7,0.0,0.0,1.0,1
146762,0,0,0.21845808469400632,2.0,18.1,9.05,3.0,3.0,3,0.0,0.0,3.0,4
146771,0,0,0.3115632999238951,0.0,0.0,0.0,0.0,1.0,18,0.0,0.0,0.0,4
146772,0,0,0.2150742480816459,3.0,45.1,15.033333333333333,4.333333333333333,4.0,5,0.0,0.0,1.0,3
146782,0,0,0.2177563688256202,2.0,34.2,17.1,3.0,3.0,9,0.0,0.0,2.0,4
146784,0,0,0.2942849240055579,2.0,12.2,6.1,2.0,3.0,10,0.0,0.0,1.0,4
146788,0,0,0.2935800301253175,1.0,1.8,1.8,2.0,2.0,3,0.0,0.0,0.0,4
146795,0,0,0.06987490389914845,4.0,185.0,46.25,2.25,5.0,7,0.0,0.0,2.0,2
146797,0,0,0.1966508517228091,2.0,45.5,22.75,3.0,3.0,3,0.0,0.0,2.0,4
146812,0,0,0.1906643175790272,4.0,51.099999999999994,12.774999999999999,3.75,5.0,6,1.0,1.99,4.0,1
146815,0,0,0.18342910932889428,2.0,39.1,19.55,4.0,3.0,17,0.0,0.0,3.0,3
146824,0,0,0.12173461000818617,3.0,91.5,30.5,4.666666666666667,4.0,15,0.0,0.0,3.0,3
146826,0,0,0.1741340747119622,4.0,87.4,21.85,1.75,6.0,15,0.0,0.0,3.0,1
146827,0,0,0.22624490540623118,2.0,54.6,27.3,2.5,3.0,1,0.0,0.0,0.0,4
146830,0,0,0.17281458624008264,4.0,74.0,18.5,3.5,7.0,18,0.0,0.0,3.0,1
146832,0,0,0.16321429679145605,5.0,89.0,17.8,3.6,6.0,6,0.0,0.0,3.0,2
146838,0,0,0.15068906018991213,6.0,90.9,15.15,5.333333333333333,6.0,12,0.0,0.0,4.0,4
146841,0,0,0.31894472780293187,2.0,9.5,4.75,2.0,3.0,8,0.0,0.0,0.0,2
146848,0,0,0.2480577245426867,1.0,27.9,27.9,3.0,2.0,0,0.0,0.0,0.0,4
146851,0,0,0.2972149254117164,2.0,12.7,6.35,1.5,3.0,4,0.0,0.0,1.0,4
146857,0,0,0.15723899441821584,4.0,104.8,26.2,3.0,5.0,5,0.0,0.0,1.0,2
146860,0,0,0.201035795893808,2.0,28.0,14.0,5.5,3.0,2,0.0,0.0,1.0,4
146862,0,0,0.07176622047071246,5.0,125.7,25.14,4.4,6.0,6,0.0,0.0,7.0,4
146867,0,0,0.22980091348217513,4.0,29.4,7.35,4.5,5.0,7,0.0,0.0,3.0,1
146869,0,0,0.17108275749117471,3.0,69.19999999999999,23.066666666666663,4.666666666666667,4.0,3,0.0,0.0,1.0,4
146874,0,0,0.1425824031729146,3.0,98.89999999999999,32.96666666666666,3.6666666666666665,4.0,2,0.0,0.0,1.0,4
146876,0,0,0.3076032465768918,0.0,0.0,0.0,0.0,1.0,16,0.0,0.0,0.0,2
146879,1,0,0.2378461985934774,2.0,25.200000000000003,12.600000000000001,1.5,3.0,10,0.0,0.0,3.0,4
146880,1,0,0.19233552883272811,3.0,38.0,12.666666666666666,2.3333333333333335,4.0,13,0.0,0.0,5.0,4
146888,1,0,0.0994381305530104,5.0,133.7,26.74,4.6,6.0,12,0.0,0.0,3.0,3
146889,0,0,0.22278838624711453,2.0,20.9,10.45,4.0,3.0,10,0.0,0.0,2.0,4
146895,0,0,0.26186449972845816,6.0,65.0,10.833333333333334,2.3333333333333335,6.0,13,0.0,0.0,3.0,3
146896,0,0,0.28214619229621496,2.0,11.0,5.5,2.5,3.0,8,0.0,0.0,1.0,1
146897,0,0,0.28326555553402666,2.0,17.2,8.6,2.0,3.0,9,0.0,0.0,1.0,3
146898,0,0,0.12108381438792545,4.0,110.8,27.7,2.5,5.0,10,1.0,9.99,4.0,3
146909,0,0,0.2285706650449528,2.0,21.2,10.6,4.5,3.0,5,0.0,0.0,1.0,3
146913,0,0,0.02297011431405043,6.0,217.6,36.266666666666666,5.0,6.0,7,0.0,0.0,9.0,4
146919,0,0,0.3115632999238951,0.0,0.0,0.0,0.0,1.0,18,0.0,0.0,0.0,4
146929,0,0,0.08448822324481792,5.0,165.2,33.04,5.0,6.0,16,1.0,19.99,1.0,1
146934,0,0,0.21101185199863953,3.0,54.6,18.2,1.3333333333333333,4.0,7,0.0,0.0,3.0,4
146939,0,0,0.22290205644370265,4.0,31.3,7.825,4.0,6.0,18,0.0,0.0,4.0,1
146943,0,0,0.3376133133713294,3.0,6.5,2.1666666666666665,2.3333333333333335,4.0,12,0.0,0.0,1.0,4
146957,0,0,0.17830407227211223,3.0,83.0,27.666666666666668,4.333333333333333,5.0,15,0.0,0.0,0.0,4
146959,0,0,0.09264755788384099,4.0,122.0,30.5,3.5,5.0,10,1.0,1.99,5.0,3
146962,0,0,0.2829652549228837,1.0,25.7,25.7,2.0,2.0,16,0.0,0.0,0.0,4
146964,0,0,0.229873432938582,1.0,4.3,4.3,6.0,3.0,17,0.0,0.0,0.0,3
146972,0,0,0.123199217199403,2.0,110.30000000000001,55.150000000000006,5.0,3.0,1,0.0,0.0,0.0,3
146990,0,0,0.25963218120548337,2.0,28.9,14.45,3.5,3.0,11,0.0,0.0,0.0,4
146998,0,0,0.051364235569342276,6.0,193.6,32.266666666666666,4.0,6.0,11,0.0,0.0,5.0,4
147010,0,0,0.19614316114499672,3.0,56.1,18.7,4.666666666666667,4.0,10,0.0,0.0,1.0,4
147021,0,0,0.0310533967187429,6.0,175.5,29.25,6.0,6.0,12,0.0,0.0,10.0,4
147028,0,0,0.15055341406551456,3.0,41.1,13.700000000000001,2.3333333333333335,4.0,4,0.0,0.0,7.0,4
147030,0,0,0.274966357825654,2.0,13.4,6.7,2.5,3.0,3,0.0,0.0,1.0,3
147040,0,0,0.2516488625928771,3.0,33.5,11.166666666666666,3.6666666666666665,4.0,9,0.0,0.0,1.0,4
147042,0,0,0.1685943533450744,4.0,79.0,19.75,4.5,5.0,14,0.0,0.0,2.0,4
147043,0,0,0.1880753575031236,2.0,52.6,26.3,4.0,3.0,2,0.0,0.0,1.0,3
147044,0,0,0.19325218117332885,1.0,69.6,69.6,2.0,2.0,1,0.0,0.0,2.0,4
147047,0,0,0.1980285745776635,2.0,34.9,17.45,4.5,4.0,17,0.0,0.0,2.0,3
147049,0,0,0.11065424698195866,3.0,70.1,23.366666666666664,6.333333333333333,4.0,2,0.0,0.0,4.0,3
147051,0,0,0.1758303090737635,2.0,28.0,14.0,5.0,3.0,4,0.0,0.0,3.0,4
147052,0,0,0.20665322017226945,2.0,32.0,16.0,3.0,5.0,17,0.0,0.0,3.0,4
147061,0,0,0.2288409087384004,4.0,47.1,11.775,4.0,6.0,15,0.0,0.0,2.0,1
147078,0,0,0.283207983143691,1.0,10.6,10.6,2.0,2.0,4,0.0,0.0,0.0,1
147086,0,0,0.2322347972721784,2.0,26.4,13.2,2.5,3.0,2,0.0,0.0,2.0,4
147093,0,0,0.20841114390714818,2.0,40.3,20.15,4.0,3.0,6,0.0,0.0,1.0,3
147094,0,0,0.2868568354744262,1.0,10.7,10.7,2.0,2.0,5,0.0,0.0,0.0,4
147120,0,0,0.2769878775948731,1.0,9.2,9.2,3.0,2.0,13,0.0,0.0,0.0,4
147132,0,0,0.12638714411874788,7.0,106.0,15.142857142857142,2.7142857142857144,7.0,14,0.0,0.0,8.0,4
147135,0,0,0.09974419556253111,6.0,147.0,24.5,3.3333333333333335,6.0,13,0.0,0.0,4.0,2
147141,0,0,0.13400889026037618,4.0,100.0,25.0,4.0,5.0,12,1.0,1.99,3.0,1
147151,0,0,0.18881794810957872,4.0,73.8,18.45,2.25,5.0,10,0.0,0.0,3.0,4
147154,0,0,0.2114691665573538,5.0,93.5,18.7,3.6,6.0,15,0.0,0.0,0.0,1
147157,0,0,0.11126054498483301,7.0,129.5,18.5,3.0,8.0,18,1.0,1.99,7.0,2
147166,0,0,0.32741221253847635,3.0,14.299999999999999,4.766666666666667,1.6666666666666667,4.0,6,0.0,0.0,1.0,4
147170,0,0,0.15657783168486847,5.0,81.7,16.34,2.8,6.0,8,0.0,0.0,5.0,3
147183,0,0,0.29306990835831387,2.0,27.4,13.7,1.5,3.0,4,0.0,0.0,0.0,4
147190,0,0,0.2410554018691374,2.0,20.9,10.45,2.5,3.0,2,0.0,0.0,2.0,4
147202,0,0,0.28512267382137657,2.0,24.9,12.45,2.0,3.0,1,0.0,0.0,0.0,4
147213,0,0,0.21338068693368792,6.0,77.2,12.866666666666667,5.0,7.0,18,0.0,0.0,2.0,2
147220,0,0,0.24127566035634246,4.0,55.0,13.75,2.5,5.0,14,0.0,0.0,2.0,4
147227,0,0,0.2384172173824647,2.0,43.6,21.8,3.5,4.0,16,0.0,0.0,0.0,4
147230,0,0,0.2890068424437947,1.0,3.5,3.5,2.0,2.0,0,0.0,0.0,0.0,4
147234,0,0,0.2228423998917009,1.0,15.1,15.1,5.0,2.0,0,0.0,0.0,0.0,1
147243,0,0,0.2634031749851817,2.0,25.5,12.75,1.5,3.0,16,0.0,0.0,2.0,4
147246,0,0,0.15647537622757987,1.0,9.3,9.3,10.0,2.0,0,0.0,0.0,0.0,2
147247,0,0,0.12733010349780657,5.0,80.3,16.06,5.6,6.0,11,0.0,0.0,5.0,1
147256,0,0,0.20818191991511836,2.0,51.5,25.75,3.0,3.0,6,0.0,0.0,1.0,4
147258,1,0,0.21494602386730555,1.0,27.8,27.8,5.0,2.0,1,0.0,0.0,0.0,3
147262,0,0,0.342788456535701,5.0,46.5,9.3,2.0,6.0,11,0.0,0.0,0.0,1
147265,0,0,0.24787809035604647,1.0,29.1,29.1,3.0,2.0,1,0.0,0.0,0.0,4
147278,0,0,0.07639747906872925,4.0,152.29999999999998,38.074999999999996,5.0,5.0,5,0.0,0.0,2.0,3
147286,0,0,0.26299336868299195,4.0,46.6,11.65,1.75,5.0,5,0.0,0.0,2.0,3
147291,0,0,0.2328338824254131,1.0,7.0,7.0,5.0,2.0,2,0.0,0.0,0.0,3
147307,0,0,0.20626773656302808,5.0,79.5,15.9,4.2,6.0,7,0.0,0.0,1.0,4
147312,0,0,0.253601327422935,4.0,42.7,10.675,2.0,5.0,13,0.0,0.0,3.0,4
147316,0,0,0.21658288580452043,3.0,43.0,14.333333333333334,2.6666666666666665,6.0,18,0.0,0.0,3.0,4
147317,0,0,0.12152060955694775,4.0,96.3,24.075,4.25,5.0,16,0.0,0.0,4.0,3
147319,0,0,0.11783605111025502,5.0,106.4,21.28,4.8,6.0,13,0.0,0.0,4.0,4
147331,0,0,0.3004948845929151,2.0,15.0,7.5,2.5,3.0,9,0.0,0.0,0.0,3
147336,0,0,0.10576461744915105,4.0,64.5,16.125,5.0,6.0,18,0.0,0.0,8.0,4
147341,0,0,0.25841616339921797,1.0,33.2,33.2,2.0,2.0,0,0.0,0.0,0.0,1
147347,0,0,0.28268041079689665,0.0,0.0,0.0,0.0,1.0,15,0.0,0.0,1.0,1
147354,0,0,0.1545869171325682,4.0,102.1,25.525,4.0,5.0,8,1.0,6.98,1.0,2
147359,0,0,0.31489229724605416,2.0,15.3,7.65,1.5,3.0,6,0.0,0.0,0.0,1
147375,0,0,0.26786617145411595,3.0,22.9,7.633333333333333,3.0,4.0,16,0.0,0.0,2.0,2
147379,0,0,0.2593409310664852,1.0,19.7,19.7,2.0,2.0,10,0.0,0.0,1.0,2
147382,0,0,0.08253915771673787,5.0,120.9,24.18,3.8,7.0,18,0.0,0.0,7.0,2
147385,0,0,0.11980567352027555,5.0,107.2,21.44,3.4,7.0,16,0.0,0.0,5.0,4
147386,0,0,0.25982921026239625,3.0,31.599999999999998,10.533333333333333,2.3333333333333335,4.0,11,0.0,0.0,2.0,4
147388,0,0,0.16983820606906716,4.0,72.2,18.05,4.0,6.0,15,0.0,0.0,3.0,4
147390,0,0,0.10945977737636192,6.0,105.0,17.5,2.8333333333333335,8.0,16,0.0,0.0,8.0,4
147395,0,0,0.31131117293200383,1.0,2.8,2.8,1.0,2.0,2,0.0,0.0,0.0,4
147397,0,0,0.09316119045106101,4.0,98.39999999999999,24.599999999999998,5.75,5.0,10,0.0,0.0,5.0,4
147406,0,0,0.16817400423556647,2.0,41.6,20.8,3.0,3.0,2,0.0,0.0,4.0,4
147409,0,0,0.25781597566618836,2.0,23.8,11.9,2.5,3.0,3,0.0,0.0,1.0,4
147410,0,0,0.16025682899419277,3.0,46.8,15.6,4.666666666666667,4.0,8,0.0,0.0,4.0,4
147427,0,0,0.1291239037115127,3.0,87.2,29.066666666666666,5.0,4.0,5,0.0,0.0,2.0,1
147430,0,0,0.24202259265702109,3.0,56.3,18.766666666666666,3.0,4.0,3,1.0,1.99,0.0,2
147432,0,0,0.2072845603365088,3.0,64.7,21.566666666666666,3.6666666666666665,4.0,3,0.0,0.0,0.0,1
147448,0,0,0.14574313076195242,4.0,102.0,25.5,3.25,5.0,6,0.0,0.0,2.0,4
147454,1,0,0.3115508170893442,2.0,12.3,6.15,2.5,3.0,14,0.0,0.0,0.0,4
147456,0,0,0.06085478068904095,4.0,112.3,28.075,5.25,5.0,5,0.0,0.0,8.0,4
147457,0,0,0.20508716399292712,5.0,79.9,15.98,3.2,6.0,12,0.0,0.0,2.0,2
147458,0,0,0.18993545681756335,1.0,24.0,24.0,7.0,2.0,3,0.0,0.0,0.0,4
147467,0,0,0.1079884283315839,5.0,113.4,22.68,4.0,7.0,18,0.0,0.0,5.0,4
147477,0,0,0.21852094899474792,2.0,76.9,38.45,1.5,4.0,18,0.0,0.0,0.0,1
147480,0,0,0.2813937818415723,1.0,12.4,12.4,2.0,2.0,1,0.0,0.0,0.0,4
147488,1,0,0.23868073098552067,1.0,25.6,25.6,2.0,2.0,14,0.0,0.0,2.0,4
147489,0,0,0.19563838280369736,4.0,80.6,20.15,3.25,5.0,9,0.0,0.0,1.0,3
147504,0,0,0.2681683038363339,2.0,31.3,15.65,2.5,3.0,5,0.0,0.0,0.0,4
147505,1,0,0.30954777392481736,0.0,0.0,0.0,0.0,1.0,16,0.0,0.0,0.0,4
147506,0,0,0.14317471756055908,4.0,111.9,27.975,3.75,5.0,13,0.0,0.0,1.0,2
147519,0,0,0.2810021016941414,3.0,37.1,12.366666666666667,1.6666666666666667,4.0,11,0.0,0.0,1.0,2
147521,0,0,0.23760703004753236,2.0,29.2,14.6,3.5,3.0,10,0.0,0.0,1.0,4
147525,0,0,0.24640998345411214,2.0,33.6,16.8,3.5,3.0,5,0.0,0.0,0.0,4
147529,0,0,0.16558137563662098,3.0,60.800000000000004,20.26666666666667,2.6666666666666665,4.0,10,0.0,0.0,4.0,1
147540,0,0,0.25347471380520137,2.0,22.5,11.25,4.0,3.0,2,0.0,0.0,0.0,4
147541,0,0,0.22119002188526557,2.0,52.1,26.05,3.0,3.0,1,0.0,0.0,0.0,3
147559,0,0,0.2827980492509583,3.0,41.8,13.933333333333332,2.3333333333333335,4.0,2,1.0,1.99,0.0,3
147564,0,0,0.05633899043008777,6.0,158.6,26.433333333333334,5.0,6.0,12,0.0,0.0,7.0,4
147575,0,0,0.13615103692302044,4.0,85.5,21.375,4.0,6.0,15,0.0,0.0,4.0,3
147584,0,0,0.2907452728091759,1.0,3.8,3.8,2.0,2.0,5,0.0,0.0,0.0,1
147592,1,0,0.2994419713552369,4.0,38.099999999999994,9.524999999999999,2.5,5.0,14,0.0,0.0,1.0,4
147593,0,0,0.23442896581967423,2.0,29.400000000000002,14.700000000000001,4.5,3.0,3,0.0,0.0,0.0,4
147597,0,0,0.1833467595030007,4.0,41.4,10.35,5.0,5.0,6,0.0,0.0,4.0,3
147599,0,0,0.2425539322183092,1.0,14.5,14.5,4.0,2.0,3,0.0,0.0,0.0,1
147609,0,0,0.26199786988230944,2.0,42.8,21.4,2.0,3.0,11,0.0,0.0,0.0,3
147611,0,0,0.09441402996774585,6.0,109.8,18.3,3.8333333333333335,6.0,10,0.0,0.0,8.0,4
147621,0,0,0.19387177328161914,2.0,73.5,36.75,3.5,3.0,15,0.0,0.0,0.0,4
147626,0,0,0.1967465650237192,3.0,63.5,21.166666666666668,2.3333333333333335,4.0,7,0.0,0.0,2.0,1
147631,0,0,0.17901147022625796,4.0,64.7,16.175,5.0,5.0,8,0.0,0.0,2.0,2
147640,0,0,0.2029400689216379,3.0,38.6,12.866666666666667,5.0,4.0,11,0.0,0.0,2.0,4
147646,0,0,0.2250565075234614,2.0,26.299999999999997,13.149999999999999,3.0,3.0,6,0.0,0.0,2.0,1
147655,0,0,0.3086066130510221,0.0,0.0,0.0,0.0,1.0,17,0.0,0.0,0.0,2
147664,0,0,0.2831143439928291,1.0,2.1,2.1,3.0,4.0,18,0.0,0.0,0.0,1
147665,0,0,0.1972743227722656,2.0,12.6,6.3,5.0,3.0,5,0.0,0.0,3.0,4
147669,0,0,0.3113376211819156,2.0,14.0,7.0,2.0,3.0,9,0.0,0.0,0.0,2
147671,0,0,0.2120316205107926,1.0,33.8,33.8,4.0,2.0,6,0.0,0.0,1.0,4
147681,0,0,0.19836093584214326,1.0,29.4,29.4,6.0,2.0,0,0.0,0.0,0.0,4
147682,0,0,0.27680408145357394,3.0,20.9,6.966666666666666,3.6666666666666665,4.0,10,0.0,0.0,1.0,3
147693,1,0,0.17425744652091835,6.0,86.30000000000001,14.383333333333335,3.0,7.0,16,0.0,0.0,5.0,4
147694,0,0,0.31142760649455825,2.0,16.4,8.2,2.0,4.0,15,0.0,0.0,0.0,2
147697,0,0,0.06918514531314977,5.0,142.9,28.580000000000002,4.2,7.0,16,0.0,0.0,6.0,1
147704,0,0,0.14669592273442733,4.0,84.4,21.1,3.25,6.0,16,0.0,0.0,4.0,3
147708,0,0,0.1377929746750867,2.0,71.3,35.65,5.5,3.0,3,1.0,4.99,2.0,4
147713,0,0,0.23709103325130593,2.0,36.5,18.25,3.0,5.0,16,0.0,0.0,1.0,4
147726,0,0,0.16283374528801423,3.0,36.0,12.0,3.3333333333333335,4.0,9,0.0,0.0,6.0,4
147734,0,0,0.13553427831383694,6.0,103.0,17.166666666666668,2.8333333333333335,6.0,13,0.0,0.0,6.0,4
147740,0,0,0.18227968484878812,2.0,68.5,34.25,3.0,3.0,3,0.0,0.0,1.0,4
147742,0,0,0.09292583344970119,3.0,59.9,19.966666666666665,5.0,4.0,5,0.0,0.0,8.0,4
147759,0,0,0.3125255384967474,5.0,43.9,8.78,2.8,6.0,12,0.0,0.0,1.0,4
147761,0,0,0.17123645933133497,4.0,62.8,15.7,2.75,5.0,16,0.0,0.0,5.0,4
147771,0,0,0.26375487082711013,2.0,19.8,9.9,2.5,3.0,2,0.0,0.0,1.0,4
147781,0,0,0.3015413129465957,3.0,26.5,8.833333333333334,1.6666666666666667,4.0,10,0.0,0.0,1.0,1
147784,0,0,0.23513683640273725,3.0,50.599999999999994,16.866666666666664,1.6666666666666667,4.0,11,0.0,0.0,2.0,4
147793,0,0,0.011577421832911406,7.0,225.1,32.15714285714286,3.7142857142857144,7.0,11,0.0,0.0,17.0,4
147804,0,0,0.17125528762891573,5.0,119.39999999999999,23.88,2.0,6.0,11,0.0,0.0,1.0,4
147813,0,0,0.1656365490837607,4.0,76.1,19.025,2.5,5.0,10,0.0,0.0,4.0,4
147819,0,0,0.23869359109740468,3.0,28.2,9.4,3.6666666666666665,4.0,8,0.0,0.0,2.0,2
147826,0,0,0.06198831935884297,6.0,168.2,28.03333333333333,4.833333333333333,6.0,8,0.0,0.0,5.0,3
147829,0,0,0.2440141479050243,1.0,11.1,11.1,3.0,2.0,2,0.0,0.0,1.0,4
147872,0,0,0.048481958204285296,6.0,172.2,28.7,4.0,7.0,17,0.0,0.0,8.0,4
147875,1,0,0.1660597837880061,5.0,100.9,20.18,3.6,7.0,18,0.0,0.0,2.0,1
147879,0,0,0.182530630735049,8.0,117.4,14.675,4.125,9.0,15,0.0,0.0,3.0,1
147880,1,0,0.12212501561116303,3.0,91.7,30.566666666666666,4.0,4.0,2,0.0,0.0,3.0,4
147889,1,0,0.2504056816064332,3.0,36.3,12.1,2.3333333333333335,5.0,15,0.0,0.0,2.0,1
147901,0,0,0.28570951281549467,1.0,8.9,8.9,2.0,2.0,2,0.0,0.0,0.0,4
147902,1,0,0.23273643347773548,1.0,11.1,11.1,5.0,2.0,6,0.0,0.0,0.0,3
147903,0,0,0.22764243781882051,2.0,20.6,10.3,5.0,4.0,16,0.0,0.0,1.0,1
147909,0,0,0.11442636424635595,6.0,73.6,12.266666666666666,3.8333333333333335,6.0,13,0.0,0.0,10.0,4
147913,0,0,0.28330492099505633,1.0,11.4,11.4,2.0,2.0,2,0.0,0.0,0.0,4
147931,0,0,0.15278201676246128,3.0,71.3,23.766666666666666,3.6666666666666665,4.0,7,0.0,0.0,3.0,3
147933,0,0,0.26349496159990227,4.0,50.1,12.525,2.75,5.0,12,0.0,0.0,1.0,1
147945,1,0,0.2433414623525522,2.0,32.5,16.25,2.5,3.0,4,0.0,0.0,1.0,3
147960,0,0,0.27971807499777485,2.0,26.4,13.2,2.5,3.0,11,0.0,0.0,0.0,1
147962,0,0,0.24188026980289423,1.0,23.3,23.3,4.0,2.0,5,1.0,9.99,0.0,3
147979,0,0,0.21205760275469007,2.0,46.8,23.4,3.0,3.0,5,0.0,0.0,1.0,1
148003,0,0,0.09684769827757375,4.0,100.89999999999999,25.224999999999998,5.0,5.0,11,0.0,0.0,5.0,3
148006,0,0,0.23142995804814318,1.0,25.8,25.8,3.0,2.0,2,0.0,0.0,1.0,4
148012,0,0,0.06739893271892569,5.0,98.3,19.66,5.0,6.0,11,1.0,19.99,10.0,4
148029,0,0,0.11294650965806742,3.0,78.2,26.066666666666666,3.3333333333333335,4.0,11,0.0,0.0,6.0,4
148041,0,0,0.28954958699471317,2.0,17.2,8.6,2.5,3.0,1,0.0,0.0,0.0,4
148046,0,0,0.2526501469128793,1.0,3.3,3.3,3.0,2.0,4,0.0,0.0,1.0,4
148052,0,0,0.23986527519502557,3.0,42.9,14.299999999999999,2.3333333333333335,4.0,13,0.0,0.0,2.0,4
148065,0,0,0.24475346628802994,4.0,46.0,11.5,3.0,5.0,7,0.0,0.0,2.0,4
148080,0,0,0.2594436483353661,3.0,24.8,8.266666666666667,1.6666666666666667,4.0,6,0.0,0.0,3.0,4
148083,1,0,0.2625706131188574,1.0,1.9,1.9,3.0,3.0,15,0.0,0.0,1.0,4
148095,0,0,0.17531628914419395,5.0,62.4,12.48,4.0,6.0,14,0.0,0.0,5.0,3
148123,0,0,0.21703975630465794,1.0,4.4,4.4,6.0,2.0,0,0.0,0.0,0.0,3
148126,0,0,0.2630885904407641,1.0,13.2,13.2,3.0,2.0,3,0.0,0.0,0.0,3
148133,0,0,0.26850143870142096,2.0,19.2,9.6,2.5,3.0,7,0.0,0.0,1.0,3
148138,0,0,0.19463047813320353,6.0,65.3,10.883333333333333,3.8333333333333335,6.0,8,0.0,0.0,5.0,4
148144,0,0,0.036807470473028556,6.0,197.0,32.833333333333336,6.166666666666667,9.0,18,0.0,0.0,6.0,2
148145,0,0,0.10821051445907942,3.0,75.9,25.3,4.333333333333333,5.0,17,0.0,0.0,6.0,4
148150,0,0,0.21263022309056046,3.0,23.0,7.666666666666667,3.6666666666666665,4.0,10,0.0,0.0,4.0,4
148154,0,0,0.26395361950597573,1.0,9.3,9.3,3.0,2.0,1,0.0,0.0,0.0,2
148160,0,0,0.13142179219365846,3.0,55.6,18.533333333333335,3.6666666666666665,4.0,5,0.0,0.0,6.0,4
148168,0,0,0.2910143148244931,1.0,1.5,1.5,2.0,2.0,2,0.0,0.0,0.0,2
148169,0,0,0.0038459403788625997,8.0,334.2,41.775,4.5,8.0,14,0.0,0.0,16.0,4
148173,0,0,0.2670981088836968,2.0,23.700000000000003,11.850000000000001,2.5,3.0,13,0.0,0.0,1.0,4
148177,0,0,0.21542738183457613,2.0,4.7,2.35,5.5,3.0,3,0.0,0.0,2.0,1
148198,0,0,0.059727930002773856,5.0,120.5,24.1,4.0,8.0,17,0.0,0.0,10.0,4
148200,0,0,0.18991981612673584,3.0,68.2,22.733333333333334,3.6666666666666665,4.0,9,0.0,0.0,1.0,3
148205,0,0,0.19311410148693436,2.0,52.8,26.4,5.5,4.0,17,0.0,0.0,0.0,3
148206,0,0,0.2168458359154533,3.0,40.6,13.533333333333333,4.666666666666667,4.0,5,0.0,0.0,1.0,2
148210,0,0,0.14409979477922602,4.0,67.4,16.85,4.25,5.0,13,0.0,0.0,5.0,4
148215,0,0,0.2200567212362775,1.0,41.2,41.2,4.0,2.0,0,0.0,0.0,0.0,4
148228,0,0,0.11954029906519831,3.0,108.80000000000001,36.26666666666667,3.6666666666666665,4.0,4,0.0,0.0,2.0,4
148238,0,0,0.21060112858383825,3.0,40.0,13.333333333333334,2.3333333333333335,4.0,18,0.0,0.0,4.0,4
148247,0,0,0.24349491592289194,1.0,10.7,10.7,3.0,2.0,1,0.0,0.0,1.0,4
148250,1,0,0.2938171773876292,2.0,26.5,13.25,2.0,3.0,13,0.0,0.0,0.0,4
148251,0,0,0.10945487796725177,4.0,148.7,37.175,3.5,5.0,3,0.0,0.0,0.0,4
148252,0,0,0.204075995828923,1.0,57.2,57.2,2.0,2.0,3,0.0,0.0,2.0,4
148254,0,0,0.20334439443454963,1.0,20.9,20.9,6.0,2.0,0,0.0,0.0,0.0,2
148260,0,0,0.13596172778772822,5.0,65.7,13.14,4.6,6.0,16,0.0,0.0,7.0,4
148271,0,0,0.15005792125889664,3.0,80.8,26.933333333333334,3.0,4.0,9,0.0,0.0,3.0,4
148275,0,0,0.12735975479681774,4.0,106.6,26.65,3.5,5.0,12,0.0,0.0,3.0,4
148276,0,0,0.04488786878109116,5.0,143.6,28.72,4.2,6.0,10,0.0,0.0,10.0,4
148282,1,0,0.23234860936813745,1.0,26.5,26.5,1.0,2.0,13,0.0,0.0,3.0,2
148284,0,0,0.13046455955078518,3.0,72.8,24.266666666666666,2.3333333333333335,6.0,17,0.0,0.0,6.0,4
148287,0,0,0.2092188972495938,2.0,27.1,13.55,1.5,3.0,2,0.0,0.0,4.0,4
148290,0,0,0.163245721929874,4.0,83.4,20.85,4.25,5.0,13,0.0,0.0,2.0,2
148300,1,0,0.2563303823850493,3.0,40.2,13.4,3.0,5.0,17,0.0,0.0,1.0,4
148303,0,0,0.30676143051046584,2.0,12.899999999999999,6.449999999999999,1.5,3.0,14,0.0,0.0,1.0,4
148315,0,0,0.13862927804047398,3.0,91.80000000000001,30.600000000000005,3.6666666666666665,4.0,5,0.0,0.0,2.0,2
148317,0,0,0.2688512303035193,1.0,3.0,3.0,3.0,2.0,0,0.0,0.0,0.0,2
148328,0,0,0.24523495922650476,3.0,35.8,11.933333333333332,3.3333333333333335,4.0,3,0.0,0.0,1.0,1
148340,0,0,0.27315914991292417,1.0,19.2,19.2,2.0,2.0,2,0.0,0.0,0.0,1
148345,0,0,0.259905530039158,1.0,13.7,13.7,3.0,2.0,0,0.0,0.0,0.0,3
148347,0,0,0.22681869872576754,3.0,21.0,7.0,2.0,5.0,15,0.0,0.0,5.0,4
148354,0,0,0.29165377686653715,4.0,41.5,10.375,2.25,5.0,9,0.0,0.0,1.0,4
148355,0,0,0.07515477676724544,3.0,135.6,45.199999999999996,4.0,4.0,7,0.0,0.0,4.0,4
148361,0,0,0.22928144607261874,1.0,11.2,11.2,5.0,2.0,1,0.0,0.0,0.0,4
148371,0,0,0.0711956953048077,5.0,69.9,13.98,7.0,6.0,15,0.0,0.0,11.0,4
148375,0,0,0.20318524782120342,5.0,95.6,19.119999999999997,2.8,6.0,16,0.0,0.0,1.0,2
148381,0,0,0.13437018231707404,2.0,50.300000000000004,25.150000000000002,5.0,3.0,2,0.0,0.0,4.0,4
148386,0,0,0.13063889367609285,5.0,107.0,21.4,4.6,6.0,12,0.0,0.0,3.0,4
148400,1,0,0.2834060814934874,4.0,18.6,4.65,3.25,5.0,14,0.0,0.0,3.0,4
148417,0,0,0.17303770860818252,3.0,75.5,25.166666666666668,4.333333333333333,4.0,14,0.0,0.0,1.0,3
148433,0,0,0.282091568893325,4.0,42.400000000000006,10.600000000000001,2.75,5.0,14,0.0,0.0,1.0,1
148441,0,0,0.29863696078768875,1.0,8.3,8.3,2.0,3.0,18,0.0,0.0,0.0,2
148448,0,0,0.17427305652689137,3.0,73.3,24.433333333333334,4.333333333333333,4.0,12,0.0,0.0,1.0,2
148453,0,0,0.16293993637043455,4.0,93.4,23.35,3.25,5.0,14,0.0,0.0,2.0,4
148454,0,0,0.20975691455296988,3.0,47.599999999999994,15.866666666666665,2.6666666666666665,5.0,18,0.0,0.0,3.0,4
148456,0,0,0.13010788538125653,4.0,90.0,22.5,3.5,5.0,4,0.0,0.0,4.0,2
148459,0,0,0.06104702772009016,6.0,161.3,26.883333333333336,3.5,6.0,7,0.0,0.0,7.0,4
148463,0,0,0.04826131324916636,7.0,212.5,30.357142857142858,5.0,8.0,15,0.0,0.0,4.0,1
148468,0,0,0.11684686350473006,9.0,94.6,10.511111111111111,3.888888888888889,9.0,15,0.0,0.0,12.0,1
148475,0,0,0.26374905056738057,2.0,16.5,8.25,4.5,3.0,12,0.0,0.0,0.0,4
148480,1,0,0.15847585925923727,3.0,44.6,14.866666666666667,3.0,6.0,18,0.0,0.0,6.0,3
148487,0,0,0.2588419124664448,3.0,40.0,13.333333333333334,3.3333333333333335,4.0,4,0.0,0.0,0.0,1
148488,0,0,0.17201001289679582,5.0,74.0,14.8,5.0,6.0,10,0.0,0.0,3.0,3
148498,0,0,0.2427517319149254,2.0,24.599999999999998,12.299999999999999,2.5,6.0,18,0.0,0.0,2.0,1
148503,0,0,0.007990145777387053,7.0,282.7,40.385714285714286,6.285714285714286,7.0,10,0.0,0.0,12.0,4
148506,0,0,0.23240186096252777,2.0,20.200000000000003,10.100000000000001,2.5,3.0,14,0.0,0.0,3.0,4
148518,0,0,0.2980322338595145,3.0,29.0,9.666666666666666,2.0,5.0,17,0.0,0.0,1.0,4
148529,0,0,0.11102046362928222,4.0,107.3,26.825,4.25,5.0,9,1.0,1.99,4.0,4
148531,0,0,0.17249831142438057,2.0,37.8,18.9,5.5,3.0,4,0.0,0.0,2.0,4
148544,0,0,0.19885723169531433,2.0,33.8,16.9,4.5,4.0,17,0.0,0.0,2.0,2
148549,1,0,0.2673506566475378,2.0,9.5,4.75,1.5,4.0,15,0.0,0.0,3.0,4
148555,0,0,0.20769768270610564,2.0,20.1,10.05,4.0,3.0,13,0.0,0.0,3.0,4
148566,0,0,0.07067987425774945,7.0,164.5,23.5,4.142857142857143,7.0,6,0.0,0.0,6.0,4
148571,0,0,0.23544372172438635,3.0,55.6,18.533333333333335,3.6666666666666665,4.0,15,0.0,0.0,0.0,4
148578,0,0,0.2674875233374066,3.0,29.0,9.666666666666666,2.3333333333333335,5.0,18,0.0,0.0,2.0,1
148583,0,0,0.14024462635817314,2.0,64.1,32.05,6.5,3.0,1,1.0,19.99,1.0,4
148592,0,0,0.2966869382963178,2.0,5.300000000000001,2.6500000000000004,1.5,3.0,13,0.0,0.0,2.0,4
148593,0,0,0.1913976768634299,1.0,35.9,35.9,6.0,2.0,0,0.0,0.0,0.0,1
148602,0,0,0.05137360401016397,8.0,128.1,16.0125,3.875,8.0,14,0.0,0.0,15.0,4
148604,0,0,0.21217171681705205,2.0,30.4,15.2,5.0,3.0,12,0.0,0.0,1.0,3
148608,0,0,0.2833012086122788,1.0,12.4,12.4,2.0,2.0,3,0.0,0.0,0.0,4
148613,1,0,0.3018640174162329,1.0,5.6,5.6,2.0,4.0,18,0.0,0.0,0.0,4
148634,0,0,0.21256595344380053,2.0,5.7,2.85,4.5,3.0,2,0.0,0.0,3.0,4
148644,0,0,0.10964970164989166,2.0,47.800000000000004,23.900000000000002,5.5,3.0,6,0.0,0.0,6.0,3
148645,0,0,0.13314776384930968,2.0,76.4,38.2,5.0,3.0,2,0.0,0.0,2.0,4
148650,0,0,0.27008367612485756,1.0,4.6,4.6,3.0,2.0,1,0.0,0.0,0.0,4
148651,0,0,0.06938504306788137,6.0,132.70000000000002,22.11666666666667,4.5,6.0,11,1.0,49.99,7.0,3
148656,0,0,0.24859825916248085,1.0,7.5,7.5,4.0,2.0,0,0.0,0.0,0.0,4
148661,0,0,0.27390764390964684,1.0,20.3,20.3,2.0,2.0,1,0.0,0.0,0.0,4
148662,0,0,0.23233687641372236,1.0,22.1,22.1,2.0,2.0,3,0.0,0.0,2.0,4
148664,0,0,0.20165649748028242,1.0,18.8,18.8,4.0,2.0,1,0.0,0.0,2.0,4
148674,0,0,0.061563407865463396,6.0,160.0,26.666666666666668,3.6666666666666665,6.0,9,0.0,0.0,7.0,4
148675,0,0,0.29041249105327704,3.0,33.5,11.166666666666666,3.0,4.0,14,0.0,0.0,0.0,4
148686,0,0,0.15814964612062923,4.0,77.3,19.325,3.0,5.0,11,0.0,0.0,4.0,4
148691,0,0,0.09360916409049176,3.0,93.1,31.03333333333333,4.666666666666667,4.0,2,0.0,0.0,5.0,4
148698,0,0,0.31055463833229996,0.0,0.0,0.0,0.0,1.0,17,0.0,0.0,0.0,4
148707,0,0,0.2510332830364664,1.0,37.2,37.2,3.0,3.0,17,0.0,0.0,0.0,1
148715,0,0,0.049445387548585774,5.0,169.2,33.839999999999996,3.6,6.0,11,0.0,0.0,7.0,4
148717,0,0,0.202356554637044,3.0,53.7,17.900000000000002,2.0,4.0,9,0.0,0.0,3.0,2
148720,0,0,0.24121505675635802,6.0,85.8,14.299999999999999,3.3333333333333335,6.0,15,0.0,0.0,1.0,2
148722,0,0,0.24378432682051274,3.0,41.1,13.700000000000001,2.3333333333333335,5.0,15,0.0,0.0,2.0,4
148725,0,0,0.06260289041911336,4.0,148.8,37.2,3.5,6.0,16,0.0,0.0,6.0,4
148728,0,0,0.09891047294722452,4.0,118.8,29.7,2.5,5.0,7,0.0,0.0,5.0,4
148740,0,0,0.16721290699221122,2.0,54.3,27.15,6.5,3.0,1,0.0,0.0,0.0,3
148749,0,0,0.029674809057197233,9.0,193.9,21.544444444444444,4.555555555555555,10.0,18,0.0,0.0,14.0,4
148752,1,0,0.17280428948747997,4.0,57.8,14.45,4.25,5.0,13,0.0,0.0,4.0,4
148753,0,0,0.12695891187702685,6.0,127.4,21.233333333333334,2.6666666666666665,6.0,10,0.0,0.0,4.0,1
148758,0,0,0.3004771140615516,1.0,13.6,13.6,1.0,2.0,2,0.0,0.0,0.0,4
148767,0,0,0.19459703844138374,1.0,28.3,28.3,4.0,2.0,4,0.0,0.0,2.0,1
148778,0,0,0.17667098744057644,5.0,66.8,13.36,4.4,6.0,13,0.0,0.0,4.0,1
148779,0,0,0.07149006248484006,6.0,127.4,21.233333333333334,3.8333333333333335,7.0,15,0.0,0.0,9.0,3
148781,0,0,0.25291991282051873,2.0,26.7,13.35,2.5,3.0,3,0.0,0.0,1.0,4
148800,0,0,0.20197640570615122,3.0,67.1,22.366666666666664,2.6666666666666665,4.0,3,0.0,0.0,1.0,3
148805,0,0,0.1407132791351116,4.0,106.9,26.725,4.25,5.0,7,0.0,0.0,1.0,2
148820,0,0,0.2487273663896499,1.0,20.9,20.9,1.0,2.0,1,0.0,0.0,2.0,4
148823,0,0,0.2815926942849633,5.0,53.0,10.6,2.0,6.0,13,0.0,0.0,2.0,1
148834,0,0,0.2133778032870737,2.0,28.0,14.0,1.5,3.0,9,0.0,0.0,4.0,4
148837,0,0,0.2803503512096559,1.0,10.6,10.6,2.0,2.0,1,0.0,0.0,0.0,1
148843,0,0,0.17184721703153572,1.0,22.2,22.2,5.0,2.0,6,0.0,0.0,3.0,4
148854,0,0,0.1680259870254448,4.0,55.5,13.875,3.5,5.0,11,0.0,0.0,5.0,2
148863,0,0,0.07664526879050307,4.0,159.6,39.9,4.75,5.0,11,1.0,4.99,2.0,2
148868,0,0,0.2624045195145103,5.0,63.0,12.6,3.2,6.0,14,0.0,0.0,1.0,4
148875,0,0,0.10475041404628657,5.0,151.9,30.380000000000003,2.8,6.0,10,0.0,0.0,2.0,2
148887,0,0,0.14965284940811557,3.0,75.80000000000001,25.26666666666667,4.666666666666667,4.0,8,0.0,0.0,2.0,3
148905,0,0,0.26588476277859424,1.0,8.5,8.5,2.0,2.0,4,0.0,0.0,1.0,4
148911,1,0,0.25064062547668164,3.0,46.0,15.333333333333334,3.3333333333333335,4.0,5,0.0,0.0,0.0,4
148918,0,0,0.10317110334207236,4.0,132.6,33.15,2.5,5.0,5,0.0,0.0,3.0,1
148919,0,0,0.014714604050992917,7.0,264.3,37.75714285714286,5.714285714285714,7.0,14,0.0,0.0,9.0,3
148931,0,0,0.21939216666721403,2.0,19.8,9.9,2.0,3.0,11,0.0,0.0,4.0,4
148938,0,0,0.14513605185303233,3.0,63.4,21.133333333333333,5.333333333333333,4.0,12,0.0,0.0,3.0,1
148944,0,0,0.13587331290146412,3.0,71.3,23.766666666666666,4.0,4.0,8,0.0,0.0,4.0,3
148947,0,0,0.1560992272218258,7.0,123.5,17.642857142857142,3.0,7.0,13,1.0,1.99,4.0,3
148949,0,0,0.3120650589989456,2.0,8.899999999999999,4.449999999999999,2.5,3.0,11,0.0,0.0,0.0,1
148957,0,0,0.06248539531021191,5.0,103.30000000000001,20.660000000000004,3.4,9.0,18,1.0,9.99,12.0,4
148963,0,0,0.18244518948387176,3.0,26.7,8.9,5.0,4.0,5,0.0,0.0,4.0,3
148974,0,0,0.07509729379311819,5.0,110.2,22.04,3.8,6.0,15,0.0,0.0,9.0,3
148975,0,0,0.22352802621997195,1.0,14.9,14.9,3.0,2.0,5,0.0,0.0,2.0,4
148987,0,0,0.26847872125872396,1.0,4.7,4.7,2.0,2.0,3,0.0,0.0,1.0,4
149007,0,0,0.2420377245322792,1.0,15.0,15.0,4.0,2.0,0,0.0,0.0,0.0,4
149020,0,0,0.2456589878941288,4.0,37.6,9.4,2.0,6.0,17,0.0,0.0,4.0,4
149026,1,0,0.3096634735828973,1.0,2.5,2.5,1.0,2.0,2,0.0,0.0,0.0,2
149032,0,0,0.16005093154724234,4.0,63.5,15.875,5.25,5.0,6,0.0,0.0,3.0,1
149036,0,0,0.04298803093085672,6.0,126.8,21.133333333333333,4.833333333333333,7.0,16,1.0,19.99,13.0,3
149038,1,0,0.2412895554166626,2.0,18.9,9.45,2.0,3.0,14,0.0,0.0,3.0,2
149062,1,0,0.11188044553265755,5.0,110.0,22.0,3.8,9.0,18,0.0,0.0,5.0,3
149073,0,0,0.27303272612138035,2.0,24.9,12.45,3.0,3.0,11,0.0,0.0,0.0,1
149080,0,0,0.14587128511347514,2.0,32.9,16.45,4.5,3.0,4,0.0,0.0,5.0,3
149082,0,0,0.1715693684281309,5.0,84.0,16.8,2.8,8.0,18,0.0,0.0,4.0,1
149088,1,0,0.2838858414834103,2.0,33.5,16.75,1.5,3.0,6,0.0,0.0,0.0,4
149089,0,0,0.124835353538432,3.0,47.7,15.9,3.3333333333333335,5.0,17,0.0,0.0,8.0,4
149117,0,0,0.021160632827376312,6.0,182.3,30.383333333333336,3.5,6.0,13,0.0,0.0,15.0,4
149131,0,0,0.18075433618622871,2.0,39.0,19.5,3.5,3.0,5,0.0,0.0,3.0,1
149132,0,0,0.18815293656413856,2.0,20.6,10.3,6.0,3.0,4,0.0,0.0,2.0,4
149133,0,0,0.20900701638470048,2.0,19.7,9.85,3.5,3.0,4,0.0,0.0,3.0,4
149146,0,0,0.3114821296411499,2.0,22.9,11.45,1.5,3.0,16,0.0,0.0,0.0,2
149150,0,0,0.06920909626572874,7.0,160.9,22.985714285714288,5.142857142857143,7.0,12,0.0,0.0,6.0,4
149151,0,0,0.2672723044430901,1.0,13.7,13.7,3.0,2.0,10,0.0,0.0,0.0,1
149156,0,0,0.04337397184347812,8.0,172.0,21.5,4.875,8.0,14,0.0,0.0,11.0,4
149165,0,0,0.25483875887979773,2.0,29.8,14.9,2.5,3.0,11,0.0,0.0,1.0,4
149167,0,0,0.14988497180659924,4.0,72.9,18.225,4.25,7.0,18,1.0,19.99,4.0,4
149168,0,0,0.22501887789605435,3.0,65.6,21.866666666666664,3.0,4.0,13,0.0,0.0,0.0,2
149190,0,0,0.25578474445825056,1.0,8.4,8.4,4.0,2.0,9,0.0,0.0,0.0,4
149191,0,0,0.2688002327791945,1.0,9.0,9.0,3.0,2.0,5,0.0,0.0,0.0,3
149195,0,0,0.16840605456856575,4.0,38.3,9.575,4.25,5.0,8,0.0,0.0,6.0,4
149200,0,0,0.2165373440826946,7.0,106.8,15.257142857142856,3.5714285714285716,7.0,9,0.0,0.0,1.0,1
149204,0,0,0.02461575474666529,8.0,216.5,27.0625,4.25,8.0,14,0.0,0.0,12.0,4
149207,0,0,0.24108037976510058,3.0,32.8,10.933333333333332,4.0,4.0,2,0.0,0.0,1.0,4
149211,0,0,0.006644505750452951,7.0,345.0,49.285714285714285,4.428571428571429,7.0,11,1.0,1.99,9.0,3
149228,0,0,0.22785761098268592,1.0,31.7,31.7,4.0,2.0,0,0.0,0.0,0.0,4
149231,0,0,0.07845478819276472,5.0,161.1,32.22,4.2,6.0,15,0.0,0.0,3.0,3
149237,0,0,0.24776914334829434,4.0,49.5,12.375,3.75,5.0,10,0.0,0.0,1.0,4
149246,0,0,0.2025468411332301,5.0,81.1,16.22,4.0,7.0,17,1.0,1.99,2.0,4
149253,0,0,0.11811454210845383,4.0,122.7,30.675,4.5,5.0,7,0.0,0.0,1.0,1
149256,0,0,0.09469579349639479,4.0,125.9,31.475,3.75,6.0,16,0.0,0.0,4.0,4
149257,0,0,0.15883608763210288,4.0,92.2,23.05,3.75,6.0,18,0.0,0.0,2.0,2
149265,0,0,0.2679189817009095,3.0,28.3,9.433333333333334,2.0,4.0,7,0.0,0.0,2.0,3
149267,0,0,0.15937056222091317,4.0,85.7,21.425,2.75,5.0,5,0.0,0.0,3.0,3
149271,1,0,0.3124964102157673,3.0,31.5,10.5,2.0,4.0,14,0.0,0.0,0.0,2
149277,0,0,0.26434751066127543,1.0,10.8,10.8,3.0,2.0,1,0.0,0.0,0.0,4
149278,0,0,0.1790076765393611,4.0,56.6,14.15,2.75,5.0,13,0.0,0.0,5.0,4
149281,0,0,0.3182156394184945,2.0,14.100000000000001,7.050000000000001,1.5,3.0,7,0.0,0.0,0.0,1
149295,0,0,0.19483500640411802,3.0,54.9,18.3,2.6666666666666665,7.0,18,0.0,0.0,3.0,3
149296,0,0,0.23434980936391372,3.0,49.699999999999996,16.566666666666666,3.0,4.0,14,0.0,0.0,1.0,1
149299,0,0,0.31565877607111614,2.0,7.5,3.75,2.5,3.0,9,0.0,0.0,0.0,4
149305,0,0,0.06145016709929485,4.0,134.70000000000002,33.675000000000004,3.0,6.0,17,0.0,0.0,8.0,3
149308,0,0,0.2748781452986625,3.0,24.9,8.299999999999999,2.0,4.0,9,0.0,0.0,2.0,1
149319,1,0,0.1015276620597988,6.0,94.2,15.700000000000001,3.8333333333333335,6.0,12,0.0,0.0,9.0,4
149324,0,0,0.2988763813289382,1.0,2.4,2.4,2.0,2.0,9,0.0,0.0,0.0,4
149329,1,0,0.2854545884842813,1.0,8.2,8.2,2.0,2.0,2,0.0,0.0,0.0,3
149331,0,0,0.29317567229590913,1.0,29.3,29.3,1.0,4.0,16,0.0,0.0,0.0,1
149345,0,0,0.20194347512233848,4.0,71.3,17.825,4.75,5.0,4,0.0,0.0,0.0,1
149346,0,0,0.08031074301019517,4.0,123.89999999999999,30.974999999999998,4.5,5.0,10,0.0,0.0,5.0,4
149354,0,0,0.01568913342995774,8.0,247.6,30.95,5.125,8.0,13,0.0,0.0,12.0,4
149359,1,0,0.20038436173678129,1.0,13.6,13.6,6.0,4.0,16,0.0,0.0,1.0,1
149361,0,0,0.07551368792556497,6.0,154.7,25.78333333333333,3.1666666666666665,6.0,10,0.0,0.0,6.0,3
149365,0,0,0.1403183015188952,3.0,52.0,17.333333333333332,4.333333333333333,4.0,3,0.0,0.0,5.0,4
149390,0,0,0.3387809048419054,4.0,33.800000000000004,8.450000000000001,2.25,5.0,15,0.0,0.0,0.0,3
149402,0,0,0.207133212203923,1.0,37.7,37.7,5.0,2.0,0,0.0,0.0,0.0,4
149405,0,0,0.21499881398479873,3.0,57.9,19.3,2.3333333333333335,5.0,17,0.0,0.0,2.0,4
149408,1,0,0.23682704853983402,1.0,10.6,10.6,4.0,2.0,13,0.0,0.0,1.0,4
149410,0,0,0.20710442261391201,3.0,39.9,13.299999999999999,3.0,4.0,4,0.0,0.0,3.0,3
149415,0,0,0.24566388851363463,1.0,12.2,12.2,3.0,2.0,5,0.0,0.0,1.0,4
149417,1,0,0.3097040736087347,2.0,16.9,8.45,2.0,6.0,17,0.0,0.0,0.0,2
149433,0,0,0.2607431349101421,1.0,41.5,41.5,2.0,2.0,8,0.0,0.0,0.0,4
149434,0,0,0.1451824114122914,5.0,96.0,19.2,3.4,6.0,14,0.0,0.0,4.0,1
149450,0,0,0.2573617666003243,1.0,18.5,18.5,3.0,2.0,2,0.0,0.0,0.0,3
149453,0,0,0.23585852446507266,3.0,20.0,6.666666666666667,1.6666666666666667,5.0,17,0.0,0.0,5.0,4
149455,0,0,0.12930869126157807,4.0,88.5,22.125,4.0,5.0,7,0.0,0.0,4.0,4
149463,0,0,0.21716374813760284,1.0,23.1,23.1,5.0,2.0,1,0.0,0.0,0.0,1
149482,0,0,0.1523716347880429,3.0,78.3,26.099999999999998,3.3333333333333335,4.0,14,0.0,0.0,3.0,4
149510,0,0,0.26378830435737394,1.0,30.2,30.2,2.0,2.0,0,0.0,0.0,0.0,4
149519,0,0,0.040685353238687536,6.0,211.89999999999998,35.31666666666666,5.666666666666667,6.0,14,0.0,0.0,4.0,4
149520,0,0,0.013489766521404996,8.0,288.7,36.0875,5.125,9.0,18,0.0,0.0,9.0,2
149521,0,0,0.12241821890024106,3.0,79.9,26.633333333333336,2.3333333333333335,6.0,17,0.0,0.0,6.0,4
149523,0,0,0.15405350772593784,3.0,81.60000000000001,27.200000000000003,5.0,4.0,12,0.0,0.0,1.0,2
149527,0,0,0.21467441684082622,4.0,59.0,14.75,3.75,5.0,16,0.0,0.0,2.0,4
149530,0,0,0.2554446845888205,4.0,42.5,10.625,2.75,5.0,6,0.0,0.0,2.0,4
149534,0,0,0.20085204266450443,1.0,26.1,26.1,6.0,2.0,0,0.0,0.0,0.0,4
149536,0,0,0.21540831625303727,3.0,46.1,15.366666666666667,5.333333333333333,4.0,3,0.0,0.0,0.0,4
149537,0,0,0.204476995846078,4.0,43.7,10.925,2.25,5.0,8,0.0,0.0,5.0,4
149538,0,0,0.2260615634087999,4.0,69.0,17.25,2.75,5.0,10,0.0,0.0,1.0,4
149540,0,0,0.2919738380832799,1.0,5.8,5.8,1.0,2.0,9,0.0,0.0,1.0,4
149547,0,0,0.18307988355822744,3.0,55.599999999999994,18.53333333333333,4.0,4.0,4,0.0,0.0,2.0,1
149554,1,0,0.0978054999499148,3.0,101.9,33.96666666666667,5.0,5.0,16,0.0,0.0,4.0,4
149563,0,0,0.12992875543266258,4.0,71.1,17.775,4.5,5.0,4,0.0,0.0,5.0,1
149567,1,0,0.19325242482058835,6.0,89.6,14.933333333333332,3.5,7.0,15,0.0,0.0,3.0,3
149571,0,0,0.10347597341572233,4.0,107.4,26.85,6.75,5.0,7,0.0,0.0,2.0,2
149577,0,0,0.24517446123043496,2.0,21.7,10.85,4.5,3.0,1,0.0,0.0,0.0,4
149579,0,0,0.14188654097746445,5.0,83.8,16.759999999999998,2.8,6.0,11,0.0,0.0,6.0,4
149585,0,0,0.1752983587963989,2.0,51.4,25.7,4.0,3.0,4,0.0,0.0,2.0,4
149586,0,0,0.24088355879989456,3.0,46.9,15.633333333333333,2.6666666666666665,4.0,7,0.0,0.0,1.0,3
149588,0,0,0.2678646317894364,2.0,18.7,9.35,1.5,3.0,9,0.0,0.0,2.0,3
149597,0,0,0.2494479539521555,3.0,39.2,13.066666666666668,4.0,4.0,4,0.0,0.0,0.0,2
149603,0,0,0.1115855975631694,3.0,111.7,37.233333333333334,2.6666666666666665,4.0,11,1.0,1.99,4.0,4
149612,0,0,0.2530551640289893,2.0,19.8,9.9,3.5,3.0,10,0.0,0.0,1.0,4
149617,0,0,0.21075774560202945,3.0,44.1,14.700000000000001,4.666666666666667,4.0,3,0.0,0.0,1.0,4
149632,0,0,0.06611090030676202,4.0,123.7,30.925,2.25,7.0,17,0.0,0.0,9.0,4
149637,0,0,0.27529637150674957,5.0,54.9,10.98,2.2,6.0,12,0.0,0.0,2.0,4
149638,0,0,0.21723148569765197,1.0,44.7,44.7,4.0,2.0,0,0.0,0.0,0.0,4
149640,0,0,0.2370482163181054,2.0,39.9,19.95,3.5,3.0,7,0.0,0.0,0.0,3
149641,0,0,0.2490141093465624,2.0,21.900000000000002,10.950000000000001,2.0,3.0,6,0.0,0.0,2.0,1
149649,0,0,0.17432217131924188,3.0,86.9,28.96666666666667,2.3333333333333335,4.0,2,0.0,0.0,1.0,2
149650,0,0,0.23654432907051068,1.0,1.6,1.6,5.0,2.0,0,0.0,0.0,0.0,4
149657,0,0,0.22021571396185421,3.0,19.1,6.366666666666667,3.6666666666666665,4.0,11,0.0,0.0,4.0,4
149667,0,0,0.16738125697848558,3.0,51.3,17.099999999999998,3.6666666666666665,4.0,9,0.0,0.0,4.0,4
149673,0,0,0.22248833219319686,1.0,16.8,16.8,4.0,2.0,2,0.0,0.0,1.0,4
149685,0,0,0.2891191842887823,1.0,32.2,32.2,1.0,2.0,11,0.0,0.0,0.0,2
149717,0,0,0.3428310393240727,4.0,33.0,8.25,2.25,5.0,16,0.0,0.0,0.0,4
149719,0,0,0.2533055491106612,1.0,2.2,2.2,4.0,2.0,0,0.0,0.0,0.0,4
149740,0,0,0.14762017927968868,4.0,77.60000000000001,19.400000000000002,5.25,6.0,17,0.0,0.0,3.0,4
149743,0,0,0.28977289955054875,1.0,5.7,5.7,2.0,2.0,3,0.0,0.0,0.0,4
149747,0,0,0.03193864386706828,6.0,147.2,24.53333333333333,5.666666666666667,6.0,12,0.0,0.0,13.0,4
149765,0,0,0.2432502683198758,2.0,30.1,15.05,1.5,3.0,3,0.0,0.0,2.0,3
149773,0,0,0.17564460393171358,2.0,55.0,27.5,2.5,3.0,5,0.0,0.0,3.0,4
149775,0,0,0.08481891602127238,4.0,89.6,22.4,3.0,5.0,7,0.0,0.0,9.0,4
149799,0,0,0.2849134450196551,1.0,8.1,8.1,1.0,2.0,4,0.0,0.0,1.0,4
149800,0,0,0.08463079059007383,4.0,143.6,35.9,3.75,5.0,9,0.0,0.0,3.0,1
149803,0,0,0.22560900880915655,3.0,65.7,21.900000000000002,3.0,4.0,12,0.0,0.0,0.0,4
149808,0,0,0.21143124065422558,4.0,60.900000000000006,15.225000000000001,4.75,6.0,16,0.0,0.0,1.0,2
149810,1,0,0.2905240579960131,1.0,11.0,11.0,2.0,2.0,12,0.0,0.0,0.0,1
149820,0,0,0.14530858908545624,2.0,69.7,34.85,4.5,3.0,1,0.0,0.0,2.0,4
149821,0,0,0.094783240099265,5.0,138.9,27.78,3.2,6.0,8,0.0,0.0,4.0,4
149831,0,0,0.11070227264480553,2.0,54.1,27.05,7.0,3.0,2,0.0,0.0,4.0,4
149845,0,0,0.2278978718871704,1.0,10.9,10.9,5.0,2.0,0,0.0,0.0,0.0,3
149847,0,0,0.23293686056947868,4.0,30.9,7.725,3.25,5.0,10,0.0,0.0,4.0,4
149880,0,0,0.23130072969473206,2.0,9.8,4.9,3.0,3.0,3,0.0,0.0,3.0,4
149887,1,0,0.2808256866059897,2.0,14.0,7.0,1.5,3.0,13,0.0,0.0,2.0,4
149890,0,0,0.23730977987628785,5.0,50.8,10.16,3.6,6.0,11,0.0,0.0,3.0,4
149892,0,0,0.24183513627369896,4.0,46.2,11.55,3.25,5.0,11,0.0,0.0,2.0,2
149895,0,0,0.3259293812298516,4.0,44.6,11.15,1.25,5.0,7,0.0,0.0,0.0,4
149897,0,0,0.17820955309020975,2.0,29.5,14.75,3.5,3.0,4,0.0,0.0,4.0,4
149902,0,0,0.2644991004808625,2.0,25.200000000000003,12.600000000000001,2.5,3.0,13,0.0,0.0,1.0,4
149910,0,0,0.08863089309935626,3.0,108.1,36.03333333333333,5.333333333333333,5.0,15,0.0,0.0,4.0,2
149912,0,0,0.28188195245890163,2.0,10.6,5.3,2.5,3.0,6,0.0,0.0,1.0,2
149921,0,0,0.21649756476939067,3.0,42.6,14.200000000000001,3.3333333333333335,4.0,4,0.0,0.0,2.0,4
149926,0,0,0.135635367051605,4.0,100.8,25.2,4.75,7.0,18,0.0,0.0,2.0,4
149928,0,0,0.1804663504005917,3.0,62.0,20.666666666666668,4.666666666666667,4.0,3,0.0,0.0,1.0,2
149936,0,0,0.08603972896292221,5.0,102.8,20.56,4.2,6.0,13,0.0,0.0,8.0,3
149940,0,0,0.25187625453628176,1.0,4.2,4.2,3.0,2.0,5,0.0,0.0,1.0,3
149944,0,0,0.048120250533333145,6.0,117.8,19.633333333333333,2.5,6.0,14,0.0,0.0,15.0,4
149947,0,0,0.1884264502963918,3.0,28.9,9.633333333333333,4.333333333333333,4.0,4,0.0,0.0,4.0,4
149949,0,0,0.1658682606776134,4.0,87.2,21.8,3.5,5.0,11,0.0,0.0,2.0,2
149950,0,0,0.1120897998549971,2.0,49.2,24.6,5.0,3.0,3,0.0,0.0,6.0,4
149951,0,0,0.09621362328793324,3.0,73.5,24.5,5.666666666666667,4.0,11,0.0,0.0,6.0,2
149954,0,0,0.07661199656689828,3.0,126.3,42.1,5.0,4.0,11,0.0,0.0,4.0,4
149955,0,0,0.12832733878932753,9.0,149.79999999999998,16.644444444444442,3.888888888888889,11.0,18,0.0,0.0,5.0,1
149957,0,0,0.061527760354377285,4.0,147.5,36.875,4.75,5.0,9,0.0,0.0,5.0,4
149962,0,0,0.18087169388955154,4.0,66.8,16.7,3.75,7.0,17,0.0,0.0,3.0,2
149966,0,0,0.12725809084859185,5.0,107.80000000000001,21.560000000000002,2.6,6.0,9,1.0,4.99,5.0,2
149968,0,0,0.2441909736388711,1.0,9.0,9.0,3.0,2.0,3,0.0,0.0,1.0,1
149971,0,0,0.20360776492664956,3.0,63.1,21.033333333333335,4.333333333333333,4.0,7,0.0,0.0,0.0,2
149992,0,0,0.13307785204895572,4.0,100.3,25.075,3.5,5.0,10,0.0,0.0,3.0,2
150000,1,0,0.23914544168857174,1.0,31.3,31.3,4.0,2.0,13,0.0,0.0,0.0,4
150001,0,0,0.2432160490143499,1.0,2.9,2.9,4.0,3.0,17,0.0,0.0,1.0,1
150003,0,0,0.30748389893901645,3.0,36.2,12.066666666666668,1.6666666666666667,5.0,15,0.0,0.0,0.0,1
150019,0,0,0.26817966570290286,1.0,2.4,2.4,1.0,2.0,4,0.0,0.0,2.0,4
150021,0,0,0.2064517253895787,3.0,42.9,14.299999999999999,4.0,4.0,8,0.0,0.0,2.0,1
150023,1,0,0.30545842856260574,1.0,10.6,10.6,1.0,2.0,4,0.0,0.0,0.0,4
150029,0,0,0.17572069107016977,5.0,66.7,13.34,3.4,6.0,15,0.0,0.0,5.0,1
150035,0,0,0.1606239472831007,4.0,86.89999999999999,21.724999999999998,3.0,5.0,14,1.0,11.98,3.0,1
150036,0,0,0.23465473094247177,1.0,25.6,25.6,4.0,2.0,2,0.0,0.0,0.0,4
150039,0,0,0.034901435622585006,5.0,199.1,39.82,3.6,6.0,6,0.0,0.0,7.0,4
150048,0,0,0.04633317742479588,5.0,190.0,38.0,5.0,6.0,6,0.0,0.0,4.0,2
150051,0,0,0.2896579546570486,3.0,40.5,13.5,1.6666666666666667,4.0,2,0.0,0.0,0.0,4
150053,0,0,0.22761316497828663,2.0,10.4,5.2,4.5,3.0,6,0.0,0.0,2.0,4
150057,0,0,0.25788339133803906,3.0,55.8,18.599999999999998,2.0,4.0,8,0.0,0.0,0.0,4
150059,0,0,0.16740279984436995,3.0,23.2,7.733333333333333,4.666666666666667,5.0,16,0.0,0.0,6.0,4
150064,0,0,0.05271494470129692,7.0,194.9,27.842857142857145,4.0,9.0,18,0.0,0.0,6.0,2
150067,0,0,0.2550936407679688,1.0,1.2,1.2,4.0,2.0,1,0.0,0.0,0.0,4
150068,0,0,0.15659734322088253,4.0,85.9,21.475,3.25,5.0,10,0.0,0.0,3.0,4
150069,0,0,0.07390558719536998,6.0,156.7,26.116666666666664,4.0,6.0,5,0.0,0.0,5.0,1
150074,0,0,0.25034442035803794,1.0,3.9,3.9,3.0,2.0,2,0.0,0.0,1.0,4
150090,0,0,0.1729100499668757,4.0,75.8,18.95,4.0,5.0,6,0.0,0.0,2.0,1
150094,0,0,0.2138220003356827,3.0,73.8,24.599999999999998,1.6666666666666667,4.0,14,0.0,0.0,1.0,2
150108,0,0,0.33207083365914003,4.0,28.0,7.0,3.25,5.0,14,0.0,0.0,0.0,4
150115,1,0,0.22281996780099203,2.0,33.0,16.5,3.0,3.0,13,0.0,0.0,2.0,4
150116,0,0,0.030924758354009766,5.0,232.7,46.54,4.4,6.0,6,0.0,0.0,4.0,4
150119,0,0,0.11513914070664795,4.0,90.5,22.625,4.0,5.0,9,0.0,0.0,5.0,2
150129,0,0,0.07203075556421983,5.0,114.1,22.82,5.0,8.0,17,0.0,0.0,8.0,4
150130,0,0,0.2411906204385512,4.0,58.3,14.575,2.25,6.0,18,0.0,0.0,2.0,4
150135,0,0,0.134530387983388,2.0,63.5,31.75,6.0,3.0,2,0.0,0.0,2.0,2
150138,0,0,0.19718003225354136,3.0,38.400000000000006,12.800000000000002,3.0,4.0,8,1.0,9.99,4.0,2
150148,0,0,0.26656225158242214,1.0,7.4,7.4,3.0,2.0,0,0.0,0.0,0.0,4
150150,1,0,0.2749123061718857,4.0,36.8,9.2,2.5,5.0,9,0.0,0.0,2.0,4
150158,0,0,0.07118201187536063,3.0,80.9,26.96666666666667,4.666666666666667,4.0,6,0.0,0.0,9.0,4
150161,0,0,0.1781716142796956,5.0,58.2,11.64,4.4,6.0,15,0.0,0.0,5.0,4
150162,0,0,0.2429056137580793,1.0,14.0,14.0,4.0,2.0,0,0.0,0.0,0.0,4
150174,0,0,0.2391654091139119,4.0,56.900000000000006,14.225000000000001,2.25,5.0,11,0.0,0.0,2.0,4
150181,0,0,0.1489215648520832,4.0,66.4,16.6,5.25,7.0,18,0.0,0.0,4.0,4
150190,0,0,0.266100618377979,1.0,7.9,7.9,3.0,2.0,0,0.0,0.0,0.0,4
150195,0,0,0.2632535738472783,2.0,34.5,17.25,3.0,4.0,17,0.0,0.0,0.0,4
150197,0,0,0.18604567187278873,2.0,35.5,17.75,3.5,3.0,3,0.0,0.0,3.0,4
150206,0,0,0.22172242565664443,1.0,18.4,18.4,5.0,2.0,0,0.0,0.0,0.0,3
150207,0,0,0.15321408548196422,3.0,48.2,16.066666666666666,3.0,5.0,15,0.0,0.0,6.0,4
150208,0,0,0.208649527464889,2.0,38.0,19.0,4.0,3.0,1,0.0,0.0,1.0,4
150209,0,0,0.2645401278656833,2.0,20.6,10.3,1.5,3.0,8,0.0,0.0,2.0,4
150222,0,0,0.274044575371732,2.0,15.3,7.65,3.5,3.0,1,0.0,0.0,0.0,4
150231,0,0,0.05842746322127054,5.0,75.69999999999999,15.139999999999997,4.8,6.0,15,1.0,19.99,14.0,3
150235,0,0,0.26869911847728717,2.0,29.599999999999998,14.799999999999999,1.5,3.0,6,0.0,0.0,1.0,4
150237,0,0,0.12425602132471149,4.0,82.6,20.65,4.25,5.0,13,0.0,0.0,5.0,3
150238,0,0,0.246554136690563,1.0,7.2,7.2,3.0,2.0,1,0.0,0.0,1.0,4
150244,0,0,0.12555284111961987,3.0,78.6,26.2,6.333333333333333,4.0,3,0.0,0.0,2.0,4
150246,0,0,0.2832826471396568,1.0,17.4,17.4,2.0,2.0,8,0.0,0.0,0.0,4
150252,1,0,0.1337345850194178,6.0,146.9,24.483333333333334,3.5,6.0,10,1.0,9.99,1.0,4
150256,0,0,0.21519676676788796,3.0,65.4,21.8,3.6666666666666665,5.0,16,0.0,0.0,0.0,1
150259,0,0,0.15839539642371409,4.0,82.1,20.525,3.5,5.0,9,0.0,0.0,3.0,4
150269,0,0,0.06440543286136825,6.0,109.2,18.2,3.6666666666666665,6.0,11,0.0,0.0,12.0,4
150282,0,0,0.27333798142800747,2.0,20.1,10.05,2.0,3.0,3,0.0,0.0,1.0,4
150284,0,0,0.2903136590831612,3.0,24.9,8.299999999999999,1.3333333333333333,4.0,10,0.0,0.0,2.0,3
150287,0,0,0.17299470352386984,2.0,42.1,21.05,5.5,6.0,17,0.0,0.0,2.0,4
150293,0,0,0.20273416081862183,2.0,17.2,8.6,4.0,3.0,3,0.0,0.0,3.0,2
150295,0,0,0.2056201666809403,1.0,36.1,36.1,4.0,2.0,2,0.0,0.0,1.0,2
150301,0,0,0.1416747294172664,5.0,108.6,21.72,3.2,6.0,8,0.0,0.0,3.0,4
150303,0,0,0.2551994753021069,2.0,31.3,15.65,2.5,5.0,17,0.0,0.0,1.0,4
150306,0,0,0.1647692475342793,1.0,17.1,17.1,6.0,2.0,10,0.0,0.0,3.0,4
150315,0,0,0.06358616467510354,6.0,173.9,28.983333333333334,5.166666666666667,6.0,11,0.0,0.0,4.0,3
150317,0,0,0.19878764841078736,2.0,50.2,25.1,4.0,3.0,14,0.0,0.0,1.0,1
150322,0,0,0.22256314276223058,2.0,11.4,5.7,2.5,3.0,9,0.0,0.0,4.0,4
150334,1,0,0.09723121626400279,6.0,157.29999999999998,26.216666666666665,4.666666666666667,6.0,11,0.0,0.0,2.0,3
150338,0,0,0.251126476761399,3.0,39.1,13.033333333333333,3.3333333333333335,4.0,14,0.0,0.0,1.0,4
150341,0,0,0.24338586490695058,2.0,22.2,11.1,2.5,3.0,4,1.0,9.99,2.0,3
150354,0,0,0.13762065665880904,6.0,115.8,19.3,3.1666666666666665,6.0,10,0.0,0.0,4.0,2
150356,0,0,0.2252733371883631,3.0,19.0,6.333333333333333,2.3333333333333335,4.0,14,0.0,0.0,5.0,4
150381,0,0,0.31831080866579825,2.0,14.0,7.0,1.5,3.0,4,0.0,0.0,0.0,4
150382,0,0,0.18190061545867803,3.0,68.2,22.733333333333334,3.3333333333333335,5.0,16,0.0,0.0,2.0,3
150390,0,0,0.057774235100713486,6.0,140.39999999999998,23.399999999999995,4.666666666666667,6.0,13,0.0,0.0,9.0,4
150391,0,0,0.1619824984451555,3.0,43.599999999999994,14.533333333333331,2.6666666666666665,4.0,11,0.0,0.0,6.0,4
150392,0,0,0.24209757879635668,1.0,22.9,22.9,4.0,2.0,8,0.0,0.0,0.0,4
150393,0,0,0.08154450339552961,7.0,132.79999999999998,18.971428571428568,3.857142857142857,7.0,14,1.0,1.99,9.0,4
150398,0,0,0.27025674484082973,1.0,20.0,20.0,1.0,2.0,14,1.0,1.99,2.0,4
150400,0,0,0.23022896887767857,3.0,40.5,13.5,2.6666666666666665,4.0,3,0.0,0.0,2.0,4
150408,1,0,0.2859007756410789,2.0,9.4,4.7,2.5,3.0,6,0.0,0.0,1.0,4
150410,0,0,0.23078416639621605,3.0,41.6,13.866666666666667,2.6666666666666665,4.0,8,0.0,0.0,2.0,2
150411,0,0,0.13327858185008462,4.0,94.30000000000001,23.575000000000003,3.0,5.0,9,0.0,0.0,4.0,3
150417,0,0,0.033216427325288546,5.0,203.5,40.7,5.2,6.0,15,0.0,0.0,6.0,3
150422,0,0,0.20050820616894197,2.0,23.3,11.65,5.0,3.0,6,0.0,0.0,2.0,4
150425,0,0,0.1449809777672158,7.0,120.1,17.157142857142855,3.7142857142857144,7.0,12,0.0,0.0,4.0,1
150441,0,0,0.20158644077035534,2.0,55.0,27.5,3.0,3.0,4,0.0,0.0,1.0,4
150444,0,0,0.25539334925209173,4.0,31.6,7.9,3.25,5.0,14,0.0,0.0,3.0,4
150447,1,0,0.21156238853049228,1.0,16.6,16.6,5.0,2.0,8,0.0,0.0,1.0,4
150450,0,0,0.23262515797249608,1.0,1.7,1.7,4.0,2.0,2,0.0,0.0,1.0,1
150451,0,0,0.20660820628325577,5.0,84.0,16.8,2.8,6.0,14,0.0,0.0,2.0,4
150462,1,0,0.18419089417925952,2.0,29.2,14.6,3.5,3.0,12,0.0,0.0,4.0,4
150463,0,0,0.14314872050002606,5.0,114.0,22.8,3.8,6.0,13,0.0,0.0,2.0,3
150467,0,0,0.25351668601935284,2.0,33.2,16.6,2.0,3.0,6,0.0,0.0,1.0,4
150480,0,0,0.0812645174582158,5.0,113.2,22.64,3.6,6.0,12,0.0,0.0,8.0,4
150481,0,0,0.24575991133784814,7.0,82.80000000000001,11.828571428571431,3.7142857142857144,7.0,7,0.0,0.0,2.0,4
150497,0,0,0.1387207305499756,4.0,83.5,20.875,4.75,5.0,4,0.0,0.0,3.0,4
150520,0,0,0.3092926391930503,1.0,3.8,3.8,1.0,2.0,1,0.0,0.0,0.0,4
150526,0,0,0.20976559178863338,2.0,32.7,16.35,3.5,3.0,6,0.0,0.0,2.0,4
150535,0,0,0.18812175733919823,2.0,70.8,35.4,3.5,3.0,2,0.0,0.0,0.0,4
150542,0,0,0.17532517257106944,2.0,59.1,29.55,4.5,3.0,5,0.0,0.0,1.0,4
150544,0,0,0.18621853427025184,1.0,8.4,8.4,8.0,2.0,3,0.0,0.0,0.0,3
150549,0,0,0.168596875597393,4.0,54.7,13.675,4.0,5.0,18,0.0,0.0,5.0,4
150563,0,0,0.14294404324479118,4.0,61.7,15.425,2.25,5.0,5,0.0,0.0,7.0,4
150564,0,0,0.23633045694093296,1.0,23.0,23.0,3.0,2.0,5,0.0,0.0,1.0,4
150572,0,0,0.12553400286879862,3.0,87.89999999999999,29.299999999999997,5.666666666666667,4.0,10,0.0,0.0,2.0,4
150577,0,0,0.1618537750340089,3.0,35.5,11.833333333333334,3.6666666666666665,4.0,13,0.0,0.0,6.0,4
150579,0,0,0.2889713667780481,2.0,10.0,5.0,4.0,4.0,18,0.0,0.0,0.0,4
150580,0,0,0.15378293040562774,3.0,64.2,21.400000000000002,3.3333333333333335,4.0,11,0.0,0.0,4.0,2
150583,0,0,0.3088412591357973,3.0,12.5,4.166666666666667,2.0,4.0,14,0.0,0.0,2.0,4
150590,0,0,0.01559012674134778,6.0,277.0,46.166666666666664,3.5,7.0,15,1.0,9.99,8.0,3
150595,0,0,0.17175968580347664,2.0,59.3,29.65,4.5,3.0,3,0.0,0.0,1.0,1
150606,0,0,0.32257483004952753,6.0,48.0,8.0,2.3333333333333335,6.0,9,0.0,0.0,2.0,4
150611,0,0,0.08563444040412847,6.0,117.8,19.633333333333333,5.166666666666667,6.0,10,0.0,0.0,7.0,4
150624,1,0,0.17720635434286086,3.0,52.599999999999994,17.53333333333333,3.0,6.0,16,0.0,0.0,4.0,4
150625,0,0,0.023853914903998345,7.0,239.79999999999998,34.25714285714285,5.714285714285714,7.0,9,0.0,0.0,7.0,4
150628,0,0,0.2561470850148431,2.0,22.7,11.35,3.0,3.0,9,0.0,0.0,1.0,4
150629,0,0,0.28882468071720463,1.0,8.7,8.7,2.0,2.0,6,0.0,0.0,0.0,3
150641,0,0,0.22480379426130534,1.0,16.6,16.6,5.0,2.0,1,0.0,0.0,0.0,4
150645,1,0,0.1505565618963375,3.0,80.3,26.766666666666666,5.333333333333333,4.0,11,0.0,0.0,1.0,1
150651,0,0,0.2324707546512753,4.0,58.9,14.725,3.5,5.0,12,0.0,0.0,1.0,1
150655,0,0,0.17344718999476794,7.0,69.3,9.9,3.2857142857142856,7.0,12,0.0,0.0,8.0,4
150664,0,0,0.07693876959933173,6.0,150.0,25.0,4.666666666666667,6.0,8,0.0,0.0,5.0,4
150665,0,0,0.26777435807819877,2.0,14.0,7.0,2.0,3.0,9,0.0,0.0,2.0,4
150669,0,0,0.11764618253582698,4.0,98.5,24.625,3.0,5.0,11,0.0,0.0,5.0,4
150676,0,0,0.2750556286761115,2.0,12.3,6.15,2.0,4.0,15,0.0,0.0,2.0,4
150679,0,0,0.31718416271408484,1.0,4.1,4.1,1.0,2.0,12,0.0,0.0,0.0,1
150684,0,0,0.14769019294484362,4.0,71.6,17.9,3.5,5.0,14,0.0,0.0,5.0,4
150698,0,0,0.14029135486510458,3.0,58.1,19.366666666666667,5.0,4.0,6,0.0,0.0,4.0,4
150707,0,0,0.03039060927703382,8.0,266.9,33.3625,3.5,8.0,12,0.0,0.0,5.0,1
150724,0,0,0.061444013528734104,7.0,191.4,27.342857142857145,3.5714285714285716,7.0,7,0.0,0.0,5.0,4
150727,0,0,0.054305777181648356,2.0,135.8,67.9,7.0,5.0,18,0.0,0.0,5.0,4
150730,0,0,0.19728750818863877,4.0,57.8,14.45,2.75,5.0,10,1.0,4.99,4.0,4
150751,0,0,0.09395070609354518,6.0,137.0,22.833333333333332,4.5,6.0,9,1.0,1.99,5.0,4
150760,0,0,0.21230862172939288,1.0,12.3,12.3,6.0,2.0,1,0.0,0.0,0.0,4
150763,0,0,0.24395051805162823,4.0,41.4,10.35,4.0,7.0,18,0.0,0.0,2.0,4
150764,0,0,0.16013217127673215,5.0,82.1,16.419999999999998,3.8,6.0,11,0.0,0.0,4.0,3
150770,0,0,0.06603178522130827,5.0,120.3,24.06,4.0,6.0,13,0.0,0.0,9.0,4
150773,0,0,0.2672959429329332,3.0,25.1,8.366666666666667,2.3333333333333335,4.0,5,0.0,0.0,2.0,4
150775,0,0,0.1288016862987187,5.0,119.00000000000001,23.800000000000004,4.4,6.0,12,0.0,0.0,2.0,2
150779,1,0,0.2390414649540123,1.0,2.7,2.7,3.0,4.0,16,0.0,0.0,2.0,2
150783,0,0,0.19192338527298378,6.0,75.5,12.583333333333334,3.0,6.0,13,0.0,0.0,5.0,4
150788,1,0,0.2552651730259035,1.0,19.8,19.8,3.0,2.0,0,0.0,0.0,0.0,4
150798,0,0,0.09152149402558295,3.0,110.7,36.9,3.6666666666666665,6.0,18,0.0,0.0,5.0,4
150802,0,0,0.13447744965094763,4.0,94.5,23.625,3.75,5.0,5,0.0,0.0,3.0,1
150808,1,0,0.18153936121607428,6.0,91.8,15.299999999999999,2.8333333333333335,6.0,12,0.0,0.0,4.0,4
150814,0,0,0.15054151817157094,2.0,89.6,44.8,3.5,3.0,4,0.0,0.0,1.0,4
150829,0,0,0.3039607247667582,1.0,11.1,11.1,1.0,2.0,3,0.0,0.0,0.0,4
150848,0,0,0.280990861085838,4.0,56.4,14.1,2.5,5.0,16,0.0,0.0,0.0,2
150854,0,0,0.01165491498009327,8.0,280.7,35.0875,4.5,8.0,11,1.0,1.99,12.0,4
150871,0,0,0.20253261512266388,1.0,5.1,5.1,7.0,2.0,1,0.0,0.0,0.0,4
150889,0,0,0.33236105011220285,6.0,50.5,8.416666666666666,2.8333333333333335,6.0,13,0.0,0.0,1.0,2
150890,0,0,0.18463031502432908,4.0,71.9,17.975,3.0,6.0,16,0.0,0.0,3.0,4
150894,0,0,0.1482632352442748,3.0,50.6,16.866666666666667,4.0,4.0,7,0.0,0.0,5.0,4
150904,0,0,0.23483769344898306,1.0,13.2,13.2,4.0,4.0,17,0.0,0.0,1.0,3
150910,0,0,0.18754476766596503,4.0,54.5,13.625,4.5,5.0,8,0.0,0.0,3.0,4
150912,0,0,0.08176556521702964,5.0,135.2,27.04,4.2,6.0,8,0.0,0.0,5.0,4
150925,0,0,0.2165935193673876,1.0,27.7,27.7,5.0,2.0,2,0.0,0.0,0.0,4
150929,0,0,0.16822579722779088,2.0,47.0,23.5,5.0,3.0,5,0.0,0.0,2.0,4
150938,0,0,0.28579481105297194,1.0,19.1,19.1,2.0,4.0,18,0.0,0.0,0.0,1
150940,0,0,0.2596133182001828,1.0,3.9,3.9,2.0,2.0,16,0.0,0.0,2.0,4
150946,0,0,0.1706657745144233,5.0,87.5,17.5,4.0,6.0,13,1.0,4.99,3.0,3
150951,0,0,0.20475940156845396,3.0,63.0,21.0,2.3333333333333335,5.0,15,0.0,0.0,2.0,4
150955,0,0,0.3079858399689001,1.0,4.1,4.1,1.0,2.0,0,0.0,0.0,0.0,4
150958,0,0,0.009424772798009752,8.0,285.7,35.7125,4.375,8.0,11,0.0,0.0,13.0,2
150968,0,0,0.2577484947559507,3.0,46.599999999999994,15.533333333333331,2.6666666666666665,4.0,2,0.0,0.0,0.0,3
150997,0,0,0.21345030322403322,2.0,36.1,18.05,2.5,3.0,13,1.0,4.99,3.0,4
151001,0,0,0.23345253559264384,3.0,55.300000000000004,18.433333333333334,2.3333333333333335,4.0,9,0.0,0.0,1.0,4
151003,0,0,0.15940867147482168,1.0,63.3,63.3,6.0,2.0,1,0.0,0.0,1.0,4
151018,0,0,0.06426071035898577,5.0,101.2,20.240000000000002,4.4,7.0,17,0.0,0.0,11.0,4
151029,0,0,0.2223722373106414,1.0,18.6,18.6,5.0,2.0,1,0.0,0.0,0.0,3
151033,0,0,0.1067965256922574,4.0,100.6,25.15,4.75,5.0,4,0.0,0.0,4.0,4
151035,0,0,0.2216220607780987,2.0,40.599999999999994,20.299999999999997,2.0,3.0,6,0.0,0.0,2.0,4
151038,0,0,0.2622185851181564,3.0,36.8,12.266666666666666,2.6666666666666665,4.0,11,0.0,0.0,1.0,1
151044,0,0,0.15532670233294898,2.0,79.5,39.75,5.0,3.0,2,0.0,0.0,0.0,1
151050,0,0,0.2468692002357406,1.0,50.4,50.4,1.0,2.0,5,0.0,0.0,1.0,4
151063,0,0,0.012526933663121192,6.0,233.8,38.96666666666667,5.0,6.0,10,0.0,0.0,13.0,4
151064,0,0,0.09145022626835657,6.0,136.1,22.683333333333334,3.5,6.0,14,0.0,0.0,6.0,4
151067,0,0,0.2286664898239461,3.0,57.800000000000004,19.26666666666667,3.3333333333333335,4.0,8,0.0,0.0,0.0,1
151078,0,0,0.2175775732833505,3.0,60.2,20.066666666666666,1.3333333333333333,4.0,4,0.0,0.0,2.0,4
151094,0,0,0.1735902829939012,2.0,36.8,18.4,3.5,3.0,11,0.0,0.0,4.0,4
151096,0,0,0.16800646298591343,3.0,28.7,9.566666666666666,4.666666666666667,4.0,5,0.0,0.0,5.0,3
151104,0,0,0.223519571186743,4.0,66.8,16.7,3.25,6.0,16,0.0,0.0,1.0,1
151115,0,0,0.15854942124894641,4.0,103.5,25.875,3.5,5.0,14,0.0,0.0,1.0,2
151120,0,0,0.1346820574256075,3.0,73.2,24.400000000000002,5.333333333333333,4.0,12,0.0,0.0,3.0,4
151125,0,0,0.13777415608865004,3.0,68.8,22.933333333333334,4.0,4.0,5,0.0,0.0,4.0,4
151161,0,0,0.24984349028752814,1.0,12.1,12.1,4.0,2.0,7,0.0,0.0,0.0,3
151169,0,0,0.26674704753872175,1.0,7.2,7.2,3.0,2.0,0,0.0,0.0,0.0,4
151182,0,0,0.0809019243941284,6.0,149.9,24.983333333333334,4.0,6.0,9,0.0,0.0,5.0,1
151196,0,0,0.2764791998880907,1.0,26.6,26.6,2.0,2.0,12,0.0,0.0,0.0,2
151198,0,0,0.14000105486488237,3.0,33.300000000000004,11.100000000000001,3.6666666666666665,4.0,9,1.0,1.99,8.0,4
151216,0,0,0.23681629973647436,5.0,78.30000000000001,15.660000000000002,2.6,6.0,10,0.0,0.0,1.0,4
151243,0,0,0.1890847746031251,5.0,82.89999999999999,16.58,1.8,6.0,15,0.0,0.0,4.0,4
151247,0,0,0.15011221379763018,4.0,83.2,20.8,4.0,5.0,8,0.0,0.0,3.0,4
151258,0,0,0.16230180806373684,2.0,30.6,15.3,4.5,3.0,2,0.0,0.0,4.0,4
151262,0,0,0.24871861475646326,3.0,8.6,2.8666666666666667,4.0,4.0,5,0.0,0.0,3.0,4
151263,0,0,0.21645152293834144,2.0,32.8,16.4,4.0,3.0,4,0.0,0.0,1.0,1
151275,0,0,0.3122897640232171,1.0,10.8,10.8,1.0,2.0,11,0.0,0.0,0.0,4
151277,0,0,0.2714867955437822,1.0,2.1,2.1,3.0,2.0,0,0.0,0.0,0.0,4
151285,0,0,0.22439865784026136,2.0,33.0,16.5,2.5,3.0,5,0.0,0.0,2.0,4
151287,0,0,0.09230452490378321,2.0,143.0,71.5,2.5,6.0,18,0.0,0.0,3.0,4
151292,0,0,0.13753344904594064,3.0,60.8,20.266666666666666,3.6666666666666665,4.0,4,0.0,0.0,5.0,4
151301,0,0,0.2911324236483632,1.0,5.3,5.3,2.0,2.0,4,0.0,0.0,0.0,4
151307,0,0,0.21259283738605858,4.0,66.1,16.525,2.5,5.0,7,0.0,0.0,2.0,2
151328,0,0,0.16851892563949916,4.0,95.1,23.775,3.5,5.0,8,0.0,0.0,1.0,4
151354,0,0,0.1718392548598754,2.0,40.6,20.3,4.0,3.0,2,0.0,0.0,3.0,4
151357,1,0,0.2870595059470675,3.0,25.2,8.4,4.0,6.0,17,0.0,0.0,0.0,2
151366,0,0,0.17027797635840933,2.0,47.3,23.65,2.5,3.0,6,0.0,0.0,4.0,4
151367,0,0,0.03246025082186142,3.0,120.7,40.233333333333334,6.666666666666667,4.0,4,0.0,0.0,11.0,4
151368,0,0,0.14719783024205524,3.0,62.199999999999996,20.73333333333333,4.0,4.0,7,0.0,0.0,4.0,4
151376,0,0,0.25483044256053083,4.0,39.4,9.85,3.0,5.0,5,0.0,0.0,2.0,2
151383,0,0,0.21955756516259245,1.0,20.1,20.1,5.0,2.0,0,0.0,0.0,0.0,2
151389,0,0,0.04774125508737609,4.0,131.5,32.875,5.0,6.0,18,0.0,0.0,9.0,1
151403,0,0,0.33270613790980214,2.0,11.4,5.7,1.0,3.0,6,0.0,0.0,0.0,1
151408,0,0,0.14900025550673102,5.0,84.8,16.96,3.4,6.0,14,0.0,0.0,5.0,4
151414,0,0,0.2649103470757074,3.0,48.8,16.266666666666666,2.6666666666666665,5.0,18,0.0,0.0,0.0,1
151425,0,0,0.04938146418914047,5.0,155.2,31.04,5.6,7.0,18,0.0,0.0,7.0,4
151429,0,0,0.16779008485614205,2.0,70.7,35.35,4.5,4.0,17,0.0,0.0,1.0,4
151431,0,0,0.24917970828419037,1.0,24.7,24.7,3.0,2.0,0,0.0,0.0,0.0,2
151445,0,0,0.07983344682420884,4.0,149.8,37.45,3.0,6.0,17,0.0,0.0,4.0,4
151450,0,0,0.14742860373844424,2.0,57.1,28.55,7.0,3.0,7,0.0,0.0,1.0,4
151454,0,0,0.07074262708388004,4.0,132.3,33.075,3.75,5.0,9,0.0,0.0,6.0,4
151458,0,0,0.22621218313893537,2.0,26.9,13.45,4.0,3.0,2,0.0,0.0,1.0,4
151461,0,0,0.11085865597137366,4.0,69.5,17.375,4.75,5.0,11,0.0,0.0,7.0,4
151465,0,0,0.15748544991540286,6.0,102.6,17.099999999999998,3.5,7.0,17,0.0,0.0,4.0,4
151466,0,0,0.1485107265712959,4.0,68.3,17.075,5.0,5.0,14,0.0,0.0,4.0,4
151474,1,0,0.21314427431549712,5.0,54.9,10.98,2.4,7.0,16,0.0,0.0,5.0,4
151477,0,0,0.2369646367757896,6.0,75.5,12.583333333333334,4.666666666666667,6.0,12,0.0,0.0,1.0,1
151484,0,0,0.1349092249473247,5.0,112.0,22.4,3.6,6.0,15,0.0,0.0,3.0,1
151485,0,0,0.23513686304763917,2.0,20.9,10.45,3.0,3.0,5,0.0,0.0,2.0,4
151486,1,0,0.1849724171776524,3.0,31.0,10.333333333333334,3.6666666666666665,4.0,14,0.0,0.0,5.0,4
151493,1,0,0.19545157168079694,2.0,27.4,13.7,3.0,5.0,17,0.0,0.0,4.0,4
151494,0,0,0.254364492821068,1.0,21.8,21.8,3.0,2.0,1,0.0,0.0,0.0,4
151504,0,0,0.30857466212235163,0.0,0.0,0.0,0.0,1.0,16,0.0,0.0,0.0,3
151509,0,0,0.27444094991467205,2.0,24.9,12.45,2.0,5.0,16,0.0,0.0,1.0,4
151512,1,0,0.3115355135082276,4.0,28.2,7.05,3.0,5.0,13,0.0,0.0,1.0,4
151521,0,0,0.006614896921805364,9.0,374.9,41.65555555555555,4.444444444444445,9.0,14,1.0,9.99,8.0,1
151527,0,0,0.23408560965071257,4.0,55.2,13.8,2.75,5.0,11,0.0,0.0,2.0,4
151531,0,0,0.23270316445694475,1.0,13.1,13.1,5.0,2.0,7,0.0,0.0,0.0,4
151539,1,0,0.27233379227050164,2.0,11.8,5.9,3.5,3.0,18,0.0,0.0,1.0,2
151560,0,0,0.27958442513411125,4.0,34.7,8.675,2.75,5.0,15,0.0,0.0,2.0,3
151564,0,0,0.11843203863048017,5.0,120.3,24.06,2.6,6.0,7,0.0,0.0,4.0,1
151566,0,0,0.21214723873329835,2.0,23.4,11.7,6.5,3.0,7,0.0,0.0,0.0,1
151568,0,0,0.32804925359433124,2.0,14.1,7.05,1.5,4.0,16,0.0,0.0,0.0,3
151575,0,0,0.26601946600479137,4.0,47.3,11.825,1.5,5.0,4,0.0,0.0,2.0,4
151578,0,0,0.23986283332338526,1.0,38.3,38.3,3.0,2.0,1,0.0,0.0,0.0,4
151584,0,0,0.09475111335488562,6.0,153.6,25.599999999999998,3.1666666666666665,6.0,12,0.0,0.0,4.0,4
151599,0,0,0.16677795968777834,3.0,72.4,24.133333333333336,3.6666666666666665,4.0,10,0.0,0.0,2.0,1
151600,1,0,0.2417126762233561,2.0,24.4,12.2,5.0,3.0,13,0.0,0.0,0.0,3
151603,0,0,0.2434011464901237,3.0,57.7,19.233333333333334,2.6666666666666665,4.0,9,0.0,0.0,0.0,4
151612,0,0,0.13771996883489998,3.0,92.1,30.7,3.6666666666666665,4.0,5,0.0,0.0,2.0,1
151619,0,0,0.17570835781860267,1.0,1.6,1.6,9.0,2.0,0,0.0,0.0,0.0,4
151626,0,0,0.15918102370914197,6.0,85.6,14.266666666666666,2.8333333333333335,6.0,10,0.0,0.0,6.0,4
151628,0,0,0.0459382421920051,6.0,161.0,26.833333333333332,4.333333333333333,6.0,6,0.0,0.0,9.0,4
151631,0,0,0.17162225606337173,3.0,93.9,31.3,3.0,4.0,3,0.0,0.0,0.0,2
151632,0,0,0.24991676396857984,1.0,7.1,7.1,4.0,2.0,4,0.0,0.0,0.0,1
151633,0,0,0.15049686431887593,4.0,78.4,19.6,3.5,5.0,12,0.0,0.0,4.0,3
151649,0,0,0.23206230619757662,3.0,26.6,8.866666666666667,3.0,4.0,5,0.0,0.0,3.0,4
151660,0,0,0.08543441584035327,5.0,138.4,27.68,2.4,7.0,16,0.0,0.0,6.0,3
151670,0,0,0.03497687530105861,6.0,171.9,28.650000000000002,4.0,6.0,13,0.0,0.0,11.0,4
151680,0,0,0.12251519794706482,3.0,69.8,23.266666666666666,5.333333333333333,4.0,5,0.0,0.0,4.0,4
151682,0,0,0.09565414163947679,6.0,134.9,22.483333333333334,4.0,6.0,8,0.0,0.0,5.0,4
151683,0,0,0.05723311793027932,7.0,196.6,28.085714285714285,4.857142857142857,7.0,9,0.0,0.0,4.0,1
151685,0,0,0.2570496506475468,2.0,42.0,21.0,1.5,4.0,18,0.0,0.0,1.0,4
151693,0,0,0.011984681381363877,8.0,256.8,32.1,4.5,8.0,13,0.0,0.0,14.0,4
151697,1,0,0.17558756091159441,4.0,91.9,22.975,3.5,5.0,14,0.0,0.0,1.0,1
151704,0,0,0.2713788917143942,1.0,6.2,6.2,3.0,2.0,4,0.0,0.0,0.0,4
151713,0,0,0.2213089865227914,1.0,21.6,21.6,3.0,2.0,9,0.0,0.0,2.0,4
151734,0,0,0.12892495439056195,4.0,71.2,17.8,4.0,5.0,13,0.0,0.0,6.0,4
151738,0,0,0.18235441072301564,1.0,48.8,48.8,5.0,2.0,2,0.0,0.0,1.0,3
151745,0,0,0.25090015844389396,1.0,4.9,4.9,4.0,2.0,0,0.0,0.0,0.0,4
151755,0,0,0.17609008855449085,7.0,103.4,14.771428571428572,4.285714285714286,7.0,7,0.0,0.0,3.0,1
151762,0,0,0.11475171388957754,4.0,88.0,22.0,3.5,5.0,14,0.0,0.0,6.0,4
151770,0,0,0.20051201519132192,1.0,22.3,22.3,4.0,2.0,3,0.0,0.0,2.0,4
151777,0,0,0.06451520665275261,5.0,122.9,24.580000000000002,4.0,6.0,14,0.0,0.0,9.0,4
151798,0,0,0.26020246522253,1.0,15.7,15.7,2.0,2.0,5,0.0,0.0,1.0,4
151803,0,0,0.15952399585912988,4.0,37.4,9.35,5.25,5.0,12,0.0,0.0,6.0,4
151812,0,0,0.2920598760518444,4.0,29.0,7.25,3.75,5.0,6,1.0,9.99,1.0,4
151819,0,0,0.07039561589195364,5.0,168.8,33.760000000000005,5.4,6.0,11,0.0,0.0,2.0,1
151823,0,0,0.10023444300616616,4.0,95.60000000000001,23.900000000000002,2.75,5.0,11,0.0,0.0,7.0,1
151824,0,0,0.32135445009564867,2.0,11.4,5.7,2.0,3.0,12,0.0,0.0,0.0,4
151834,0,0,0.15421712063176166,1.0,73.3,73.3,7.0,2.0,1,0.0,0.0,0.0,2
151841,0,0,0.2061361903977469,1.0,19.2,19.2,6.0,2.0,0,0.0,0.0,0.0,4
151849,0,0,0.06341999664259099,3.0,91.3,30.433333333333334,5.0,4.0,9,0.0,0.0,9.0,4
151856,0,0,0.2585019893823789,1.0,1.5,1.5,4.0,2.0,8,0.0,0.0,0.0,1
151858,0,0,0.2724816961930899,1.0,1.1,1.1,3.0,2.0,2,0.0,0.0,0.0,2
151874,0,0,0.02445154252582826,5.0,193.5,38.7,5.0,9.0,18,0.0,0.0,10.0,3
151881,0,0,0.1086476020880735,4.0,99.30000000000001,24.825000000000003,5.0,5.0,11,0.0,0.0,4.0,3
151886,0,0,0.2299830968215927,1.0,8.4,8.4,5.0,2.0,0,0.0,0.0,0.0,3
151893,0,0,0.0855046905113741,6.0,78.9,13.15,4.166666666666667,6.0,11,0.0,0.0,12.0,4
151898,0,0,0.29420833368289256,4.0,39.400000000000006,9.850000000000001,3.75,5.0,14,0.0,0.0,0.0,3
151899,0,0,0.17047097565511113,1.0,4.1,4.1,7.0,2.0,2,0.0,0.0,2.0,4
151905,0,0,0.24581871416654832,1.0,18.0,18.0,3.0,2.0,11,0.0,0.0,1.0,4
151919,0,0,0.2880089242134934,1.0,2.6,2.6,2.0,2.0,0,0.0,0.0,0.0,2
151924,0,0,0.289475252563283,1.0,22.9,22.9,1.0,2.0,3,0.0,0.0,0.0,1
151925,0,0,0.10951610737189293,3.0,115.4,38.46666666666667,4.0,4.0,4,0.0,0.0,2.0,4
151929,0,0,0.08907893547585317,3.0,99.80000000000001,33.26666666666667,6.0,4.0,8,0.0,0.0,4.0,4
151938,0,0,0.23014272992123588,2.0,51.1,25.55,3.0,3.0,10,0.0,0.0,0.0,3
151947,1,0,0.27039637847979253,3.0,30.099999999999998,10.033333333333333,3.0,4.0,9,0.0,0.0,1.0,4
151969,0,0,0.2805571542070133,2.0,12.7,6.35,3.5,3.0,3,0.0,0.0,0.0,4
151970,0,0,0.29136163980642493,3.0,26.1,8.700000000000001,2.3333333333333335,4.0,12,0.0,0.0,1.0,1
151976,0,0,0.18056115385779933,4.0,95.9,23.975,3.75,5.0,12,0.0,0.0,0.0,1
151977,0,0,0.1284672782579305,3.0,83.7,27.900000000000002,4.666666666666667,4.0,13,0.0,0.0,3.0,1
151983,0,0,0.09521653324730728,3.0,107.5,35.833333333333336,7.666666666666667,4.0,3,0.0,0.0,1.0,4
151986,0,0,0.24913302433563692,1.0,5.3,5.3,3.0,2.0,3,0.0,0.0,1.0,3
151991,0,0,0.1772434384851385,4.0,57.699999999999996,14.424999999999999,2.75,5.0,13,0.0,0.0,5.0,4
151992,0,0,0.16837532481750878,2.0,85.5,42.75,3.5,3.0,3,0.0,0.0,0.0,2
151996,0,0,0.2648786110881949,1.0,7.6,7.6,2.0,2.0,2,0.0,0.0,1.0,4
151998,0,0,0.21454066391172288,6.0,78.6,13.1,3.3333333333333335,6.0,10,0.0,0.0,3.0,4
152001,0,0,0.2807893528596028,3.0,25.8,8.6,2.6666666666666665,4.0,6,0.0,0.0,1.0,2
152007,1,0,0.3225223659521501,1.0,1.8,1.8,1.0,2.0,12,0.0,0.0,0.0,4
152012,0,0,0.03036781178667868,5.0,189.7,37.94,4.4,7.0,17,0.0,0.0,9.0,4
152019,0,0,0.17032534154425621,2.0,55.0,27.5,3.0,3.0,8,0.0,0.0,3.0,3
152020,0,0,0.26003884071066297,1.0,34.4,34.4,2.0,2.0,3,0.0,0.0,0.0,1
152023,0,0,0.20325556701493297,3.0,66.5,22.166666666666668,3.3333333333333335,5.0,18,0.0,0.0,1.0,3
152066,0,0,0.18788615884072696,4.0,62.400000000000006,15.600000000000001,3.5,5.0,7,0.0,0.0,3.0,4
152071,0,0,0.02318642462674371,5.0,252.6,50.519999999999996,5.4,6.0,13,0.0,0.0,4.0,2
152075,0,0,0.041395268416423506,5.0,175.3,35.06,5.0,6.0,14,0.0,0.0,7.0,4
152084,0,0,0.016002274331438984,7.0,228.7,32.67142857142857,3.4285714285714284,8.0,15,0.0,0.0,14.0,4
152098,1,0,0.3105867021830599,0.0,0.0,0.0,0.0,1.0,18,0.0,0.0,0.0,3
152105,0,0,0.14314462480989654,4.0,76.9,19.225,4.0,5.0,5,0.0,0.0,4.0,4
152106,0,0,0.28667477100453664,1.0,7.9,7.9,2.0,2.0,2,0.0,0.0,0.0,4
152118,0,0,0.1480545482946929,3.0,87.5,29.166666666666668,3.6666666666666665,4.0,10,0.0,0.0,2.0,4
152134,0,0,0.08553295199335999,3.0,72.1,24.03333333333333,7.0,4.0,5,0.0,0.0,6.0,4
152145,0,0,0.2672998356783847,4.0,33.2,8.3,2.0,5.0,6,0.0,0.0,3.0,4
152146,0,0,0.07176205951529407,3.0,53.0,17.666666666666668,8.0,6.0,16,0.0,0.0,9.0,4
152154,0,0,0.2966512960593374,5.0,48.2,9.64,1.8,6.0,13,0.0,0.0,2.0,1
152159,0,0,0.14928066381941588,3.0,48.9,16.3,4.0,4.0,5,0.0,0.0,5.0,4
152164,0,0,0.19670855614813046,1.0,33.0,33.0,5.0,2.0,6,0.0,0.0,1.0,3
152166,0,0,0.24001436013699182,4.0,61.9,15.475,2.75,5.0,12,0.0,0.0,1.0,2
152179,0,0,0.017303128882617768,8.0,261.5,32.6875,4.625,9.0,15,0.0,0.0,10.0,3
152200,0,0,0.18082250158429186,2.0,61.0,30.5,5.0,3.0,3,0.0,0.0,0.0,4
152203,0,0,0.18240176100639555,2.0,38.6,19.3,4.5,3.0,2,0.0,0.0,2.0,2
152204,0,0,0.28424124980480375,1.0,7.5,7.5,2.0,2.0,1,0.0,0.0,0.0,2
152206,0,0,0.27278259822669465,1.0,4.7,4.7,3.0,2.0,4,0.0,0.0,0.0,4
152224,0,0,0.056973460027841656,6.0,166.4,27.733333333333334,5.0,8.0,16,0.0,0.0,6.0,1
152229,0,0,0.11751807184668539,4.0,100.6,25.15,7.0,5.0,4,0.0,0.0,1.0,1
152239,0,0,0.17728894596714045,1.0,7.6,7.6,4.0,2.0,3,0.0,0.0,4.0,4
152244,0,0,0.17167798808304296,2.0,62.3,31.15,5.5,3.0,2,0.0,0.0,0.0,4
152251,0,0,0.22482653399250005,2.0,40.3,20.15,4.0,3.0,5,0.0,0.0,0.0,1
152259,0,0,0.15641079662296653,2.0,55.2,27.6,5.0,3.0,2,0.0,0.0,2.0,4
152263,0,0,0.1419737520330118,1.0,24.3,24.3,5.0,2.0,7,0.0,0.0,5.0,4
152271,0,0,0.24099570253250105,1.0,17.2,17.2,4.0,2.0,1,0.0,0.0,0.0,4
152272,0,0,0.25859108402793307,2.0,25.8,12.9,3.5,3.0,4,0.0,0.0,0.0,4
152278,1,0,0.18710243914588642,4.0,85.2,21.3,2.5,6.0,17,0.0,0.0,2.0,4
152285,0,0,0.02031220209511245,6.0,182.9,30.483333333333334,5.333333333333333,6.0,12,1.0,99.99,11.0,1
152286,0,0,0.10163410806648379,5.0,108.3,21.66,3.0,6.0,18,0.0,0.0,7.0,3
152295,1,0,0.3225983725346034,1.0,3.4,3.4,1.0,3.0,17,0.0,0.0,0.0,2
152297,0,0,0.2103233599656,4.0,66.9,16.725,2.75,5.0,9,0.0,0.0,2.0,4
152301,0,0,0.26237858009029646,3.0,50.7,16.900000000000002,1.3333333333333333,4.0,15,0.0,0.0,1.0,1
152304,0,0,0.2095855666714922,2.0,72.69999999999999,36.349999999999994,1.5,3.0,18,0.0,0.0,1.0,4
152312,1,0,0.22475722959560177,6.0,74.5,12.416666666666666,3.5,7.0,16,1.0,9.99,3.0,1
152346,0,0,0.15300643971254585,7.0,114.9,16.414285714285715,3.857142857142857,9.0,17,0.0,0.0,4.0,2
152353,0,0,0.16808692474307618,5.0,117.8,23.56,2.4,6.0,16,1.0,51.980000000000004,0.0,1
152364,0,0,0.14261381355492753,4.0,85.4,21.35,3.0,5.0,4,0.0,0.0,4.0,4
152371,0,0,0.24977445885800068,2.0,34.2,17.1,3.0,3.0,1,0.0,0.0,0.0,3
152373,0,0,0.08809899935737485,4.0,109.7,27.425,3.0,6.0,17,0.0,0.0,7.0,4
152374,0,0,0.18567860517463902,2.0,46.7,23.35,3.0,4.0,17,0.0,0.0,3.0,2
152375,0,0,0.14547580130614618,4.0,77.0,19.25,3.0,5.0,16,1.0,19.99,5.0,4
152391,0,0,0.008929224810765858,7.0,256.5,36.642857142857146,3.857142857142857,8.0,15,0.0,0.0,16.0,4
152398,0,0,0.2022097917303884,3.0,30.0,10.0,5.333333333333333,4.0,2,1.0,19.99,2.0,3
152399,0,0,0.17221926837360618,3.0,64.4,21.46666666666667,3.0,4.0,4,1.0,9.99,3.0,4
152401,0,0,0.17576583692181655,3.0,62.4,20.8,3.0,4.0,9,0.0,0.0,3.0,4
152406,0,0,0.26923896441891454,1.0,7.5,7.5,3.0,2.0,3,0.0,0.0,0.0,4
152418,0,0,0.1764624226418211,2.0,59.1,29.55,2.0,3.0,4,0.0,0.0,3.0,4
152445,0,0,0.1617442773094956,2.0,67.9,33.95,4.5,3.0,1,0.0,0.0,1.0,4
152447,0,0,0.3120650113505,2.0,11.5,5.75,2.5,3.0,13,0.0,0.0,0.0,4
152450,0,0,0.14207867848270234,3.0,69.1,23.03333333333333,4.666666666666667,4.0,3,0.0,0.0,3.0,4
152452,0,0,0.2667424991212575,1.0,7.3,7.3,3.0,2.0,3,0.0,0.0,0.0,1
152458,0,0,0.15837848597196658,3.0,65.3,21.766666666666666,3.6666666666666665,4.0,2,0.0,0.0,3.0,4
152470,0,0,0.30954777392481736,0.0,0.0,0.0,0.0,1.0,16,0.0,0.0,0.0,4
152487,0,0,0.27740507307725953,2.0,29.2,14.6,2.0,3.0,1,0.0,0.0,0.0,4
152508,0,0,0.28667510098514215,2.0,16.2,8.1,3.5,3.0,16,0.0,0.0,0.0,4
152509,0,0,0.16199890458613575,3.0,66.8,22.266666666666666,2.3333333333333335,4.0,8,0.0,0.0,4.0,4
152513,0,0,0.27842604748868294,3.0,31.5,10.5,2.6666666666666665,4.0,14,0.0,0.0,1.0,4
152519,0,0,0.2656969626573713,1.0,13.7,13.7,1.0,3.0,15,0.0,0.0,2.0,3
152528,0,0,0.07730712381313956,9.0,193.6,21.51111111111111,3.0,9.0,14,0.0,0.0,6.0,1
152549,0,0,0.11918386824822676,5.0,113.1,22.619999999999997,3.8,6.0,14,0.0,0.0,4.0,2
152557,0,0,0.22838926811093105,3.0,55.5,18.5,2.6666666666666665,4.0,10,0.0,0.0,1.0,4
152561,0,0,0.011640548933123693,9.0,291.6,32.400000000000006,5.555555555555555,10.0,16,0.0,0.0,11.0,4
152562,0,0,0.26885752389822754,3.0,33.300000000000004,11.100000000000001,3.6666666666666665,4.0,6,0.0,0.0,0.0,2
152571,0,0,0.30863856581124066,0.0,0.0,0.0,0.0,1.0,18,0.0,0.0,0.0,1
152572,0,0,0.04981413130126762,4.0,163.8,40.95,4.25,5.0,13,0.0,0.0,6.0,4
152574,0,0,0.2856779385917035,1.0,8.0,8.0,2.0,2.0,3,0.0,0.0,0.0,2
152577,0,0,0.1823385503892145,2.0,51.599999999999994,25.799999999999997,4.5,3.0,1,0.0,0.0,1.0,4
152582,0,0,0.13205918004663253,2.0,61.0,30.5,4.5,3.0,8,0.0,0.0,4.0,4
152592,1,0,0.056378743058542215,7.0,178.6,25.514285714285712,3.857142857142857,7.0,9,0.0,0.0,7.0,3
152593,0,0,0.07572998232271172,4.0,132.7,33.175,3.25,6.0,17,0.0,0.0,6.0,4
152597,0,0,0.31755306712420656,4.0,28.5,7.125,3.5,5.0,8,0.0,0.0,0.0,2
152605,1,0,0.19465075812748156,2.0,31.7,15.85,4.5,3.0,6,0.0,0.0,2.0,2
152612,0,0,0.24291728790671815,3.0,49.3,16.433333333333334,2.3333333333333335,4.0,7,0.0,0.0,1.0,4
152626,0,0,0.20565087747730817,2.0,12.0,6.0,4.5,3.0,5,0.0,0.0,3.0,4
152627,0,0,0.18613799142517362,4.0,79.1,19.775,3.0,5.0,10,0.0,0.0,2.0,4
152633,0,0,0.2319478078055088,1.0,3.5,3.5,4.0,2.0,3,0.0,0.0,1.0,1
152634,0,0,0.1293240707635227,7.0,155.3,22.185714285714287,2.0,7.0,12,0.0,0.0,3.0,4
152648,0,0,0.06387549228916184,6.0,136.7,22.78333333333333,3.8333333333333335,6.0,10,0.0,0.0,9.0,4
152655,1,0,0.2855218194136691,0.0,0.0,0.0,0.0,1.0,17,0.0,0.0,1.0,2
152658,0,0,0.22445256012914838,2.0,38.3,19.15,2.5,3.0,17,0.0,0.0,2.0,2
152662,0,0,0.2197750030154591,2.0,9.0,4.5,6.5,3.0,10,0.0,0.0,1.0,4
152663,1,0,0.20756544251833473,3.0,46.0,15.333333333333334,4.0,6.0,18,0.0,0.0,2.0,2
152674,0,0,0.16942767608483014,2.0,45.7,22.85,4.0,3.0,8,0.0,0.0,3.0,4
152678,0,0,0.23088412983291068,6.0,66.1,11.016666666666666,3.8333333333333335,6.0,11,0.0,0.0,3.0,2
152680,0,0,0.28809509100958564,1.0,31.2,31.2,1.0,2.0,7,0.0,0.0,0.0,4
152681,0,0,0.281875457000775,1.0,10.9,10.9,2.0,2.0,0,0.0,0.0,0.0,4
152691,0,0,0.028189165879363234,8.0,231.2,28.9,4.375,8.0,14,0.0,0.0,9.0,3
152697,1,0,0.20356018911195684,3.0,39.900000000000006,13.300000000000002,5.0,5.0,17,0.0,0.0,2.0,3
152700,0,0,0.08316860857155284,5.0,112.2,22.44,3.2,6.0,7,0.0,0.0,8.0,4
152708,0,0,0.066177792927616,4.0,104.7,26.175,4.0,5.0,5,0.0,0.0,9.0,4
152709,0,0,0.1936398862166435,2.0,41.9,20.95,4.0,3.0,12,0.0,0.0,2.0,4
152712,0,0,0.17639740999763007,2.0,59.0,29.5,2.5,4.0,16,0.0,0.0,3.0,3
152714,0,0,0.23598291392754275,1.0,40.9,40.9,3.0,2.0,1,0.0,0.0,0.0,2
152718,0,0,0.10713090394893003,2.0,79.5,39.75,4.0,3.0,6,0.0,0.0,5.0,4
152720,0,0,0.20679774616473123,2.0,42.800000000000004,21.400000000000002,3.0,5.0,16,0.0,0.0,2.0,2
152723,1,0,0.2068745469514904,3.0,62.2,20.733333333333334,2.0,4.0,8,0.0,0.0,2.0,4
152726,0,0,0.14465843067700412,5.0,66.6,13.319999999999999,4.6,6.0,10,0.0,0.0,6.0,4
152738,1,0,0.21045764437280512,3.0,69.5,23.166666666666668,2.0,4.0,6,0.0,0.0,1.0,3
152741,0,0,0.04057188353056852,6.0,190.2,31.7,4.833333333333333,7.0,15,0.0,0.0,7.0,4
152748,0,0,0.05310980816922812,5.0,167.4,33.480000000000004,3.0,6.0,15,1.0,49.99,6.0,1
152757,0,0,0.10095754312966654,3.0,71.3,23.766666666666666,4.0,4.0,6,0.0,0.0,7.0,4
152764,0,0,0.18706865229013783,2.0,75.8,37.9,3.0,3.0,1,0.0,0.0,0.0,3
152766,0,0,0.22438506516227102,2.0,45.8,22.9,3.5,3.0,2,0.0,0.0,0.0,4
152771,0,0,0.23988602846408708,2.0,22.9,11.45,4.0,4.0,15,0.0,0.0,1.0,1
152776,0,0,0.2577884106496566,1.0,17.0,17.0,3.0,2.0,0,0.0,0.0,0.0,4
152778,0,0,0.15118146055684958,3.0,78.39999999999999,26.13333333333333,4.0,4.0,2,0.0,0.0,2.0,4
152790,1,0,0.3138969097580541,3.0,9.3,3.1,2.0,4.0,13,0.0,0.0,2.0,3
152800,0,0,0.228254622500603,2.0,28.1,14.05,2.0,3.0,14,0.0,0.0,3.0,4
152808,0,0,0.21428056145068383,1.0,29.6,29.6,5.0,2.0,1,0.0,0.0,0.0,4
152812,1,0,0.33622875397245505,4.0,16.6,4.15,2.75,5.0,5,0.0,0.0,1.0,4
152829,0,0,0.08390945734289107,5.0,147.4,29.48,4.0,6.0,16,0.0,0.0,4.0,4
152836,0,0,0.20479958067810872,3.0,62.400000000000006,20.8,4.333333333333333,4.0,8,0.0,0.0,0.0,1
152838,0,0,0.07830770217811837,3.0,119.3,39.766666666666666,4.333333333333333,4.0,12,0.0,0.0,5.0,3
152845,0,0,0.054150423075968,6.0,162.60000000000002,27.100000000000005,3.6666666666666665,6.0,10,0.0,0.0,8.0,4
152846,1,0,0.19585192760117373,2.0,18.4,9.2,4.5,3.0,7,0.0,0.0,3.0,1
152847,0,0,0.26386702362233333,1.0,17.3,17.3,3.0,2.0,7,0.0,0.0,0.0,4
152848,0,0,0.09223934065064127,4.0,102.2,25.55,3.25,8.0,18,0.0,0.0,7.0,4
152854,1,0,0.2974163248984278,4.0,46.5,11.625,2.5,5.0,8,0.0,0.0,0.0,4
152861,0,0,0.23720424768714085,2.0,26.799999999999997,13.399999999999999,3.5,3.0,5,0.0,0.0,1.0,4
152870,0,0,0.0342395810841217,5.0,215.39999999999998,43.08,4.4,6.0,12,0.0,0.0,5.0,2
152884,0,0,0.23051210504116149,2.0,31.900000000000002,15.950000000000001,4.0,4.0,18,0.0,0.0,1.0,4
152892,0,0,0.245401663665843,1.0,4.3,4.3,5.0,2.0,13,0.0,0.0,0.0,4
152896,0,0,0.15103673047503324,3.0,96.6,32.199999999999996,3.6666666666666665,6.0,17,0.0,0.0,1.0,1
152898,0,0,0.09437688450042014,6.0,132.6,22.099999999999998,3.1666666666666665,6.0,9,0.0,0.0,6.0,1
152907,0,0,0.00823613680953003,8.0,304.3,38.0375,4.875,8.0,14,0.0,0.0,12.0,4
152909,0,0,0.167139351578236,2.0,27.700000000000003,13.850000000000001,4.5,3.0,4,0.0,0.0,4.0,4
152913,0,0,0.18657489891474133,7.0,109.2,15.6,3.142857142857143,7.0,11,0.0,0.0,3.0,4
152921,0,0,0.10480153483639654,2.0,98.4,49.2,3.5,3.0,3,0.0,0.0,4.0,4
152922,0,0,0.1522849823489173,2.0,47.699999999999996,23.849999999999998,6.0,3.0,1,0.0,0.0,2.0,4
152923,0,0,0.2529263841640366,1.0,25.4,25.4,3.0,2.0,3,0.0,0.0,0.0,4
152931,0,0,0.10542098974342197,3.0,73.9,24.633333333333336,5.666666666666667,4.0,9,0.0,0.0,5.0,3
152945,0,0,0.1596674392816928,3.0,79.4,26.46666666666667,5.666666666666667,4.0,5,0.0,0.0,0.0,3
152955,0,0,0.31644164874827135,1.0,12.7,12.7,1.0,2.0,17,0.0,0.0,0.0,4
152957,1,0,0.2965685679173661,4.0,41.8,10.45,3.25,5.0,14,0.0,0.0,0.0,1
152963,0,0,0.20795863511274781,1.0,38.0,38.0,4.0,2.0,5,0.0,0.0,1.0,4
152976,0,0,0.19214329017649212,5.0,66.89999999999999,13.379999999999999,2.2,6.0,12,0.0,0.0,5.0,4
152990,0,0,0.2865856337870369,1.0,6.0,6.0,2.0,2.0,0,0.0,0.0,0.0,4
152997,0,0,0.21271071687475074,2.0,47.900000000000006,23.950000000000003,3.0,3.0,5,0.0,0.0,1.0,4
153012,0,0,0.2822294144001599,2.0,37.6,18.8,1.5,3.0,12,0.0,0.0,0.0,4
153013,0,0,0.2086904670114354,3.0,76.0,25.333333333333332,2.3333333333333335,4.0,2,0.0,0.0,0.0,2
153024,0,0,0.033255775928569396,7.0,224.4,32.05714285714286,4.142857142857143,8.0,15,0.0,0.0,7.0,2
153027,0,0,0.2550392505514351,2.0,20.9,10.45,2.0,3.0,8,0.0,0.0,2.0,4
153029,0,0,0.20393978131010418,2.0,42.3,21.15,4.0,3.0,3,0.0,0.0,1.0,4
153043,0,0,0.20190529513478964,3.0,37.1,12.366666666666667,4.0,4.0,10,0.0,0.0,3.0,4
153048,0,0,0.21403177353260106,5.0,75.8,15.16,4.2,6.0,8,0.0,0.0,1.0,4
153051,0,0,0.21574543540833735,2.0,39.4,19.7,4.5,3.0,2,0.0,0.0,0.0,1
153053,0,0,0.26726088125128633,1.0,8.7,8.7,3.0,2.0,4,0.0,0.0,0.0,2
153056,0,0,0.14520075216309206,3.0,70.3,23.433333333333334,2.0,4.0,6,0.0,0.0,5.0,3
153061,0,0,0.06430275322418014,5.0,155.7,31.139999999999997,4.2,6.0,18,1.0,1.99,6.0,2
153064,0,0,0.1516035663463304,3.0,47.8,15.933333333333332,3.0,4.0,13,0.0,0.0,6.0,1
153076,0,0,0.09270369088986798,6.0,124.4,20.733333333333334,4.5,6.0,11,0.0,0.0,6.0,1
153081,0,0,0.3122107850999792,1.0,4.0,4.0,1.0,2.0,7,0.0,0.0,0.0,1
153097,0,0,0.2358268026487799,2.0,19.3,9.65,4.5,3.0,12,0.0,0.0,1.0,1
153108,0,0,0.24898289523418338,1.0,6.1,6.1,4.0,2.0,0,0.0,0.0,0.0,3
153109,0,0,0.2686486646987006,2.0,21.2,10.6,2.0,3.0,1,0.0,0.0,1.0,3
153110,0,0,0.1769143676353183,1.0,60.2,60.2,6.0,2.0,1,0.0,0.0,0.0,4
153113,0,0,0.2685726874576008,4.0,42.300000000000004,10.575000000000001,2.0,5.0,7,0.0,0.0,2.0,2
153114,0,0,0.2882269845503059,1.0,5.3,5.3,2.0,2.0,1,0.0,0.0,0.0,4
153121,0,0,0.19891207079333798,4.0,41.6,10.4,4.25,5.0,12,0.0,0.0,4.0,4
153126,0,0,0.2479197851560073,3.0,38.2,12.733333333333334,2.3333333333333335,4.0,13,0.0,0.0,2.0,3
153129,1,0,0.2928935533648007,4.0,40.2,10.05,2.5,5.0,11,1.0,9.99,1.0,1
153133,0,0,0.2838328671073695,2.0,19.5,9.75,1.5,3.0,4,0.0,0.0,1.0,3
153139,0,0,0.3069864279224887,1.0,2.2,2.2,1.0,2.0,0,0.0,0.0,0.0,1
153143,0,0,0.14066739367091674,2.0,47.5,23.75,5.0,3.0,8,0.0,0.0,4.0,4
153155,0,0,0.19796293662085251,1.0,29.3,29.3,5.0,2.0,3,0.0,0.0,1.0,4
153163,0,0,0.18041862049521842,4.0,63.1,15.775,4.0,5.0,8,0.0,0.0,3.0,4
153171,0,0,0.3182527929409271,2.0,13.5,6.75,1.5,3.0,3,0.0,0.0,0.0,4
153172,0,0,0.2986733202223648,1.0,20.4,20.4,1.0,2.0,7,0.0,0.0,0.0,4
153174,0,0,0.10376557157628835,4.0,105.8,26.45,5.0,7.0,17,0.0,0.0,4.0,4
153175,0,0,0.25374713255855613,1.0,18.6,18.6,3.0,2.0,0,0.0,0.0,0.0,1
153182,1,0,0.214932736190605,2.0,37.099999999999994,18.549999999999997,2.5,3.0,1,0.0,0.0,2.0,4
153183,0,0,0.1266880847431101,6.0,130.39999999999998,21.73333333333333,2.6666666666666665,6.0,14,0.0,0.0,4.0,4
153189,0,0,0.1055613404070094,5.0,103.9,20.78,5.2,6.0,15,0.0,0.0,5.0,1
153200,0,0,0.2585985005031432,2.0,14.4,7.2,3.5,3.0,6,0.0,0.0,1.0,4
153206,0,0,0.18537120579694139,1.0,23.1,23.1,5.0,2.0,3,0.0,0.0,2.0,4
153212,0,0,0.22383827394031963,3.0,46.8,15.6,2.6666666666666665,4.0,9,0.0,0.0,2.0,4
153214,0,0,0.19597428799261446,1.0,13.8,13.8,7.0,2.0,1,0.0,0.0,0.0,4
153215,1,0,0.3160764441595415,1.0,2.1,2.1,1.0,2.0,6,0.0,0.0,0.0,4
153219,0,0,0.24091840620735078,1.0,13.4,13.4,4.0,2.0,0,0.0,0.0,0.0,1
153230,0,0,0.2729667747772445,3.0,21.4,7.133333333333333,3.6666666666666665,4.0,7,0.0,0.0,1.0,3
153231,0,0,0.25543968988654364,1.0,6.7,6.7,4.0,2.0,11,1.0,19.99,0.0,3
153232,0,0,0.16339691902785336,3.0,55.9,18.633333333333333,6.666666666666667,4.0,2,0.0,0.0,1.0,4
153235,0,0,0.014449654404157505,5.0,250.3,50.06,2.6,6.0,12,0.0,0.0,11.0,4
153236,0,0,0.05899737774095468,4.0,154.3,38.575,3.5,5.0,14,0.0,0.0,6.0,4
153238,0,0,0.21796860652840153,2.0,48.599999999999994,24.299999999999997,2.5,3.0,3,0.0,0.0,1.0,4
153244,0,0,0.31379963044803594,3.0,24.799999999999997,8.266666666666666,1.6666666666666667,5.0,17,0.0,0.0,1.0,4
153245,0,0,0.28101545193401084,1.0,11.8,11.8,2.0,2.0,0,0.0,0.0,0.0,4
153246,0,0,0.2624215493002669,3.0,29.200000000000003,9.733333333333334,2.0,4.0,2,0.0,0.0,2.0,4
153248,0,0,0.17446085656114182,2.0,51.7,25.85,4.5,5.0,17,0.0,0.0,2.0,3
153250,0,0,0.02004924741582715,9.0,238.5,26.5,5.111111111111111,9.0,10,0.0,0.0,12.0,4
153256,0,0,0.2542731632300433,6.0,50.2,8.366666666666667,3.1666666666666665,6.0,8,0.0,0.0,4.0,3
153261,0,0,0.18096389470491397,5.0,90.8,18.16,2.4,6.0,13,0.0,0.0,3.0,2
153265,0,0,0.23901676557947948,1.0,18.5,18.5,4.0,2.0,0,0.0,0.0,0.0,4
153275,0,0,0.05116706101117333,6.0,198.0,33.0,3.5,6.0,14,0.0,0.0,5.0,1
153282,0,0,0.12604639297082657,4.0,96.6,24.15,4.75,5.0,12,0.0,0.0,3.0,3
153286,0,0,0.1625169342238956,5.0,89.6,17.919999999999998,2.8,6.0,13,0.0,0.0,4.0,3
153293,0,0,0.27788274609974034,3.0,28.1,9.366666666666667,4.0,4.0,9,0.0,0.0,0.0,4
153296,0,0,0.08174570332271945,7.0,142.39999999999998,20.342857142857138,4.428571428571429,7.0,13,0.0,0.0,7.0,4
153303,0,0,0.14519426382365924,2.0,21.2,10.6,5.0,5.0,16,0.0,0.0,6.0,4
153313,0,0,0.17164545282655141,2.0,35.7,17.85,3.5,3.0,7,0.0,0.0,4.0,3
153318,0,0,0.27766175007007327,1.0,5.5,5.5,3.0,2.0,10,0.0,0.0,0.0,4
153326,0,0,0.1797490408503732,5.0,93.0,18.6,3.4,6.0,11,0.0,0.0,2.0,4
153331,0,0,0.06772285866092745,4.0,115.1,28.775,3.75,5.0,6,0.0,0.0,8.0,4
153333,0,0,0.31610561624682154,1.0,11.1,11.1,1.0,2.0,17,0.0,0.0,0.0,2
153338,0,0,0.25795196592322595,2.0,23.4,11.7,3.0,5.0,18,0.0,0.0,1.0,1
153348,0,0,0.12273241207647702,7.0,120.89999999999999,17.27142857142857,4.714285714285714,8.0,15,0.0,0.0,5.0,4
153351,0,0,0.2671600529574477,1.0,12.1,12.1,2.0,2.0,9,0.0,0.0,1.0,4
153353,0,0,0.11959885181812265,3.0,45.3,15.1,4.666666666666667,4.0,3,0.0,0.0,7.0,4
153356,0,0,0.08942848628494746,6.0,156.0,26.0,3.5,6.0,12,0.0,0.0,4.0,3
153358,0,0,0.16335102102666246,4.0,51.300000000000004,12.825000000000001,4.25,5.0,7,0.0,0.0,5.0,4
153361,0,0,0.13319978633745674,5.0,74.2,14.84,4.6,6.0,8,0.0,0.0,6.0,4
153372,0,0,0.24329822576588447,5.0,69.0,13.8,3.2,6.0,7,0.0,0.0,1.0,4
153378,1,0,0.3107591137156578,2.0,9.2,4.6,1.5,3.0,11,0.0,0.0,1.0,4
153380,0,0,0.2575621933536109,2.0,26.6,13.3,2.5,3.0,8,0.0,0.0,1.0,4
153391,0,0,0.22514768071912514,2.0,15.2,7.6,4.5,3.0,14,0.0,0.0,2.0,2
153392,0,0,0.13418091737924231,3.0,68.0,22.666666666666668,4.666666666666667,4.0,10,0.0,0.0,4.0,4
153412,0,0,0.15541750454615538,4.0,73.2,18.3,3.25,5.0,3,0.0,0.0,4.0,3
153429,0,0,0.17362220855775534,3.0,76.0,25.333333333333332,3.0,4.0,12,0.0,0.0,2.0,4
153434,0,0,0.05388027981577803,4.0,142.9,35.725,3.25,5.0,11,0.0,0.0,8.0,2
153446,0,0,0.2129496950542416,2.0,54.4,27.2,3.5,3.0,4,0.0,0.0,0.0,4
153447,0,0,0.23528312033300636,2.0,37.7,18.85,2.0,3.0,17,0.0,0.0,2.0,4
153451,0,0,0.2537686034010905,5.0,71.9,14.38,2.6,6.0,14,0.0,0.0,1.0,4
153455,0,0,0.2814910207952333,2.0,21.7,10.85,2.5,3.0,4,0.0,0.0,0.0,1
153466,1,0,0.2767164268557748,1.0,9.2,9.2,3.0,3.0,17,0.0,0.0,0.0,1
153472,1,0,0.30863856581124066,0.0,0.0,0.0,0.0,1.0,18,0.0,0.0,0.0,1
153476,0,0,0.30737698899892435,1.0,4.8,4.8,1.0,2.0,3,0.0,0.0,0.0,1
153478,0,0,0.07785475587891133,4.0,99.7,24.925,4.0,5.0,9,0.0,0.0,8.0,2
153500,0,0,0.2563489794198564,2.0,19.4,9.7,3.0,3.0,3,0.0,0.0,1.0,4
153504,0,0,0.262264970962705,1.0,14.1,14.1,3.0,2.0,3,0.0,0.0,0.0,3
153506,0,0,0.08918317843737274,4.0,98.4,24.6,3.75,5.0,9,0.0,0.0,7.0,2
153508,0,0,0.17824550560101354,1.0,51.4,51.4,3.0,2.0,5,0.0,0.0,3.0,4
153511,0,0,0.29166873659959086,1.0,17.7,17.7,2.0,2.0,17,0.0,0.0,0.0,4
153527,0,0,0.21344962475503573,2.0,35.3,17.65,4.0,3.0,3,0.0,0.0,1.0,3
153533,0,0,0.21232500654639735,4.0,77.5,19.375,3.75,5.0,12,0.0,0.0,0.0,1
153537,0,0,0.2900828368902265,2.0,23.1,11.55,2.5,4.0,16,0.0,0.0,0.0,2
153541,0,0,0.21295168251746344,5.0,73.7,14.74,2.6,6.0,10,1.0,4.99,3.0,3
153563,0,0,0.28800517496055145,1.0,3.6,3.6,2.0,2.0,1,0.0,0.0,0.0,2
153565,0,0,0.31986223199094693,3.0,16.0,5.333333333333333,2.0,4.0,9,0.0,0.0,1.0,4
153579,0,0,0.14128798304243878,3.0,73.6,24.53333333333333,3.6666666666666665,4.0,17,0.0,0.0,4.0,2
153592,0,0,0.10482669618672409,5.0,54.0,10.8,4.2,6.0,11,0.0,0.0,11.0,4
153605,1,0,0.2531580185749835,2.0,9.2,4.6,3.5,4.0,15,0.0,0.0,2.0,4
153613,0,0,0.18255517318593167,1.0,2.7,2.7,5.0,2.0,3,0.0,0.0,3.0,3
153615,0,0,0.24377367097822195,4.0,44.5,11.125,2.75,5.0,11,1.0,1.99,3.0,4
153636,0,0,0.292084918814563,4.0,34.6,8.65,2.0,8.0,18,0.0,0.0,2.0,2
153648,0,0,0.0612722687074836,6.0,164.6,27.433333333333334,3.5,6.0,16,0.0,0.0,7.0,4
153661,0,0,0.07814598935439226,6.0,136.4,22.733333333333334,4.0,7.0,15,0.0,0.0,7.0,2
153662,0,0,0.2848412672707064,3.0,39.5,13.166666666666666,2.3333333333333335,4.0,10,0.0,0.0,0.0,2
153664,0,0,0.2640446936717278,3.0,26.0,8.666666666666666,4.0,4.0,14,0.0,0.0,1.0,3
153672,0,0,0.16031825569062935,4.0,84.1,21.025,3.25,5.0,4,1.0,4.99,3.0,4
153676,0,0,0.18236109477959003,5.0,87.9,17.580000000000002,2.8,6.0,14,0.0,0.0,3.0,4
153687,0,0,0.18163679070432645,3.0,44.4,14.799999999999999,2.3333333333333335,4.0,12,0.0,0.0,5.0,4
153688,0,0,0.2557953121923357,2.0,22.2,11.1,4.0,3.0,5,0.0,0.0,0.0,3
153690,0,0,0.04688405920359704,5.0,127.0,25.4,4.8,6.0,15,0.0,0.0,11.0,4
153696,0,0,0.0994576675282149,5.0,81.1,16.22,4.0,6.0,15,0.0,0.0,9.0,2
153697,0,0,0.08884991459584259,3.0,108.9,36.300000000000004,5.333333333333333,4.0,14,0.0,0.0,4.0,4
153701,0,0,0.15747529611210992,5.0,93.3,18.66,2.8,6.0,13,0.0,0.0,4.0,4
153703,0,0,0.2931882118239078,1.0,2.2,2.2,2.0,2.0,3,0.0,0.0,0.0,4
153705,0,0,0.1863795463309105,1.0,67.6,67.6,5.0,2.0,5,0.0,0.0,0.0,1
153708,0,0,0.028528550678186965,6.0,218.7,36.449999999999996,4.0,7.0,15,0.0,0.0,8.0,4
153720,0,0,0.2740638718524861,1.0,2.8,2.8,2.0,2.0,10,0.0,0.0,1.0,1
153722,0,0,0.2756148363933438,1.0,14.9,14.9,1.0,2.0,2,0.0,0.0,1.0,3
153725,0,0,0.2801295328960024,1.0,10.8,10.8,2.0,2.0,0,0.0,0.0,0.0,2
153727,0,0,0.18611421579917004,3.0,29.0,9.666666666666666,5.0,6.0,17,0.0,0.0,4.0,4
153728,0,0,0.27678482039296853,1.0,4.8,4.8,2.0,2.0,12,0.0,0.0,1.0,4
153739,0,0,0.22485819286301145,2.0,42.4,21.2,4.0,3.0,9,0.0,0.0,0.0,1
153742,0,0,0.09862252613959499,4.0,133.6,33.4,4.5,5.0,10,0.0,0.0,2.0,4
153762,1,0,0.32176059593935846,2.0,7.0,3.5,2.0,3.0,7,0.0,0.0,0.0,1
153763,0,0,0.17341340517979356,2.0,34.5,17.25,2.5,3.0,11,0.0,0.0,5.0,3
153766,0,0,0.2238597028936584,3.0,54.400000000000006,18.133333333333336,4.333333333333333,5.0,16,0.0,0.0,0.0,1
153774,1,0,0.09898016232315034,8.0,110.1,13.7625,3.25,8.0,12,0.0,0.0,11.0,4
153775,0,0,0.16981956975358703,2.0,68.0,34.0,5.0,3.0,1,0.0,0.0,0.0,3
153778,0,0,0.30813129787768084,2.0,18.8,9.4,1.5,3.0,3,0.0,0.0,0.0,4
153784,0,0,0.3026355209105472,3.0,27.5,9.166666666666666,2.0,4.0,17,0.0,0.0,1.0,4
153787,0,0,0.27537736035226246,3.0,33.1,11.033333333333333,3.3333333333333335,4.0,4,0.0,0.0,0.0,4
153788,0,0,0.20494215510693425,2.0,62.699999999999996,31.349999999999998,2.0,3.0,5,0.0,0.0,1.0,2
153812,1,0,0.2819758784273136,2.0,23.5,11.75,2.5,3.0,5,0.0,0.0,0.0,4
153821,0,0,0.23250481642395932,2.0,33.8,16.9,3.5,4.0,15,0.0,0.0,1.0,3
153825,0,0,0.2363144554942759,4.0,33.3,8.325,3.0,6.0,16,0.0,0.0,4.0,4
153835,0,0,0.025697461656597018,7.0,240.60000000000002,34.371428571428574,3.7142857142857144,7.0,11,0.0,0.0,8.0,4
153847,0,0,0.092602578687316,4.0,78.4,19.6,5.75,5.0,10,0.0,0.0,7.0,3
153849,0,0,0.12813385888870643,3.0,111.60000000000001,37.2,4.0,4.0,12,0.0,0.0,1.0,2
153851,0,0,0.19646780702875044,2.0,39.5,19.75,2.5,3.0,5,0.0,0.0,3.0,4
153857,0,0,0.05051569418383588,5.0,150.5,30.1,4.4,6.0,10,0.0,0.0,8.0,4
153861,0,0,0.3088616985674932,1.0,11.2,11.2,1.0,2.0,8,0.0,0.0,0.0,4
153865,0,0,0.11182579566294122,4.0,90.8,22.7,5.5,5.0,9,0.0,0.0,4.0,2
153874,0,0,0.1549378864167831,6.0,98.1,16.349999999999998,4.166666666666667,7.0,15,0.0,0.0,4.0,4
153882,0,0,0.12790881174953664,4.0,78.7,19.675,4.0,5.0,6,0.0,0.0,5.0,3
153911,0,0,0.042094689452211925,4.0,108.5,27.125,6.25,5.0,4,0.0,0.0,11.0,4
153915,0,0,0.09216683237715213,4.0,134.2,33.55,3.75,5.0,7,0.0,0.0,3.0,1
153917,0,0,0.15560586391531686,3.0,75.1,25.03333333333333,5.333333333333333,4.0,6,0.0,0.0,1.0,3
153926,0,0,0.22432374432801552,2.0,56.900000000000006,28.450000000000003,2.5,3.0,3,0.0,0.0,0.0,4
153928,0,0,0.26677294368366566,2.0,16.200000000000003,8.100000000000001,2.0,3.0,14,0.0,0.0,2.0,2
153934,0,0,0.10624372384482186,6.0,105.1,17.516666666666666,3.1666666666666665,6.0,13,0.0,0.0,8.0,4
153942,0,0,0.17470509223353464,3.0,72.1,24.03333333333333,3.0,4.0,8,0.0,0.0,2.0,1
153944,0,0,0.25903155151176904,1.0,22.6,22.6,3.0,2.0,7,0.0,0.0,0.0,4
153947,1,0,0.28142846493706725,1.0,19.4,19.4,2.0,2.0,10,0.0,0.0,0.0,2
153952,0,0,0.13889007321506994,3.0,87.6,29.2,4.666666666666667,6.0,17,0.0,0.0,2.0,4
153953,1,0,0.17341917677095636,2.0,57.8,28.9,2.5,3.0,7,0.0,0.0,3.0,4
153961,0,0,0.28028009738921134,2.0,15.7,7.85,2.5,3.0,12,0.0,0.0,1.0,4
153970,0,0,0.1118658426074538,4.0,106.4,26.6,5.0,5.0,11,0.0,0.0,3.0,3
153973,0,0,0.06754225877572988,4.0,150.9,37.725,5.5,5.0,6,0.0,0.0,3.0,4
153987,0,0,0.16924781991635196,4.0,95.0,23.75,4.0,5.0,13,1.0,4.99,1.0,2
153993,0,0,0.20865069717952617,3.0,57.2,19.066666666666666,3.6666666666666665,4.0,9,0.0,0.0,1.0,4
153994,0,0,0.046009431421311434,4.0,136.0,34.0,3.75,6.0,16,0.0,0.0,10.0,4
154005,0,0,0.16612897839299112,1.0,33.8,33.8,8.0,2.0,1,0.0,0.0,0.0,1
154014,0,0,0.11856632253562295,3.0,82.4,27.46666666666667,5.333333333333333,4.0,3,0.0,0.0,3.0,2
154023,1,0,0.020574200457092,7.0,240.6,34.371428571428574,5.0,8.0,15,0.0,0.0,9.0,2
154028,0,0,0.18765409257483673,3.0,75.69999999999999,25.23333333333333,3.0,4.0,8,0.0,0.0,1.0,4
154033,0,0,0.02603444384696221,6.0,176.5,29.416666666666668,4.5,7.0,18,0.0,0.0,13.0,4
154037,1,0,0.2971150360326373,2.0,16.8,8.4,2.5,3.0,8,0.0,0.0,0.0,4
154038,0,0,0.2106765128802972,5.0,63.9,12.78,3.6,6.0,12,0.0,0.0,3.0,2
154039,0,0,0.06643178545509268,5.0,130.3,26.060000000000002,3.8,6.0,13,0.0,0.0,8.0,2
154053,0,0,0.1395858152882883,3.0,95.7,31.900000000000002,3.6666666666666665,6.0,17,0.0,0.0,2.0,3
154056,1,0,0.23786995280150838,1.0,4.4,4.4,4.0,2.0,8,0.0,0.0,1.0,4
154057,0,0,0.2897771917529025,3.0,39.7,13.233333333333334,2.0,4.0,7,0.0,0.0,0.0,4
154062,0,0,0.12744870877010173,5.0,108.4,21.68,2.6,7.0,18,0.0,0.0,5.0,4
154079,0,0,0.1692628697470139,4.0,57.1,14.275,4.25,5.0,8,0.0,0.0,4.0,2
154085,0,0,0.10675563994989326,2.0,53.599999999999994,26.799999999999997,4.5,5.0,16,0.0,0.0,7.0,4
154090,0,0,0.09680801759985698,4.0,107.6,26.9,5.25,5.0,7,0.0,0.0,4.0,4
154091,0,0,0.2533078194374397,3.0,19.0,6.333333333333333,3.0,4.0,13,0.0,0.0,3.0,4
154094,0,0,0.2962515768326375,2.0,9.2,4.6,3.5,4.0,15,0.0,0.0,0.0,3
154095,0,0,0.2583637282017102,3.0,41.0,13.666666666666666,2.6666666666666665,4.0,13,0.0,0.0,1.0,4
154098,0,0,0.33860510220298445,2.0,8.9,4.45,1.0,3.0,4,0.0,0.0,0.0,4
154101,0,0,0.241207382660933,2.0,31.0,15.5,4.0,3.0,5,0.0,0.0,0.0,3
154106,0,0,0.2118786238129286,4.0,39.3,9.825,4.5,5.0,5,0.0,0.0,3.0,4
154114,0,0,0.232341446262126,2.0,19.0,9.5,3.5,3.0,9,0.0,0.0,2.0,3
154129,1,0,0.23940804943271157,2.0,28.1,14.05,3.5,3.0,11,0.0,0.0,1.0,3
154138,1,0,0.29980517800939904,2.0,25.9,12.95,1.5,3.0,9,0.0,0.0,0.0,3
154140,0,0,0.26506080604030363,1.0,2.9,2.9,4.0,3.0,18,0.0,0.0,0.0,1
154152,0,0,0.1962618922332527,1.0,32.3,32.3,6.0,2.0,3,0.0,0.0,0.0,1
154163,0,0,0.0647460488342811,5.0,150.5,30.1,4.0,6.0,11,0.0,0.0,6.0,4
154168,0,0,0.12497591933805201,7.0,107.39999999999999,15.342857142857142,3.857142857142857,7.0,14,0.0,0.0,7.0,4
154169,0,0,0.14839307883463826,2.0,28.5,14.25,6.5,5.0,18,0.0,0.0,4.0,4
154179,0,0,0.09915339145553954,6.0,153.7,25.616666666666664,2.6666666666666665,6.0,13,0.0,0.0,4.0,4
154180,0,0,0.12393849560346848,3.0,81.30000000000001,27.100000000000005,5.666666666666667,4.0,16,0.0,0.0,3.0,4
154183,0,0,0.20992617223421098,3.0,61.9,20.633333333333333,3.3333333333333335,6.0,18,0.0,0.0,1.0,3
154184,0,0,0.2578907503264969,1.0,13.3,13.3,2.0,2.0,1,0.0,0.0,1.0,3
154187,0,0,0.07960142828961995,7.0,172.4,24.62857142857143,4.285714285714286,7.0,10,0.0,0.0,4.0,3
154199,0,0,0.07751106126784113,7.0,179.39999999999998,25.628571428571426,3.857142857142857,7.0,12,0.0,0.0,4.0,4
154206,1,0,0.2071425337398551,4.0,65.1,16.275,3.5,6.0,17,0.0,0.0,2.0,4
154209,0,0,0.2627004094236364,1.0,11.6,11.6,3.0,2.0,0,0.0,0.0,0.0,4
154217,0,0,0.16374094826729024,4.0,83.2,20.8,3.25,5.0,15,0.0,0.0,3.0,4
154229,0,0,0.24065087141465016,3.0,44.6,14.866666666666667,2.0,4.0,11,0.0,0.0,2.0,4
154236,0,0,0.12437793700024083,3.0,85.3,28.433333333333334,4.333333333333333,4.0,2,0.0,0.0,3.0,1
154239,0,0,0.2570920696497786,1.0,2.0,2.0,4.0,2.0,5,0.0,0.0,0.0,3
154241,0,0,0.19022601536942038,4.0,51.7,12.925,2.75,5.0,8,1.0,99.99,2.0,4
154250,0,0,0.2696440759142484,1.0,6.1,6.1,3.0,2.0,3,0.0,0.0,0.0,3
154258,0,0,0.09569689580264593,7.0,145.7,20.814285714285713,3.142857142857143,7.0,9,0.0,0.0,6.0,4
154263,0,0,0.23720779760646798,1.0,6.8,6.8,5.0,2.0,6,0.0,0.0,0.0,4
154264,0,0,0.2268462097891232,4.0,59.8,14.95,3.0,5.0,18,0.0,0.0,2.0,4
154270,0,0,0.3326045437888219,3.0,13.4,4.466666666666667,2.0,5.0,18,0.0,0.0,1.0,3
154279,0,0,0.2701630918197895,2.0,26.5,13.25,3.0,3.0,9,0.0,0.0,0.0,3
154280,0,0,0.34491925468922646,4.0,27.9,6.975,2.25,5.0,9,0.0,0.0,0.0,1
154290,1,0,0.20227241737958052,7.0,96.0,13.714285714285714,3.5714285714285716,8.0,15,1.0,19.98,3.0,1
154294,0,0,0.19383764549443994,1.0,4.2,4.2,3.0,2.0,3,0.0,0.0,4.0,4
154299,0,0,0.2793002458174682,1.0,13.6,13.6,2.0,2.0,0,0.0,0.0,0.0,4
154300,0,0,0.24685695420489778,5.0,67.5,13.5,2.2,6.0,14,0.0,0.0,2.0,1
154303,0,0,0.27335055087282034,2.0,11.7,5.85,3.0,3.0,8,0.0,0.0,1.0,3
154307,0,0,0.11627072217213562,3.0,102.3,34.1,4.0,6.0,17,0.0,0.0,3.0,3
154308,0,0,0.1980560111960378,2.0,35.4,17.7,5.0,3.0,4,0.0,0.0,1.0,2
154323,0,0,0.17134533890116582,3.0,61.60000000000001,20.533333333333335,5.333333333333333,4.0,2,0.0,0.0,1.0,2
154329,0,0,0.26508238537236095,2.0,23.8,11.9,2.0,3.0,3,0.0,0.0,1.0,2
154333,0,0,0.3034456636253076,1.0,15.6,15.6,1.0,2.0,7,0.0,0.0,0.0,4
154348,0,0,0.2554370220050853,2.0,16.6,8.3,4.5,3.0,3,0.0,0.0,0.0,4
154349,1,0,0.20248676425026294,3.0,52.1,17.366666666666667,1.3333333333333333,4.0,14,0.0,0.0,4.0,4
154352,0,0,0.204236175549222,4.0,62.6,15.65,2.75,6.0,16,0.0,0.0,3.0,4
154372,0,0,0.31124373782415127,2.0,16.1,8.05,1.5,3.0,1,0.0,0.0,0.0,4
154375,0,0,0.08913718065258039,3.0,136.6,45.53333333333333,6.333333333333333,4.0,2,0.0,0.0,0.0,3
154382,0,0,0.15587282328415888,3.0,37.4,12.466666666666667,4.666666666666667,4.0,4,0.0,0.0,5.0,4
154389,1,0,0.2710842434281199,1.0,10.5,10.5,3.0,2.0,8,0.0,0.0,0.0,4
154399,0,0,0.1972960180954548,4.0,68.0,17.0,2.25,5.0,10,0.0,0.0,3.0,2
154407,0,0,0.1812377742616881,3.0,62.1,20.7,2.3333333333333335,4.0,4,0.0,0.0,3.0,3
154409,0,0,0.10362789421205575,5.0,98.4,19.68,4.6,6.0,6,0.0,0.0,6.0,4
154416,0,0,0.14168517299317016,3.0,98.0,32.666666666666664,4.0,4.0,8,0.0,0.0,1.0,1
154439,0,0,0.23534414153299082,2.0,25.7,12.85,1.5,3.0,8,0.0,0.0,3.0,4
154445,0,0,0.1771074110880972,4.0,67.3,16.825,3.0,6.0,18,0.0,0.0,4.0,4
154451,0,0,0.28813812952401285,2.0,10.8,5.4,2.0,3.0,2,0.0,0.0,1.0,3
154453,0,0,0.2645484397788373,2.0,12.2,6.1,2.0,3.0,5,0.0,0.0,2.0,1
154459,0,0,0.17853105271428374,2.0,54.5,27.25,4.5,3.0,1,0.0,0.0,1.0,4
154470,0,0,0.10689244058300455,4.0,131.4,32.85,2.75,6.0,16,0.0,0.0,3.0,2
154471,0,0,0.2744340650444453,3.0,37.1,12.366666666666667,3.0,4.0,8,0.0,0.0,0.0,1
154481,0,0,0.15630122106769317,4.0,53.099999999999994,13.274999999999999,4.5,5.0,5,0.0,0.0,5.0,4
154488,0,0,0.1304657911524584,2.0,77.5,38.75,5.0,3.0,2,0.0,0.0,2.0,1
154490,0,0,0.16930137600418355,1.0,11.1,11.1,9.0,2.0,0,0.0,0.0,0.0,4
154502,0,0,0.2642079158314724,6.0,79.2,13.200000000000001,2.8333333333333335,7.0,16,0.0,0.0,1.0,2
154514,0,0,0.005477875684913493,9.0,241.4,26.822222222222223,4.777777777777778,9.0,14,0.0,0.0,24.0,4
154519,0,0,0.20456750062597687,3.0,56.599999999999994,18.866666666666664,2.6666666666666665,4.0,7,0.0,0.0,2.0,3
154522,0,0,0.12501662149007553,5.0,75.69999999999999,15.139999999999997,2.0,6.0,15,0.0,0.0,9.0,4
154524,0,0,0.0691556438051761,6.0,181.3,30.21666666666667,4.5,7.0,15,0.0,0.0,3.0,1
154526,0,0,0.03741672220800962,5.0,189.9,37.980000000000004,4.2,6.0,12,0.0,0.0,7.0,3
154542,0,0,0.14407900179032013,2.0,57.0,28.5,7.0,3.0,4,0.0,0.0,1.0,1
154558,0,0,0.17335096703130035,2.0,47.5,23.75,6.0,3.0,10,0.0,0.0,1.0,4
154562,0,0,0.21184294295278994,2.0,36.4,18.2,4.5,3.0,12,0.0,0.0,1.0,4
154563,0,0,0.2188297547103777,1.0,21.0,21.0,5.0,2.0,0,0.0,0.0,0.0,2
154564,0,0,0.16872800812883879,7.0,123.3,17.614285714285714,2.7142857142857144,7.0,12,0.0,0.0,3.0,4
154573,0,0,0.24206452298232473,4.0,52.5,13.125,2.5,5.0,12,0.0,0.0,2.0,1
154575,0,0,0.2973114963874646,2.0,16.2,8.1,3.0,3.0,17,0.0,0.0,0.0,4
154586,1,0,0.25213572704387405,5.0,31.7,6.34,2.6,6.0,10,0.0,0.0,5.0,3
154589,0,0,0.2435719169297868,2.0,15.299999999999999,7.6499999999999995,4.0,5.0,17,1.0,1.99,2.0,4
154604,0,0,0.0784152545307119,5.0,119.9,23.98,3.2,6.0,12,0.0,0.0,8.0,4
154607,0,0,0.2649346910859336,2.0,21.599999999999998,10.799999999999999,3.0,4.0,18,0.0,0.0,1.0,4
154617,0,0,0.227236066519444,3.0,69.3,23.099999999999998,1.3333333333333333,4.0,11,1.0,9.99,1.0,1
154624,0,0,0.06270610770144801,7.0,165.7,23.67142857142857,4.428571428571429,10.0,18,0.0,0.0,7.0,1
154637,0,0,0.19282664582662615,1.0,31.6,31.6,4.0,2.0,2,0.0,0.0,2.0,4
154641,0,0,0.24467507520840023,3.0,39.3,13.1,2.0,4.0,7,0.0,0.0,2.0,1
154644,0,0,0.06532264219160352,4.0,180.9,45.225,3.5,5.0,5,0.0,0.0,2.0,4
154646,0,0,0.2746027131798593,2.0,30.299999999999997,15.149999999999999,2.0,3.0,3,0.0,0.0,0.0,1
154652,0,0,0.11038682532360677,4.0,73.1,18.275,6.75,5.0,14,0.0,0.0,5.0,1
154666,0,0,0.230294104780786,2.0,16.8,8.4,3.0,3.0,15,0.0,0.0,3.0,4
154684,0,0,0.22646731105591394,3.0,38.8,12.933333333333332,3.3333333333333335,4.0,8,0.0,0.0,2.0,4
154690,0,0,0.03842586798466336,3.0,174.1,58.03333333333333,6.333333333333333,4.0,10,0.0,0.0,5.0,4
154697,0,0,0.2673081125180191,1.0,3.7,3.7,3.0,2.0,0,0.0,0.0,0.0,1
154715,0,0,0.2829101959321499,1.0,14.8,14.8,2.0,2.0,5,0.0,0.0,0.0,4
154720,0,0,0.2012601272255518,3.0,27.0,9.0,3.6666666666666665,4.0,4,0.0,0.0,4.0,4
154724,0,0,0.20288876124996705,2.0,36.9,18.45,3.5,3.0,5,0.0,0.0,2.0,4
154729,0,0,0.07519914810437588,4.0,96.0,24.0,7.25,5.0,9,0.0,0.0,6.0,3
154737,0,0,0.17537763244113258,3.0,66.9,22.3,2.3333333333333335,4.0,5,0.0,0.0,3.0,4
154741,0,0,0.24433118986634375,5.0,50.7,10.14,3.0,6.0,7,0.0,0.0,3.0,4
154743,0,0,0.2169630382635998,2.0,38.4,19.2,2.5,3.0,6,0.0,0.0,2.0,4
154745,0,0,0.25622785150728117,1.0,59.3,59.3,1.0,2.0,1,0.0,0.0,0.0,4
154747,0,0,0.1575667978076474,3.0,69.4,23.133333333333336,6.0,4.0,9,0.0,0.0,1.0,4
154750,0,0,0.2671602466878908,2.0,14.899999999999999,7.449999999999999,2.0,3.0,11,0.0,0.0,2.0,3
154752,0,0,0.25138145972921416,2.0,36.4,18.2,3.0,3.0,6,0.0,0.0,0.0,4
154754,0,0,0.29205916839667595,2.0,5.0,2.5,3.0,3.0,14,0.0,0.0,1.0,4
154760,0,0,0.13629685768271232,3.0,82.0,27.333333333333332,5.0,4.0,4,0.0,0.0,2.0,4
154761,0,0,0.24755616507235326,3.0,27.599999999999998,9.2,2.3333333333333335,4.0,12,0.0,0.0,3.0,4
154766,0,0,0.26068492424378054,1.0,15.8,15.8,3.0,2.0,2,0.0,0.0,0.0,4
154794,0,0,0.28659209391479606,1.0,3.1,3.1,2.0,2.0,0,0.0,0.0,0.0,1
154810,0,0,0.03750129897427871,8.0,200.4,25.05,5.25,9.0,16,0.0,0.0,9.0,4
154811,0,0,0.1990596078938587,3.0,42.9,14.299999999999999,4.333333333333333,4.0,2,0.0,0.0,2.0,4
154820,0,0,0.1369418995670856,4.0,44.0,11.0,3.0,5.0,18,0.0,0.0,9.0,1
154825,0,0,0.08399125592629396,8.0,153.5,19.1875,3.25,9.0,18,0.0,0.0,8.0,1
154826,0,0,0.2267981086493877,2.0,22.0,11.0,3.5,3.0,8,0.0,0.0,2.0,3
154832,0,0,0.20877561363665748,2.0,50.9,25.45,4.0,3.0,2,0.0,0.0,0.0,4
154839,1,0,0.23423637566480013,1.0,23.2,23.2,4.0,2.0,2,0.0,0.0,0.0,1
154843,0,0,0.14934307301656413,3.0,98.80000000000001,32.93333333333334,3.0,4.0,2,0.0,0.0,1.0,2
154844,0,0,0.09246239418448737,3.0,95.8,31.933333333333334,4.666666666666667,4.0,5,0.0,0.0,5.0,4
154845,0,0,0.18464595925940142,4.0,54.7,13.675,3.5,5.0,9,0.0,0.0,4.0,3
154868,0,0,0.09995941637426818,4.0,113.6,28.4,4.5,6.0,15,0.0,0.0,4.0,4
154880,0,0,0.24455949945530273,1.0,11.2,11.2,4.0,2.0,2,0.0,0.0,0.0,1
154888,0,0,0.2239688787031398,4.0,47.8,11.95,3.0,5.0,12,0.0,0.0,3.0,2
154896,0,0,0.19960256385929254,4.0,51.7,12.925,3.75,5.0,3,0.0,0.0,3.0,4
154899,0,0,0.11745646546917282,3.0,112.60000000000001,37.53333333333334,2.6666666666666665,5.0,15,0.0,0.0,3.0,2
154901,0,0,0.21912838967589388,2.0,23.1,11.55,5.0,3.0,6,0.0,0.0,1.0,4
154902,0,0,0.178816017812841,1.0,35.7,35.7,7.0,2.0,0,0.0,0.0,0.0,3
154906,1,0,0.24437269946789392,5.0,59.2,11.84,3.4,6.0,13,0.0,0.0,2.0,3
154910,0,0,0.1593058366518187,4.0,91.6,22.9,3.5,5.0,11,0.0,0.0,2.0,2
154927,0,0,0.22235180666101717,1.0,15.7,15.7,5.0,2.0,0,0.0,0.0,0.0,1
154932,0,0,0.29790413567622326,2.0,12.700000000000001,6.3500000000000005,3.0,3.0,11,0.0,0.0,0.0,4
154935,0,0,0.17555288901540977,4.0,63.6,15.9,4.25,5.0,9,0.0,0.0,3.0,2
154942,0,0,0.1016362256497923,4.0,85.2,21.3,4.0,5.0,12,0.0,0.0,7.0,4
154951,0,0,0.2162316912481702,1.0,7.4,7.4,6.0,2.0,2,0.0,0.0,0.0,3
154956,0,0,0.14525072051141924,5.0,83.3,16.66,3.6,6.0,8,0.0,0.0,5.0,4
154960,0,0,0.18804729194170264,5.0,97.2,19.44,2.4,6.0,14,0.0,0.0,2.0,3
154967,0,0,0.18548232612270693,4.0,87.9,21.975,3.25,5.0,12,0.0,0.0,1.0,3
154968,0,0,0.06560817512694954,4.0,154.2,38.55,2.25,5.0,13,0.0,0.0,6.0,4
154973,0,0,0.23512294918571866,2.0,43.699999999999996,21.849999999999998,3.0,3.0,1,0.0,0.0,0.0,4
154985,0,0,0.18911052559867403,4.0,74.9,18.725,2.0,5.0,8,0.0,0.0,3.0,4
154987,0,0,0.2944855574156472,4.0,43.099999999999994,10.774999999999999,2.75,5.0,4,0.0,0.0,0.0,2
154988,0,0,0.09465092135712669,3.0,93.3,31.099999999999998,4.666666666666667,4.0,6,0.0,0.0,5.0,3
154991,0,0,0.16336962536516955,2.0,62.2,31.1,5.5,4.0,15,0.0,0.0,1.0,3
154995,0,0,0.16701104430934097,3.0,64.3,21.433333333333334,4.333333333333333,4.0,4,0.0,0.0,2.0,3
155001,0,0,0.28350055138774727,1.0,10.2,10.2,2.0,2.0,1,0.0,0.0,0.0,4
155002,0,0,0.1829375814513495,6.0,68.8,11.466666666666667,3.3333333333333335,6.0,14,0.0,0.0,6.0,4
155006,0,0,0.15758639017523038,3.0,78.2,26.066666666666666,2.6666666666666665,4.0,9,0.0,0.0,3.0,4
155013,0,0,0.2473551125042746,3.0,49.3,16.433333333333334,2.3333333333333335,4.0,15,0.0,0.0,1.0,1
155024,0,0,0.2620186465814173,2.0,38.0,19.0,2.0,3.0,1,0.0,0.0,0.0,4
155029,0,0,0.1089646772371435,4.0,79.6,19.9,4.25,5.0,12,1.0,99.99,4.0,3
155031,1,0,0.2613704063126871,5.0,48.800000000000004,9.760000000000002,3.6,6.0,10,0.0,0.0,2.0,4
155043,0,0,0.22285032329874338,2.0,35.4,17.7,3.5,3.0,4,0.0,0.0,1.0,4
155045,0,0,0.20695956537595672,2.0,31.1,15.55,2.5,3.0,3,0.0,0.0,3.0,4
155062,0,0,0.16117439208641435,3.0,78.0,26.0,3.3333333333333335,4.0,4,0.0,0.0,2.0,4
155082,0,0,0.27251599309452046,1.0,1.0,1.0,3.0,2.0,0,0.0,0.0,0.0,4
155083,0,0,0.2516586603580486,2.0,38.6,19.3,2.0,3.0,17,0.0,0.0,1.0,1
155093,0,0,0.25148602100431633,2.0,34.8,17.4,3.5,3.0,14,0.0,0.0,0.0,3
155094,0,0,0.1387115651854796,1.0,27.3,27.3,9.0,4.0,16,0.0,0.0,2.0,4
155096,0,0,0.18061106995184267,3.0,63.99999999999999,21.333333333333332,5.666666666666667,4.0,2,0.0,0.0,0.0,4
155107,1,0,0.23555347580719163,2.0,37.3,18.65,2.5,3.0,3,0.0,0.0,1.0,4
155114,0,0,0.29269305051121924,3.0,33.8,11.266666666666666,3.0,4.0,17,0.0,0.0,0.0,4
155124,0,0,0.07084021303065985,6.0,143.9,23.983333333333334,2.8333333333333335,6.0,9,0.0,0.0,8.0,3
155126,0,0,0.25553474198318765,1.0,19.5,19.5,3.0,2.0,0,0.0,0.0,0.0,4
155137,0,0,0.23673314475234072,4.0,60.1,15.025,3.0,5.0,7,0.0,0.0,1.0,4
155138,0,0,0.1548292178032568,4.0,75.89999999999999,18.974999999999998,5.5,5.0,7,0.0,0.0,2.0,2
155139,0,0,0.1956892392401678,3.0,74.6,24.866666666666664,2.6666666666666665,4.0,10,0.0,0.0,1.0,4
155142,0,0,0.1364675627638593,6.0,119.2,19.866666666666667,3.0,6.0,14,0.0,0.0,4.0,1
155144,0,0,0.21504366648201836,3.0,55.0,18.333333333333332,3.0,4.0,2,0.0,0.0,1.0,1
155149,1,0,0.24484027895528016,2.0,53.0,26.5,2.0,3.0,10,0.0,0.0,0.0,4
155156,1,0,0.2614274300214442,2.0,32.6,16.3,2.5,3.0,3,0.0,0.0,0.0,1
155166,0,0,0.1134718969178881,5.0,94.8,18.96,3.2,7.0,16,0.0,0.0,7.0,4
155169,0,0,0.2119509269320304,3.0,54.8,18.266666666666666,2.3333333333333335,4.0,5,0.0,0.0,2.0,4
155170,1,0,0.19741784882415264,4.0,45.300000000000004,11.325000000000001,4.0,6.0,16,0.0,0.0,4.0,3
155179,0,0,0.15999758517564525,3.0,65.7,21.900000000000002,4.0,4.0,14,0.0,0.0,3.0,2
155193,0,0,0.12102061008756805,4.0,96.7,24.175,4.0,5.0,10,0.0,0.0,4.0,4
155196,0,0,0.21718535123011457,2.0,34.4,17.2,4.0,3.0,6,0.0,0.0,1.0,3
155201,0,0,0.21528422241436565,2.0,26.0,13.0,2.5,3.0,4,0.0,0.0,3.0,4
155208,0,0,0.23444621049475717,1.0,19.7,19.7,2.0,2.0,6,0.0,0.0,2.0,1
155219,0,0,0.2642378339234491,3.0,30.9,10.299999999999999,3.0,4.0,6,0.0,0.0,1.0,2
155222,0,0,0.28107148465690673,2.0,21.9,10.95,2.5,3.0,2,0.0,0.0,0.0,3
155228,0,0,0.30857466212235163,0.0,0.0,0.0,0.0,1.0,16,0.0,0.0,0.0,3
155238,0,0,0.06666509913181992,7.0,165.0,23.571428571428573,3.5714285714285716,7.0,8,0.0,0.0,7.0,2
155245,0,0,0.2916353351514654,1.0,0.8,0.8,2.0,2.0,0,0.0,0.0,0.0,4
155247,0,0,0.044681426917520466,5.0,182.1,36.42,4.2,6.0,8,0.0,0.0,6.0,4
155248,0,0,0.2098702000976729,5.0,55.0,11.0,3.8,6.0,15,0.0,0.0,4.0,4
155249,0,0,0.26711949010001146,1.0,4.9,4.9,3.0,2.0,1,0.0,0.0,0.0,1
155252,0,0,0.05521969299614308,8.0,188.9,23.6125,4.375,8.0,10,0.0,0.0,7.0,1
155264,0,0,0.19983925943909406,4.0,61.0,15.25,3.0,5.0,12,0.0,0.0,3.0,2
155265,0,0,0.26205303416201614,2.0,34.5,17.25,1.5,3.0,8,0.0,0.0,1.0,4
155268,0,0,0.14546334774047145,2.0,51.9,25.95,4.5,4.0,18,0.0,0.0,4.0,2
155276,0,0,0.18990862729718838,3.0,42.900000000000006,14.300000000000002,3.0,4.0,13,0.0,0.0,4.0,1
155280,0,0,0.2316306780062599,3.0,21.7,7.233333333333333,5.0,4.0,11,0.0,0.0,2.0,3
155286,0,0,0.1355236966848933,4.0,78.0,19.5,4.5,5.0,10,1.0,119.97999999999999,1.0,3
155292,0,0,0.2821200342497908,1.0,12.7,12.7,2.0,2.0,4,0.0,0.0,0.0,2
155294,0,0,0.242462224085241,4.0,56.8,14.2,3.0,5.0,6,0.0,0.0,1.0,4
155319,0,0,0.22484891491130246,3.0,35.0,11.666666666666666,2.6666666666666665,4.0,8,0.0,0.0,3.0,4
155328,0,0,0.14475776754715478,5.0,90.8,18.16,5.2,6.0,12,0.0,0.0,3.0,2
155330,0,0,0.057696028242538284,5.0,148.7,29.74,4.2,6.0,9,0.0,0.0,7.0,3
155357,0,0,0.1570038842644453,4.0,58.6,14.65,4.0,5.0,9,0.0,0.0,5.0,4
155361,0,0,0.27526556450398987,1.0,25.2,25.2,1.0,2.0,11,0.0,0.0,1.0,4
155366,0,0,0.10183579962094556,3.0,58.8,19.599999999999998,8.666666666666666,4.0,3,0.0,0.0,4.0,4
155372,1,0,0.2191810074498678,5.0,86.30000000000001,17.26,2.6,6.0,9,0.0,0.0,1.0,3
155374,0,0,0.2716431279033246,1.0,1.0,1.0,3.0,2.0,1,0.0,0.0,0.0,2
155377,0,0,0.26060091587101275,1.0,13.9,13.9,3.0,2.0,0,0.0,0.0,0.0,4
155379,0,0,0.03311681721408498,4.0,191.4,47.85,2.75,5.0,4,0.0,0.0,8.0,4
155384,0,0,0.1832674335235268,3.0,67.6,22.53333333333333,4.0,4.0,5,0.0,0.0,1.0,3
155407,0,0,0.2149985900147884,6.0,80.5,13.416666666666666,2.3333333333333335,6.0,9,1.0,1.99,4.0,4
155416,0,0,0.039792900792105845,7.0,194.9,27.842857142857145,3.5714285714285716,8.0,15,0.0,0.0,9.0,3
155431,0,0,0.15139591701342203,6.0,95.0,15.833333333333334,6.0,6.0,15,0.0,0.0,3.0,2
155432,1,0,0.25402692828237455,3.0,51.7,17.233333333333334,2.6666666666666665,4.0,8,0.0,0.0,0.0,4
155435,0,0,0.19877506735679376,4.0,58.2,14.55,3.25,5.0,10,0.0,0.0,3.0,1
155438,0,0,0.15085791796638576,3.0,70.0,23.333333333333332,6.333333333333333,4.0,6,0.0,0.0,1.0,4
155442,0,0,0.08860226862892596,3.0,116.3,38.766666666666666,4.0,4.0,3,0.0,0.0,4.0,4
155446,1,0,0.31251749119199806,4.0,29.5,7.375,2.75,5.0,13,0.0,0.0,1.0,3
155474,0,0,0.13234479772439972,3.0,36.3,12.1,3.3333333333333335,4.0,5,0.0,0.0,8.0,4
155475,1,0,0.2895204926071865,3.0,21.8,7.266666666666667,3.0,4.0,13,0.0,0.0,1.0,2
155477,0,0,0.32164855224429617,2.0,16.0,8.0,1.5,3.0,12,0.0,0.0,0.0,3
155483,0,0,0.19373203787583804,2.0,34.8,17.4,3.5,5.0,17,0.0,0.0,3.0,2
155494,0,0,0.06977830396644613,5.0,163.7,32.739999999999995,3.6,6.0,5,0.0,0.0,4.0,4
155502,0,0,0.24433783834244702,3.0,41.1,13.700000000000001,3.0,4.0,4,0.0,0.0,1.0,4
155515,0,0,0.21727267420311933,1.0,6.5,6.5,5.0,2.0,7,0.0,0.0,1.0,2
155520,0,0,0.13090269228306678,6.0,101.1,16.849999999999998,5.666666666666667,6.0,11,0.0,0.0,4.0,2
155527,0,0,0.2196770659272814,2.0,49.400000000000006,24.700000000000003,3.5,3.0,3,0.0,0.0,0.0,4
155549,0,0,0.19469267654116854,2.0,32.2,16.1,4.5,3.0,7,0.0,0.0,2.0,2
155558,0,0,0.2905120350397412,1.0,6.0,6.0,2.0,2.0,6,0.0,0.0,0.0,2
155559,0,0,0.1353291721110609,4.0,105.89999999999999,26.474999999999998,4.25,6.0,18,0.0,0.0,2.0,4
155586,0,0,0.25007431358295806,1.0,13.8,13.8,4.0,2.0,8,0.0,0.0,0.0,4
155598,0,0,0.20544141192509477,4.0,54.4,13.6,3.5,5.0,12,0.0,0.0,3.0,4
155603,0,0,0.3040723079669161,1.0,8.0,8.0,1.0,2.0,0,0.0,0.0,0.0,4
155607,0,0,0.28842981950792074,3.0,37.3,12.433333333333332,2.6666666666666665,5.0,15,0.0,0.0,0.0,4
155612,0,0,0.18579158871738552,4.0,53.7,13.425,5.0,6.0,15,0.0,0.0,3.0,4
155623,0,0,0.08543524994778973,7.0,133.6,19.085714285714285,3.857142857142857,9.0,16,0.0,0.0,8.0,4
155641,0,0,0.2733050179585481,2.0,6.1,3.05,1.5,4.0,15,0.0,0.0,3.0,4
155643,0,0,0.11811576848474703,7.0,82.1,11.728571428571428,4.0,7.0,10,0.0,0.0,10.0,4
155651,0,0,0.01150104478640245,6.0,270.0,45.0,5.166666666666667,6.0,15,0.0,0.0,10.0,3
155663,1,0,0.33873009513283137,2.0,9.2,4.6,1.5,4.0,16,0.0,0.0,0.0,4
155668,0,0,0.2495763297866942,1.0,3.5,3.5,4.0,2.0,0,0.0,0.0,0.0,1
155675,0,0,0.25285295390095097,3.0,42.0,14.0,3.0,5.0,18,0.0,0.0,1.0,3
155676,0,0,0.2309588989789675,1.0,8.2,8.2,5.0,2.0,0,0.0,0.0,0.0,4
155683,0,0,0.11520896823606101,4.0,104.8,26.2,3.75,5.0,13,0.0,0.0,4.0,3
155684,0,0,0.07001924090785934,7.0,153.6,21.942857142857143,3.5714285714285716,7.0,14,0.0,0.0,8.0,2
155694,1,0,0.22985257471293297,4.0,59.1,14.775,2.5,5.0,12,0.0,0.0,2.0,2
155700,0,0,0.21633794196225328,6.0,90.3,15.049999999999999,3.0,6.0,14,0.0,0.0,2.0,1
155704,0,0,0.06409066871602706,3.0,119.2,39.733333333333334,3.0,4.0,9,0.0,0.0,8.0,4
155708,0,0,0.2611891455889784,4.0,37.2,9.3,3.0,5.0,5,0.0,0.0,2.0,4
155710,0,0,0.20844766124675077,1.0,53.9,53.9,4.0,2.0,1,0.0,0.0,0.0,1
155716,0,0,0.07086092745079549,4.0,94.6,23.65,3.75,6.0,17,0.0,0.0,10.0,4
155740,0,0,0.22837059671512885,5.0,51.8,10.36,5.0,6.0,10,0.0,0.0,2.0,1
155744,0,0,0.20588181550127077,2.0,42.900000000000006,21.450000000000003,5.0,3.0,4,0.0,0.0,0.0,3
155747,0,0,0.21424712636053483,3.0,48.6,16.2,4.0,4.0,4,0.0,0.0,1.0,4
155751,0,0,0.3164751096046317,2.0,13.4,6.7,2.0,3.0,11,0.0,0.0,0.0,4
155755,0,0,0.2405683005192291,2.0,11.2,5.6,3.5,3.0,3,0.0,0.0,2.0,4
155766,1,0,0.11750592720001397,6.0,96.7,16.116666666666667,4.166666666666667,7.0,16,0.0,0.0,7.0,2
155767,0,0,0.25171913158599163,3.0,29.8,9.933333333333334,5.0,4.0,4,0.0,0.0,0.0,4
155769,0,0,0.29454044575414723,3.0,37.199999999999996,12.399999999999999,2.3333333333333335,4.0,15,0.0,0.0,0.0,2
155772,0,0,0.06283418415889196,5.0,142.5,28.5,3.0,6.0,12,0.0,0.0,8.0,4
155784,0,0,0.24575823823367549,1.0,10.1,10.1,3.0,2.0,3,0.0,0.0,1.0,4
155785,0,0,0.1821413998619812,2.0,60.0,30.0,5.0,3.0,3,0.0,0.0,0.0,4
155788,0,0,0.09619385390933849,3.0,80.3,26.766666666666666,4.0,6.0,17,0.0,0.0,7.0,4
155789,0,0,0.22071403423411892,3.0,27.3,9.1,3.6666666666666665,4.0,6,0.0,0.0,3.0,4
155796,0,0,0.30895205220917676,3.0,34.3,11.433333333333332,1.6666666666666667,4.0,9,0.0,0.0,0.0,3
155811,0,0,0.26320456384974295,1.0,15.4,15.4,2.0,2.0,8,0.0,0.0,1.0,4
155821,0,0,0.1296996985192786,3.0,52.7,17.566666666666666,3.3333333333333335,6.0,18,0.0,0.0,7.0,1
155827,0,0,0.07254938909542913,8.0,131.4,16.425,4.0,8.0,10,0.0,0.0,11.0,3
155830,0,0,0.2310687448698751,2.0,20.0,10.0,2.5,3.0,13,0.0,0.0,3.0,3
155835,0,0,0.2697959479298786,1.0,23.7,23.7,2.0,2.0,0,0.0,0.0,0.0,4
155841,0,0,0.23802575802009346,3.0,24.299999999999997,8.1,3.0,4.0,8,0.0,0.0,3.0,3
155845,0,0,0.25341625223008707,4.0,16.9,4.225,3.5,5.0,7,0.0,0.0,4.0,3
155848,0,0,0.01803189127079373,4.0,179.5,44.875,5.25,5.0,11,0.0,0.0,13.0,4
155850,0,0,0.23818966367233205,3.0,35.6,11.866666666666667,2.0,4.0,12,0.0,0.0,3.0,4
155861,0,0,0.08275509597431879,3.0,87.30000000000001,29.100000000000005,5.666666666666667,4.0,4,0.0,0.0,6.0,4
155865,1,0,0.2734773926192335,2.0,43.9,21.95,1.5,4.0,16,0.0,0.0,0.0,4
155879,0,0,0.09600932228894168,5.0,102.7,20.54,3.8,6.0,12,1.0,19.99,7.0,1
155891,0,0,0.031590114814362996,6.0,168.5,28.083333333333332,5.5,6.0,12,0.0,0.0,11.0,4
155904,0,0,0.09578577458549553,5.0,93.10000000000001,18.62,4.8,6.0,5,0.0,0.0,7.0,1
155906,0,0,0.13544998887282508,3.0,83.2,27.733333333333334,3.6666666666666665,4.0,5,0.0,0.0,3.0,1
155911,0,0,0.08289424568667997,6.0,156.7,26.116666666666664,3.1666666666666665,6.0,12,0.0,0.0,5.0,4
155919,0,0,0.29811033855965957,2.0,23.1,11.55,1.5,3.0,2,0.0,0.0,0.0,3
155924,0,0,0.23776154009881503,1.0,2.2,2.2,5.0,2.0,3,0.0,0.0,0.0,3
155942,1,0,0.2890179219366555,2.0,33.7,16.85,1.5,4.0,16,0.0,0.0,0.0,1
155944,0,0,0.10110429033087202,4.0,90.0,22.5,3.5,5.0,12,0.0,0.0,7.0,4
155949,1,0,0.21114487808357965,1.0,16.5,16.5,4.0,2.0,11,0.0,0.0,2.0,4
155959,1,0,0.11699574274618724,4.0,73.6,18.4,4.5,5.0,5,0.0,0.0,6.0,4
155962,0,0,0.2882307355218371,1.0,4.3,4.3,2.0,2.0,0,0.0,0.0,0.0,4
155974,0,0,0.20486453875720878,3.0,62.8,20.933333333333334,3.0,4.0,5,0.0,0.0,1.0,2
155979,0,0,0.2758445460723157,2.0,24.3,12.15,2.5,3.0,1,0.0,0.0,0.0,3
155983,0,0,0.3368633859313815,3.0,12.899999999999999,4.3,1.6666666666666667,4.0,12,0.0,0.0,1.0,4
155986,0,0,0.2546536335485077,3.0,21.2,7.066666666666666,2.3333333333333335,4.0,8,0.0,0.0,3.0,2
155990,0,0,0.13481874106474095,2.0,49.9,24.95,5.0,3.0,4,0.0,0.0,4.0,2
155991,0,0,0.2906413320874317,1.0,6.8,6.8,2.0,2.0,5,0.0,0.0,0.0,4
155992,0,0,0.023053744909446852,8.0,203.9,25.4875,4.25,9.0,16,0.0,0.0,14.0,4
155994,0,0,0.2602551724990499,3.0,43.5,14.5,1.6666666666666667,6.0,18,1.0,1.99,2.0,3
155998,0,0,0.08637431151474252,6.0,143.1,23.849999999999998,4.333333333333333,6.0,13,0.0,0.0,5.0,2
156023,0,0,0.10239004454324976,6.0,68.0,11.333333333333334,3.5,6.0,14,0.0,0.0,12.0,3
156030,0,0,0.16978687623081606,4.0,74.1,18.525,3.25,5.0,5,0.0,0.0,3.0,2
156034,0,0,0.19532342063899277,3.0,28.8,9.6,4.333333333333333,6.0,16,0.0,0.0,4.0,4
156035,0,0,0.260331358834359,2.0,31.299999999999997,15.649999999999999,2.0,3.0,10,0.0,0.0,1.0,4
156051,0,0,0.21025930069060253,3.0,53.4,17.8,3.0,4.0,14,0.0,0.0,2.0,3
156071,0,0,0.12608137652402207,3.0,74.8,24.933333333333334,4.333333333333333,4.0,3,0.0,0.0,4.0,4
156080,0,0,0.09260211257017156,5.0,148.29999999999998,29.659999999999997,4.4,6.0,5,0.0,0.0,2.0,1
156084,0,0,0.13244776548521048,5.0,129.1,25.82,2.6,6.0,13,1.0,21.979999999999997,2.0,1
156086,0,0,0.172449586481574,4.0,59.300000000000004,14.825000000000001,3.75,5.0,7,0.0,0.0,4.0,3
156106,0,0,0.24262775131033462,3.0,36.1,12.033333333333333,2.6666666666666665,4.0,8,0.0,0.0,2.0,4
156111,0,0,0.2638918846161418,1.0,10.3,10.3,3.0,2.0,0,0.0,0.0,0.0,4
156114,0,0,0.22591035605328424,1.0,53.9,53.9,3.0,2.0,2,0.0,0.0,0.0,2
156119,0,0,0.13328525166516048,6.0,123.89999999999999,20.65,2.5,6.0,7,0.0,0.0,4.0,4
156121,0,0,0.15696283034041594,3.0,97.8,32.6,2.0,4.0,14,0.0,0.0,2.0,4
156126,0,0,0.2606504878405146,2.0,10.600000000000001,5.300000000000001,4.0,3.0,12,0.0,0.0,1.0,3
156139,0,0,0.26169141423819414,1.0,13.7,13.7,3.0,2.0,1,0.0,0.0,0.0,4
156141,0,0,0.28768079725918455,2.0,14.399999999999999,7.199999999999999,3.5,4.0,16,0.0,0.0,0.0,3
156148,0,0,0.2753916476728283,2.0,30.900000000000002,15.450000000000001,2.5,3.0,12,0.0,0.0,0.0,4
156152,0,0,0.26510373700589085,2.0,15.200000000000001,7.6000000000000005,4.0,3.0,4,0.0,0.0,0.0,1
156156,0,0,0.23240231375739326,2.0,37.900000000000006,18.950000000000003,3.0,5.0,16,0.0,0.0,1.0,1
156164,0,0,0.2231000888481267,3.0,41.5,13.833333333333334,4.666666666666667,4.0,6,1.0,4.99,1.0,3
156171,0,0,0.14163273192483894,5.0,92.4,18.48,4.2,6.0,9,1.0,9.99,4.0,3
156174,0,0,0.26985972730386826,1.0,5.9,5.9,3.0,2.0,4,0.0,0.0,0.0,2
156191,0,0,0.20102968262294288,2.0,34.7,17.35,2.5,3.0,3,0.0,0.0,3.0,3
156199,0,0,0.12021971140648852,3.0,79.1,26.366666666666664,3.6666666666666665,4.0,14,0.0,0.0,5.0,1
156206,1,0,0.2776727515003201,1.0,2.5,2.5,3.0,2.0,7,0.0,0.0,0.0,4
156209,0,0,0.2521186670367562,1.0,2.9,2.9,3.0,2.0,3,0.0,0.0,1.0,4
156211,0,0,0.26030545521829296,6.0,72.5,12.083333333333334,2.6666666666666665,6.0,12,0.0,0.0,2.0,4
156215,0,0,0.06506608226820869,6.0,171.0,28.5,4.166666666666667,7.0,16,0.0,0.0,5.0,1
156236,0,0,0.12204943961967246,4.0,105.5,26.375,4.25,5.0,14,0.0,0.0,3.0,4
156237,0,0,0.13824196269621916,5.0,80.7,16.14,3.4,6.0,9,0.0,0.0,6.0,4
156249,0,0,0.21315590364737658,4.0,43.6,10.9,5.25,5.0,9,0.0,0.0,2.0,3
156258,0,0,0.20375737726312457,4.0,67.6,16.9,3.25,5.0,14,0.0,0.0,2.0,2
156261,0,0,0.2674344879268727,4.0,42.699999999999996,10.674999999999999,3.25,5.0,9,0.0,0.0,1.0,1
156265,0,0,0.12022196479999656,6.0,128.4,21.400000000000002,3.8333333333333335,6.0,13,1.0,99.99,1.0,1
156268,0,0,0.2448802118194967,3.0,17.6,5.866666666666667,3.6666666666666665,5.0,15,0.0,0.0,3.0,4
156274,0,0,0.20297633740924306,1.0,41.2,41.2,5.0,2.0,1,0.0,0.0,0.0,1
156277,0,0,0.1266615058005387,5.0,141.9,28.380000000000003,3.0,6.0,10,0.0,0.0,1.0,4
156281,0,0,0.2866132246831631,1.0,15.0,15.0,2.0,2.0,11,0.0,0.0,0.0,2
156291,0,0,0.24869150712180157,2.0,30.099999999999998,15.049999999999999,3.5,3.0,1,0.0,0.0,0.0,4
156309,0,0,0.25137372747295555,4.0,29.099999999999998,7.2749999999999995,4.5,5.0,5,0.0,0.0,2.0,4
156310,0,0,0.010046104650430139,9.0,288.7,32.077777777777776,5.111111111111111,10.0,17,0.0,0.0,13.0,2
156319,0,0,0.25297168911173473,1.0,12.0,12.0,3.0,2.0,16,0.0,0.0,1.0,1
156324,0,0,0.21884268668941725,1.0,42.7,42.7,4.0,2.0,0,0.0,0.0,0.0,4
156329,0,0,0.15164531230792114,4.0,60.199999999999996,15.049999999999999,4.0,5.0,4,0.0,0.0,5.0,4
156334,0,0,0.2482593410483808,2.0,23.700000000000003,11.850000000000001,3.0,3.0,2,0.0,0.0,1.0,4
156338,0,0,0.20161621006120034,2.0,50.099999999999994,25.049999999999997,4.5,3.0,4,0.0,0.0,0.0,1
156344,0,0,0.3149460677452094,1.0,5.2,5.2,1.0,2.0,8,0.0,0.0,0.0,4
156345,0,0,0.1279226099079366,5.0,113.1,22.619999999999997,5.2,6.0,11,0.0,0.0,2.0,3
156349,1,0,0.2589424986459636,2.0,16.0,8.0,2.5,3.0,14,0.0,0.0,2.0,3
156360,0,0,0.04983048323345848,4.0,178.7,44.675,5.5,5.0,5,0.0,0.0,3.0,1
156363,0,0,0.24504107311982296,3.0,26.0,8.666666666666666,3.3333333333333335,4.0,2,0.0,0.0,2.0,4
156371,0,0,0.24103829737362414,1.0,38.3,38.3,2.0,2.0,6,0.0,0.0,1.0,4
156380,0,0,0.1915800436567741,5.0,88.6,17.72,3.4,6.0,17,0.0,0.0,2.0,4
156384,0,0,0.1713603757302862,4.0,61.3,15.325,3.5,5.0,7,0.0,0.0,4.0,1
156387,0,0,0.26000660791268976,4.0,61.1,15.275,1.75,5.0,11,0.0,0.0,1.0,4
156393,0,0,0.1659780043475183,4.0,81.3,20.325,3.0,5.0,11,0.0,0.0,3.0,2
156410,0,0,0.24509072086661374,4.0,62.2,15.55,3.75,5.0,13,0.0,0.0,0.0,4
156425,0,0,0.12477353736698188,5.0,75.2,15.040000000000001,4.4,6.0,14,0.0,0.0,7.0,4
156442,0,0,0.2638838593649046,3.0,28.200000000000003,9.4,3.6666666666666665,4.0,12,0.0,0.0,1.0,3
156443,0,0,0.23363903332496508,1.0,10.0,10.0,5.0,2.0,5,0.0,0.0,0.0,4
156451,0,0,0.1898830833989284,5.0,76.4,15.280000000000001,4.8,6.0,13,0.0,0.0,2.0,4
156470,0,0,0.30689425877472964,2.0,15.3,7.65,2.0,3.0,8,0.0,0.0,0.0,1
156474,0,0,0.23636468452022508,5.0,63.2,12.64,2.0,6.0,10,0.0,0.0,3.0,2
156496,0,0,0.2120292294950231,1.0,26.2,26.2,3.0,2.0,2,0.0,0.0,2.0,4
156499,0,0,0.25616907789134086,1.0,1.0,1.0,4.0,2.0,2,0.0,0.0,0.0,4
156503,1,0,0.2276654948804655,1.0,30.4,30.4,3.0,2.0,5,0.0,0.0,1.0,1
156506,0,0,0.2661111446518581,3.0,29.2,9.733333333333333,2.0,4.0,7,0.0,0.0,2.0,3
156528,0,0,0.23219279612805033,3.0,16.4,5.466666666666666,3.3333333333333335,4.0,14,0.0,0.0,4.0,3
156533,0,0,0.2622162623747298,2.0,20.2,10.1,3.0,3.0,11,0.0,0.0,1.0,4
156547,0,0,0.191261874866485,2.0,15.9,7.95,5.0,3.0,5,0.0,0.0,3.0,2
156548,0,0,0.07769116751444222,6.0,126.9,21.150000000000002,5.166666666666667,6.0,10,0.0,0.0,7.0,4
156556,0,0,0.10722761747395303,5.0,90.0,18.0,3.2,6.0,13,0.0,0.0,8.0,4
156566,0,0,0.3141338761948118,3.0,16.0,5.333333333333333,2.3333333333333335,4.0,10,0.0,0.0,1.0,4
156574,0,0,0.04048203781219821,7.0,203.4,29.057142857142857,4.571428571428571,8.0,15,0.0,0.0,7.0,1
156576,0,0,0.2914401502289201,1.0,1.0,1.0,2.0,2.0,0,0.0,0.0,0.0,4
156583,0,0,0.1507913392222224,4.0,82.30000000000001,20.575000000000003,4.25,5.0,12,0.0,0.0,3.0,4
156587,0,0,0.125931727940658,5.0,115.39999999999999,23.08,3.0,6.0,17,0.0,0.0,4.0,2
156595,0,0,0.23161209210665817,3.0,55.4,18.466666666666665,2.6666666666666665,5.0,16,0.0,0.0,1.0,3
156604,0,0,0.28999449257267756,1.0,6.5,6.5,2.0,2.0,5,0.0,0.0,0.0,3
156610,0,0,0.22151679601033725,2.0,46.5,23.25,2.0,3.0,17,0.0,0.0,2.0,4
156617,0,0,0.17183245469191555,2.0,20.799999999999997,10.399999999999999,5.0,3.0,8,0.0,0.0,4.0,4
156626,0,0,0.15304169414651858,4.0,85.0,21.25,3.75,5.0,14,0.0,0.0,3.0,2
156628,0,0,0.27693569481410557,2.0,39.5,19.75,1.5,3.0,10,0.0,0.0,0.0,4
156640,0,0,0.2890095780186773,1.0,1.6,1.6,2.0,2.0,1,0.0,0.0,0.0,1
156650,0,0,0.31154593328370417,1.0,2.6,2.6,1.0,2.0,3,0.0,0.0,0.0,3
156653,0,0,0.2109958072174013,2.0,27.5,13.75,5.0,3.0,6,0.0,0.0,1.0,2
156658,0,0,0.10030516342772343,4.0,95.2,23.8,5.0,5.0,6,0.0,0.0,5.0,3
156668,0,0,0.12045694814535635,5.0,96.8,19.36,5.4,6.0,8,0.0,0.0,4.0,3
156671,1,0,0.2726961030034131,4.0,23.9,5.975,3.25,5.0,15,0.0,0.0,3.0,4
156675,0,0,0.25163259338986677,1.0,6.1,6.1,4.0,2.0,3,0.0,0.0,0.0,3
156678,0,0,0.023578478840888397,8.0,238.20000000000002,29.775000000000002,5.5,10.0,18,0.0,0.0,9.0,3
156692,0,0,0.3252040221218308,2.0,4.7,2.35,2.5,3.0,14,0.0,0.0,0.0,3
156693,0,0,0.22710812592854573,1.0,16.8,16.8,5.0,2.0,4,0.0,0.0,0.0,4
156695,0,0,0.10187754422145376,4.0,115.5,28.875,4.75,5.0,4,0.0,0.0,3.0,4
156696,0,0,0.2682283462425065,1.0,5.6,5.6,3.0,2.0,0,0.0,0.0,0.0,4
156702,0,0,0.133607273023312,2.0,63.0,31.5,5.0,3.0,3,0.0,0.0,3.0,2
156707,0,0,0.1587394208870974,3.0,79.8,26.599999999999998,4.666666666666667,4.0,9,0.0,0.0,1.0,2
156716,0,0,0.24496183915373695,3.0,44.599999999999994,14.866666666666665,3.6666666666666665,4.0,5,0.0,0.0,0.0,1
156719,0,0,0.1944970147238309,2.0,11.6,5.8,4.0,3.0,3,0.0,0.0,4.0,4
156728,0,0,0.17629048856135396,3.0,40.6,13.533333333333333,3.6666666666666665,4.0,5,1.0,19.99,4.0,1
156730,0,0,0.16052900146237473,2.0,32.8,16.4,3.5,3.0,7,0.0,0.0,5.0,4
156731,0,0,0.01425607464256308,8.0,199.20000000000002,24.900000000000002,4.125,9.0,15,0.0,0.0,19.0,4
156741,0,0,0.1197782505437867,5.0,121.89999999999999,24.38,4.0,6.0,15,0.0,0.0,3.0,4
156761,0,0,0.25422850423134136,1.0,42.2,42.2,1.0,2.0,8,0.0,0.0,1.0,1
156764,0,0,0.08739190277749957,5.0,140.2,28.04,4.4,6.0,16,0.0,0.0,4.0,4
156768,0,0,0.2600678324813077,2.0,37.3,18.65,1.5,3.0,14,0.0,0.0,1.0,1
156780,0,0,0.18255329343310692,2.0,19.0,9.5,3.0,3.0,4,0.0,0.0,5.0,4
156782,0,0,0.07249020264879937,4.0,105.0,26.25,5.75,7.0,18,0.0,0.0,7.0,3
156797,0,0,0.10257372261993566,3.0,76.8,25.599999999999998,4.666666666666667,4.0,4,1.0,99.99,3.0,2
156801,0,0,0.015272542123717694,8.0,214.5,26.8125,4.125,8.0,12,1.0,99.99,14.0,3
156810,1,0,0.27433424580103244,4.0,40.8,10.2,3.25,5.0,12,0.0,0.0,1.0,1
156816,0,0,0.2945041109826982,3.0,22.0,7.333333333333333,2.6666666666666665,4.0,10,0.0,0.0,1.0,4
156831,0,0,0.165699076649644,4.0,50.6,12.65,4.25,5.0,9,0.0,0.0,5.0,4
156832,1,0,0.01772014081434324,8.0,232.4,29.05,4.75,9.0,18,0.0,0.0,13.0,4
156837,1,0,0.24380324148719515,3.0,52.5,17.5,2.3333333333333335,4.0,15,0.0,0.0,1.0,4
156845,0,0,0.22132474126169416,1.0,16.6,16.6,3.0,2.0,4,0.0,0.0,2.0,4
156852,0,0,0.31503728104615153,5.0,52.6,10.52,2.8,6.0,12,0.0,0.0,0.0,4
156853,0,0,0.024146432062022338,8.0,211.9,26.4875,4.0,9.0,18,0.0,0.0,13.0,4
156858,0,0,0.15401903355333388,6.0,100.30000000000001,16.71666666666667,3.8333333333333335,9.0,18,0.0,0.0,4.0,1
156866,0,0,0.27959877413097584,2.0,12.899999999999999,6.449999999999999,2.5,3.0,6,0.0,0.0,1.0,4
156867,0,0,0.3042537756392764,3.0,32.2,10.733333333333334,2.3333333333333335,4.0,12,0.0,0.0,0.0,4
156872,0,0,0.16960440588916503,3.0,61.1,20.366666666666667,5.0,6.0,16,0.0,0.0,2.0,4
156882,0,0,0.21092651906020873,4.0,55.2,13.8,3.0,5.0,11,0.0,0.0,3.0,4
156885,0,0,0.14541696467847776,4.0,113.5,28.375,3.5,6.0,17,0.0,0.0,1.0,2
156891,1,0,0.14381518625033987,3.0,77.0,25.666666666666668,4.333333333333333,5.0,18,0.0,0.0,3.0,4
156920,0,0,0.2533799707761379,1.0,22.9,22.9,3.0,2.0,1,0.0,0.0,0.0,4
156926,1,0,0.16910339597383414,3.0,74.1,24.7,3.0,4.0,4,0.0,0.0,2.0,1
156931,0,0,0.11868142462299129,3.0,101.4,33.800000000000004,3.3333333333333335,4.0,3,0.0,0.0,3.0,4
156938,0,0,0.22102468574259296,2.0,26.799999999999997,13.399999999999999,3.0,3.0,2,0.0,0.0,2.0,1
156940,0,0,0.2410527628797422,1.0,17.5,17.5,3.0,2.0,5,0.0,0.0,1.0,4
156947,0,0,0.2813436212766947,2.0,19.7,9.85,3.5,3.0,18,0.0,0.0,0.0,3
156948,0,0,0.14846957296260616,4.0,93.2,23.3,4.0,5.0,6,0.0,0.0,2.0,3
156975,0,0,0.1246596154408704,3.0,73.5,24.5,4.666666666666667,4.0,5,0.0,0.0,4.0,3
156978,0,0,0.3271201314120373,4.0,35.3,8.825,1.25,5.0,10,0.0,0.0,1.0,4
156986,1,0,0.16598226818378586,4.0,88.39999999999999,22.099999999999998,3.5,5.0,13,0.0,0.0,2.0,3
156990,0,0,0.20358695629819137,4.0,38.7,9.675,3.0,5.0,13,0.0,0.0,5.0,1
156994,0,0,0.21167724397378887,2.0,58.099999999999994,29.049999999999997,2.0,3.0,5,0.0,0.0,1.0,2
157011,0,0,0.1930842463055995,2.0,27.0,13.5,5.0,3.0,3,0.0,0.0,2.0,4
157013,0,0,0.1705754674326406,2.0,68.3,34.15,3.0,3.0,9,0.0,0.0,2.0,4
157014,0,0,0.2752836862933413,1.0,8.0,8.0,2.0,3.0,15,0.0,0.0,1.0,4
157015,0,0,0.02787460960281121,4.0,121.8,30.45,6.25,5.0,7,1.0,4.99,14.0,4
157021,0,0,0.2511463108141603,1.0,42.3,42.3,2.0,2.0,1,0.0,0.0,0.0,1
157027,0,0,0.08630128856983134,5.0,111.80000000000001,22.360000000000003,3.2,7.0,16,0.0,0.0,8.0,4
157032,0,0,0.16404089015355391,2.0,18.3,9.15,4.5,3.0,5,0.0,0.0,5.0,4
157036,0,0,0.1708600730738262,3.0,28.099999999999998,9.366666666666665,4.666666666666667,4.0,8,0.0,0.0,5.0,3
157037,0,0,0.1968895198717795,3.0,48.2,16.066666666666666,4.0,4.0,5,0.0,0.0,2.0,3
157045,0,0,0.048704906091546214,7.0,132.2,18.885714285714283,4.571428571428571,8.0,15,0.0,0.0,13.0,4
157051,0,0,0.27482482413622344,1.0,16.4,16.4,2.0,2.0,0,0.0,0.0,0.0,2
157054,0,0,0.07906910414684576,5.0,86.5,17.3,4.8,6.0,12,0.0,0.0,10.0,4
157059,0,0,0.2704832096024195,2.0,30.7,15.35,1.5,3.0,10,0.0,0.0,1.0,4
157070,0,0,0.2059728956845305,6.0,101.2,16.866666666666667,3.3333333333333335,6.0,14,1.0,19.99,1.0,1
157080,0,0,0.15170582674062816,2.0,37.2,18.6,4.0,3.0,11,0.0,0.0,5.0,4
157083,0,0,0.29445514200983713,1.0,2.9,2.9,2.0,2.0,5,0.0,0.0,0.0,4
157096,1,0,0.33216559631695813,3.0,19.2,6.3999999999999995,2.3333333333333335,4.0,11,0.0,0.0,0.0,4
157111,0,0,0.17648382880665153,1.0,9.8,9.8,8.0,2.0,13,0.0,0.0,1.0,4
157118,0,0,0.29747047730356657,3.0,30.8,10.266666666666667,2.3333333333333335,4.0,5,0.0,0.0,0.0,1
157119,0,0,0.25960484242031506,2.0,25.4,12.7,2.5,3.0,8,0.0,0.0,1.0,4
157123,0,0,0.23807949706684575,3.0,54.0,18.0,2.0,4.0,5,0.0,0.0,1.0,4
157125,0,0,0.20073307512512711,1.0,64.3,64.3,3.0,2.0,5,0.0,0.0,1.0,1
157128,0,0,0.2146179388428799,3.0,54.0,18.0,3.3333333333333335,4.0,3,0.0,0.0,1.0,4
157129,0,0,0.2329563200419233,3.0,31.9,10.633333333333333,2.6666666666666665,4.0,11,0.0,0.0,3.0,4
157131,0,0,0.2761577924074588,1.0,20.9,20.9,2.0,2.0,4,0.0,0.0,0.0,4
157140,0,0,0.023911718522183795,10.0,254.0,25.4,4.3,10.0,18,0.0,0.0,11.0,1
157141,0,0,0.2558925806017278,2.0,30.2,15.1,2.0,3.0,3,0.0,0.0,1.0,4
157143,0,0,0.11424303628144553,2.0,65.9,32.95,5.5,3.0,2,0.0,0.0,4.0,4
157144,0,0,0.13447104288377254,3.0,92.2,30.733333333333334,4.0,4.0,5,0.0,0.0,2.0,2
157145,0,0,0.17517202544353996,7.0,116.80000000000001,16.685714285714287,2.857142857142857,7.0,11,0.0,0.0,3.0,1
157169,0,0,0.22257531900097347,2.0,60.7,30.35,2.0,3.0,1,0.0,0.0,0.0,1
157170,1,0,0.16012877234205097,4.0,66.7,16.675,2.75,5.0,8,0.0,0.0,5.0,4
157189,0,0,0.034254825819175536,7.0,162.9,23.271428571428572,4.428571428571429,7.0,12,0.0,0.0,13.0,2
157191,0,0,0.09203722782297659,4.0,119.1,29.775,5.25,5.0,12,1.0,1.99,4.0,4
157212,0,0,0.2992956466991381,1.0,3.3,3.3,2.0,4.0,16,0.0,0.0,0.0,1
157214,0,0,0.14135139009173633,3.0,90.19999999999999,30.066666666666663,4.0,4.0,11,0.0,0.0,2.0,4
157215,1,0,0.2351388219431383,4.0,42.0,10.5,2.0,6.0,15,0.0,0.0,4.0,4
157220,0,0,0.24299251882694414,1.0,13.9,13.9,4.0,2.0,0,0.0,0.0,0.0,4
157224,0,0,0.24058932004593367,5.0,57.7,11.540000000000001,3.4,6.0,5,0.0,0.0,2.0,3
157226,0,0,0.25958500456593964,2.0,22.6,11.3,3.5,3.0,1,0.0,0.0,0.0,2
157240,0,0,0.236533351561882,1.0,21.4,21.4,4.0,2.0,0,0.0,0.0,0.0,4
157241,1,0,0.3005618115071247,3.0,32.1,10.700000000000001,2.3333333333333335,4.0,10,0.0,0.0,0.0,2
157244,0,0,0.2174096520487773,4.0,49.4,12.35,3.5,6.0,17,0.0,0.0,3.0,4
157257,0,0,0.21943251717216183,2.0,32.9,16.45,4.0,3.0,5,0.0,0.0,1.0,4
157262,0,0,0.17866563103598138,5.0,56.4,11.28,3.4,6.0,15,0.0,0.0,6.0,4
157266,0,0,0.19984539866801504,1.0,43.0,43.0,3.0,2.0,4,0.0,0.0,2.0,3
157274,0,0,0.28375461183487277,2.0,18.5,9.25,1.5,3.0,3,0.0,0.0,1.0,2
157276,0,0,0.015264765781038019,7.0,262.1,37.44285714285714,4.285714285714286,8.0,16,1.0,19.98,10.0,3
157277,1,0,0.2704022474151584,2.0,16.7,8.35,1.5,3.0,7,0.0,0.0,2.0,4
157291,0,0,0.2942481458590255,2.0,25.7,12.85,1.5,3.0,2,0.0,0.0,0.0,4
157298,0,0,0.22990942450070262,1.0,6.2,6.2,3.0,2.0,4,0.0,0.0,2.0,4
157300,0,0,0.242117708306537,1.0,16.9,16.9,4.0,2.0,2,0.0,0.0,0.0,4
157310,0,0,0.0913045546307348,4.0,134.29999999999998,33.574999999999996,4.0,5.0,10,0.0,0.0,3.0,1
157311,0,0,0.18929529154604655,1.0,19.0,19.0,7.0,2.0,0,0.0,0.0,0.0,1
157326,0,0,0.19112938824501538,2.0,67.2,33.6,2.5,3.0,3,0.0,0.0,1.0,4
157337,0,0,0.13712700968245198,2.0,67.3,33.65,5.5,3.0,2,0.0,0.0,2.0,4
157342,0,0,0.19445208911409945,2.0,59.0,29.5,3.0,3.0,2,0.0,0.0,1.0,4
157357,1,0,0.2936466613592707,1.0,8.8,8.8,2.0,2.0,13,0.0,0.0,0.0,1
157371,0,0,0.23403295834923157,2.0,18.8,9.4,4.5,3.0,7,0.0,0.0,1.0,3
157387,0,0,0.14134388275232226,4.0,107.4,26.85,3.0,5.0,6,0.0,0.0,2.0,4
157392,0,0,0.25016139074502797,3.0,30.8,10.266666666666667,2.6666666666666665,4.0,7,0.0,0.0,2.0,2
157416,1,0,0.27731397452655376,2.0,11.6,5.8,3.0,3.0,13,0.0,0.0,1.0,2
157417,0,0,0.08808034373425877,4.0,76.4,19.1,5.5,5.0,10,1.0,9.99,8.0,1
157421,0,0,0.2889514417769498,2.0,24.4,12.2,2.0,3.0,5,0.0,0.0,0.0,3
157429,0,0,0.26126965521679074,2.0,23.4,11.7,2.5,3.0,8,0.0,0.0,1.0,2
157440,1,0,0.1808060337822431,2.0,34.9,17.45,3.0,3.0,8,0.0,0.0,4.0,4
157446,0,0,0.07220736609153523,5.0,145.0,29.0,4.2,6.0,5,0.0,0.0,5.0,2
157451,0,0,0.1869069073004144,3.0,55.4,18.466666666666665,2.6666666666666665,4.0,5,0.0,0.0,3.0,2
157454,0,0,0.12977895184734276,4.0,92.4,23.1,3.5,5.0,8,0.0,0.0,4.0,3
157456,0,0,0.28023860131517697,3.0,37.3,12.433333333333332,2.6666666666666665,4.0,7,0.0,0.0,0.0,2
157457,0,0,0.2338471353437577,2.0,28.9,14.45,3.5,3.0,5,0.0,0.0,1.0,4
157478,0,0,0.20791027359334915,1.0,36.7,36.7,5.0,2.0,0,0.0,0.0,0.0,4
157484,0,0,0.27056538139465025,2.0,21.200000000000003,10.600000000000001,2.5,3.0,13,0.0,0.0,1.0,3
157489,0,0,0.10056326319462809,3.0,50.0,16.666666666666668,5.666666666666667,6.0,18,0.0,0.0,8.0,4
157497,0,0,0.3024081806087244,4.0,38.4,9.6,3.25,5.0,12,0.0,0.0,0.0,1
157503,0,0,0.12540419158270757,6.0,72.4,12.066666666666668,3.8333333333333335,6.0,10,1.0,49.99,8.0,4
157511,1,0,0.27847217947175235,1.0,8.0,8.0,2.0,2.0,17,0.0,0.0,1.0,4
157521,1,0,0.2559706939057174,1.0,5.3,5.3,4.0,2.0,9,0.0,0.0,0.0,1
157523,0,0,0.2130237229741823,1.0,10.4,10.4,6.0,2.0,0,0.0,0.0,0.0,4
157526,0,0,0.179515522565898,2.0,29.4,14.7,5.0,3.0,12,0.0,0.0,3.0,4
157536,0,0,0.06598994080474146,5.0,177.2,35.44,2.8,6.0,9,0.0,0.0,4.0,4
157537,0,0,0.0206081820118281,7.0,236.1,33.72857142857143,5.571428571428571,7.0,14,0.0,0.0,9.0,2
157540,0,0,0.2568844397139496,1.0,17.1,17.1,3.0,2.0,2,0.0,0.0,0.0,1
157545,0,0,0.21173564537999592,4.0,67.4,16.85,2.5,5.0,7,0.0,0.0,2.0,4
157546,0,0,0.3120207364714,1.0,2.1,2.1,1.0,2.0,2,0.0,0.0,0.0,4
157550,0,0,0.20568119861705228,3.0,39.4,13.133333333333333,3.0,4.0,3,0.0,0.0,3.0,1
157552,0,0,0.2528618085933041,2.0,17.6,8.8,4.5,3.0,2,0.0,0.0,0.0,4
157553,0,0,0.22288451673824658,1.0,8.1,8.1,5.0,3.0,15,0.0,0.0,1.0,4
157557,1,0,0.05408724170049761,7.0,123.2,17.6,3.7142857142857144,7.0,11,1.0,1.99,14.0,4
157591,0,0,0.2873593390810992,6.0,72.2,12.033333333333333,2.3333333333333335,6.0,12,0.0,0.0,1.0,2
157594,0,0,0.30757593172835346,3.0,19.9,6.633333333333333,2.3333333333333335,4.0,12,0.0,0.0,1.0,4
157604,0,0,0.17792398471785675,4.0,75.60000000000001,18.900000000000002,5.25,7.0,17,0.0,0.0,1.0,1
157609,0,0,0.2090671387166589,2.0,36.0,18.0,5.5,3.0,6,0.0,0.0,0.0,2
157612,1,0,0.12850756418175213,2.0,68.4,34.2,3.0,3.0,9,0.0,0.0,5.0,4
157615,0,0,0.13485986134631975,5.0,90.1,18.02,3.8,6.0,12,0.0,0.0,5.0,2
157621,0,0,0.2833053636301403,2.0,17.0,8.5,3.0,3.0,6,0.0,0.0,0.0,2
157636,0,0,0.0965445088017598,4.0,93.5,23.375,3.75,7.0,17,0.0,0.0,7.0,4
157637,0,0,0.1655820931586564,4.0,71.3,17.825,4.5,5.0,7,1.0,1.99,3.0,2
157639,0,0,0.26237461575322024,3.0,24.7,8.233333333333333,3.0,4.0,12,0.0,0.0,2.0,4
157641,0,0,0.3178502325577131,4.0,38.6,9.65,2.5,5.0,10,0.0,0.0,0.0,4
157642,0,0,0.1699223381382605,3.0,51.2,17.066666666666666,4.666666666666667,4.0,9,0.0,0.0,3.0,4
157644,0,0,0.20464397742797552,2.0,21.3,10.65,2.5,3.0,5,0.0,0.0,4.0,4
157646,0,0,0.06259031579835338,5.0,161.5,32.3,3.2,6.0,14,0.0,0.0,6.0,4
157649,0,0,0.2237846613403246,2.0,37.1,18.55,1.5,4.0,17,0.0,0.0,3.0,4
157652,0,0,0.10913726021828067,7.0,130.3,18.614285714285717,4.714285714285714,7.0,11,0.0,0.0,5.0,2
157659,0,0,0.011813076724805258,7.0,304.5,43.5,3.0,7.0,13,0.0,0.0,9.0,4
157662,0,0,0.26591610784534786,1.0,8.1,8.1,3.0,2.0,0,0.0,0.0,0.0,4
157663,0,0,0.05521214800124611,6.0,167.4,27.900000000000002,3.0,6.0,13,0.0,0.0,8.0,4
157665,1,0,0.2905583594892738,2.0,22.0,11.0,2.5,3.0,14,0.0,0.0,0.0,1
157666,1,0,0.3707392446431845,4.0,24.900000000000002,6.2250000000000005,1.5,5.0,11,0.0,0.0,0.0,1
157674,0,0,0.23066698736251304,4.0,67.5,16.875,2.5,5.0,10,0.0,0.0,1.0,1
157687,0,0,0.17551625082913686,1.0,22.4,22.4,6.0,2.0,8,0.0,0.0,2.0,4
157696,0,0,0.15562977853127788,3.0,20.9,6.966666666666666,4.333333333333333,4.0,8,0.0,0.0,7.0,4
157707,0,0,0.19931014752400486,2.0,62.8,31.4,4.0,3.0,14,0.0,0.0,0.0,2
157715,1,0,0.24150518300201837,2.0,20.1,10.05,3.0,6.0,18,0.0,0.0,2.0,1
157720,0,0,0.2598271218946114,4.0,70.7,17.675,2.0,6.0,16,0.0,0.0,0.0,4
157732,1,0,0.13654441509234697,5.0,94.6,18.919999999999998,3.0,6.0,11,0.0,0.0,5.0,1
157746,1,0,0.11420842261248437,5.0,102.4,20.48,3.2,6.0,12,0.0,0.0,6.0,3
157750,0,0,0.2215162301384151,2.0,42.400000000000006,21.200000000000003,4.0,3.0,2,0.0,0.0,0.0,4
157754,0,0,0.30974603745727547,2.0,22.7,11.35,1.0,3.0,3,0.0,0.0,0.0,3
157761,0,0,0.2593861890254927,3.0,17.4,5.8,3.6666666666666665,4.0,7,0.0,0.0,2.0,3
157767,1,0,0.2799635157675829,4.0,34.5,8.625,2.5,5.0,9,0.0,0.0,2.0,4
157769,0,0,0.2763803385429864,1.0,19.7,19.7,2.0,2.0,4,0.0,0.0,0.0,3
157770,0,0,0.3086584867234933,3.0,17.6,5.866666666666667,2.3333333333333335,4.0,10,0.0,0.0,1.0,2
157772,0,0,0.15529940833227324,2.0,42.3,21.15,4.0,3.0,3,0.0,0.0,4.0,4
157779,0,0,0.23623777640706803,2.0,30.6,15.3,3.5,3.0,12,0.0,0.0,1.0,3
157793,0,0,0.17161477036205508,5.0,52.6,10.52,3.0,6.0,11,0.0,0.0,7.0,4
157799,1,0,0.1861666205801887,3.0,43.7,14.566666666666668,4.0,4.0,3,0.0,0.0,3.0,4
157801,0,0,0.14090407738981858,2.0,74.1,37.05,4.0,5.0,18,0.0,0.0,3.0,4
157827,0,0,0.18122954285901288,2.0,53.5,26.75,4.5,3.0,3,0.0,0.0,1.0,4
157833,0,0,0.1591848639149462,3.0,41.5,13.833333333333334,4.0,4.0,5,0.0,0.0,5.0,4
157845,0,0,0.1543609650865994,3.0,46.6,15.533333333333333,3.0,4.0,12,0.0,0.0,6.0,4
157850,0,0,0.3167443061616657,3.0,15.6,5.2,3.3333333333333335,4.0,10,0.0,0.0,0.0,2
157853,0,0,0.2322143378522076,2.0,32.1,16.05,3.5,3.0,12,0.0,0.0,1.0,1
157861,0,0,0.019397698432291707,5.0,176.4,35.28,7.0,6.0,8,0.0,0.0,12.0,4
157864,0,0,0.21826063816444394,3.0,68.5,22.833333333333332,3.0,4.0,11,0.0,0.0,0.0,2
157875,0,0,0.267660333394598,1.0,26.0,26.0,2.0,2.0,0,0.0,0.0,0.0,4
157877,0,0,0.16811509728290583,1.0,51.5,51.5,7.0,2.0,0,0.0,0.0,0.0,3
157879,0,0,0.10101068644447149,2.0,86.7,43.35,5.0,3.0,2,0.0,0.0,4.0,4
157889,0,0,0.19744024820537825,5.0,57.199999999999996,11.44,4.0,6.0,8,0.0,0.0,4.0,4
157899,0,0,0.21215590900631562,1.0,9.6,9.6,6.0,2.0,1,0.0,0.0,0.0,1
157902,0,0,0.22685368975974635,1.0,10.5,10.5,4.0,2.0,1,0.0,0.0,1.0,4
157911,1,0,0.23379093744502916,2.0,28.6,14.3,2.5,3.0,8,0.0,0.0,2.0,4
157916,0,0,0.24938662323253338,1.0,8.6,8.6,4.0,2.0,2,0.0,0.0,0.0,4
157918,0,0,0.26091313931254323,1.0,19.9,19.9,2.0,2.0,10,0.0,0.0,1.0,4
157919,0,0,0.23697936197924666,3.0,27.599999999999998,9.2,3.0,4.0,13,0.0,0.0,3.0,4
157921,0,0,0.23644276495874614,1.0,38.4,38.4,3.0,2.0,0,0.0,0.0,0.0,1
157922,0,0,0.18828509086515258,3.0,28.7,9.566666666666666,3.3333333333333335,4.0,7,0.0,0.0,5.0,4
157924,0,0,0.09846246871915888,4.0,77.6,19.4,5.5,6.0,18,0.0,0.0,7.0,4
157942,0,0,0.1998861530259141,3.0,89.2,29.733333333333334,1.6666666666666667,4.0,7,0.0,0.0,0.0,1
157947,1,0,0.2201464048913104,1.0,21.7,21.7,4.0,2.0,5,0.0,0.0,1.0,3
157955,0,0,0.189487916342668,2.0,41.4,20.7,6.0,3.0,1,0.0,0.0,0.0,1
157959,0,0,0.2118129603545321,3.0,70.39999999999999,23.466666666666665,3.3333333333333335,5.0,16,0.0,0.0,0.0,1
157960,0,0,0.20134407437033908,2.0,28.700000000000003,14.350000000000001,6.5,3.0,3,0.0,0.0,0.0,1
157962,0,0,0.10664602471728833,7.0,102.6,14.657142857142857,4.0,8.0,16,0.0,0.0,9.0,3
157969,0,0,0.21240638345848503,2.0,53.9,26.95,2.5,3.0,6,0.0,0.0,1.0,4
157970,0,0,0.24985406894312082,1.0,9.8,9.8,2.0,2.0,11,0.0,0.0,2.0,4
157977,0,0,0.23685227504269923,2.0,37.599999999999994,18.799999999999997,2.5,3.0,8,0.0,0.0,1.0,1
157981,0,0,0.15580415147214494,4.0,40.1,10.025,4.0,5.0,11,0.0,0.0,7.0,4
157983,0,0,0.1492479447131969,4.0,50.4,12.6,5.5,5.0,7,0.0,0.0,5.0,4
157988,0,0,0.24841044329908776,4.0,36.7,9.175,3.0,5.0,14,0.0,0.0,3.0,3
157995,0,0,0.15321648156328257,6.0,109.7,18.283333333333335,2.8333333333333335,6.0,14,0.0,0.0,4.0,3
157999,0,0,0.24594305650362494,1.0,19.5,19.5,3.0,3.0,15,0.0,0.0,1.0,3
158004,0,0,0.213863201133703,1.0,27.2,27.2,5.0,2.0,0,0.0,0.0,0.0,2
158005,0,0,0.16742977811065654,3.0,42.9,14.299999999999999,4.333333333333333,4.0,4,0.0,0.0,4.0,4
158006,0,0,0.25776023426123107,1.0,15.5,15.5,2.0,2.0,5,0.0,0.0,1.0,1
158009,0,0,0.3335888512154593,5.0,33.8,6.76,2.6,6.0,7,0.0,0.0,1.0,1
158014,0,0,0.2932142258535298,1.0,20.0,20.0,1.0,2.0,2,0.0,0.0,0.0,3
158017,0,0,0.30711599251328164,1.0,4.0,4.0,1.0,2.0,0,0.0,0.0,0.0,3
158031,0,0,0.13048436717976825,4.0,68.5,17.125,4.25,6.0,16,0.0,0.0,6.0,4
158037,0,0,0.14946483716318784,2.0,72.3,36.15,4.0,3.0,3,0.0,0.0,2.0,4
158042,0,0,0.14339659718236528,4.0,94.7,23.675,5.0,5.0,12,1.0,4.99,2.0,4
158043,0,0,0.20663853574438168,6.0,85.4,14.233333333333334,4.333333333333333,6.0,16,0.0,0.0,2.0,1
158049,0,0,0.24181155530950652,2.0,15.7,7.85,3.0,3.0,3,0.0,0.0,2.0,4
158051,1,0,0.1988878168535386,3.0,60.8,20.266666666666666,3.6666666666666665,4.0,6,0.0,0.0,1.0,2
158058,0,0,0.21743694699458943,2.0,15.100000000000001,7.550000000000001,3.5,3.0,6,0.0,0.0,3.0,4
158059,0,0,0.2283642745535189,1.0,12.3,12.3,5.0,2.0,1,0.0,0.0,0.0,4
158066,0,0,0.1565004345789335,2.0,89.69999999999999,44.849999999999994,3.0,3.0,4,0.0,0.0,1.0,4
158069,0,0,0.16219976218569748,5.0,105.4,21.080000000000002,4.4,6.0,11,0.0,0.0,1.0,4
158074,0,0,0.036671329317120666,7.0,232.8,33.25714285714286,4.285714285714286,7.0,8,1.0,9.98,5.0,2
158075,0,0,0.19637101236024687,4.0,72.8,18.2,5.25,5.0,10,0.0,0.0,0.0,1
158076,0,0,0.22970663237049752,6.0,59.7,9.950000000000001,3.6666666666666665,6.0,12,0.0,0.0,4.0,4
158081,0,0,0.2015024159672472,1.0,3.2,3.2,5.0,2.0,5,0.0,0.0,2.0,4
158083,0,0,0.2959043759642875,3.0,36.4,12.133333333333333,2.3333333333333335,5.0,17,0.0,0.0,0.0,1
158089,0,0,0.08468518324665832,7.0,144.4,20.62857142857143,3.7142857142857144,7.0,13,0.0,0.0,7.0,3
158092,0,0,0.061486320166106355,6.0,178.6,29.766666666666666,3.8333333333333335,6.0,13,0.0,0.0,5.0,2
158097,0,0,0.22244091022184967,3.0,37.1,12.366666666666667,3.6666666666666665,4.0,6,0.0,0.0,2.0,4
158098,0,0,0.21893887191631672,5.0,70.7,14.14,2.4,6.0,15,0.0,0.0,3.0,2
158104,0,0,0.20470957584880126,3.0,51.2,17.066666666666666,3.0,4.0,3,0.0,0.0,2.0,2
158115,1,0,0.33709510682023736,2.0,8.6,4.3,1.0,3.0,2,0.0,0.0,0.0,4
158117,0,0,0.04299742552234969,4.0,116.3,29.075,5.25,5.0,7,0.0,0.0,11.0,4
158145,0,0,0.16102575764009067,3.0,53.4,17.8,6.0,4.0,6,0.0,0.0,2.0,1
158161,0,0,0.22559200543271885,1.0,31.2,31.2,5.0,3.0,18,0.0,0.0,0.0,4
158164,0,0,0.13440917919198728,5.0,102.2,20.44,3.4,6.0,8,0.0,0.0,4.0,3
158171,0,0,0.2129808804848525,5.0,53.5,10.7,2.6,6.0,15,0.0,0.0,5.0,4
158173,0,0,0.26038554622172466,1.0,14.2,14.2,3.0,2.0,2,0.0,0.0,0.0,2
158174,0,0,0.2883841235204174,3.0,29.299999999999997,9.766666666666666,2.3333333333333335,4.0,13,0.0,0.0,1.0,4
158185,0,0,0.23873542684572027,2.0,34.1,17.05,4.0,3.0,7,0.0,0.0,0.0,4
158202,0,0,0.11402327425980316,4.0,54.8,13.7,4.0,6.0,17,0.0,0.0,9.0,4
158216,0,0,0.31705915928292616,1.0,11.1,11.1,1.0,2.0,16,0.0,0.0,0.0,4
158220,0,0,0.012324213245589967,6.0,226.9,37.81666666666667,3.8333333333333335,8.0,16,0.0,0.0,15.0,4
158230,0,0,0.18201605327780232,2.0,45.2,22.6,4.0,3.0,3,0.0,0.0,2.0,3
158235,0,0,0.2776126006637913,3.0,19.0,6.333333333333333,3.0,4.0,16,0.0,0.0,2.0,4
158237,0,0,0.185101843744342,2.0,89.4,44.7,2.0,3.0,5,0.0,0.0,0.0,2
158248,0,0,0.21178829063953836,2.0,37.300000000000004,18.650000000000002,5.0,3.0,2,0.0,0.0,0.0,2
158255,0,0,0.3017659465031264,1.0,13.3,13.3,1.0,2.0,3,0.0,0.0,0.0,4
158265,0,0,0.09056872176938993,7.0,126.5,18.071428571428573,5.142857142857143,7.0,11,0.0,0.0,7.0,4
158267,0,0,0.08014128002546166,4.0,113.60000000000001,28.400000000000002,4.75,5.0,14,0.0,0.0,6.0,4
158271,0,0,0.2120519207124673,1.0,9.7,9.7,6.0,2.0,0,0.0,0.0,0.0,2
158272,0,0,0.29126883807290166,5.0,30.599999999999998,6.119999999999999,2.0,6.0,14,0.0,0.0,4.0,3
158275,1,0,0.10469747045594273,5.0,114.7,22.94,3.0,6.0,17,0.0,0.0,6.0,3
158282,0,0,0.2409104099089498,2.0,14.7,7.35,3.5,3.0,10,0.0,0.0,2.0,4
158291,1,0,0.19160172282212326,3.0,30.1,10.033333333333333,4.333333333333333,4.0,11,0.0,0.0,4.0,4
158303,0,0,0.22969596167787792,1.0,11.7,11.7,5.0,2.0,2,0.0,0.0,0.0,4
158306,0,0,0.28707869481798476,4.0,24.8,6.2,4.5,5.0,13,0.0,0.0,1.0,1
158309,0,0,0.2608757523944576,5.0,79.2,15.84,2.2,6.0,11,0.0,0.0,0.0,1
158310,1,0,0.2512881151056398,2.0,24.0,12.0,3.0,3.0,6,0.0,0.0,1.0,4
158315,0,0,0.30320045251384775,3.0,27.1,9.033333333333333,3.0,4.0,15,0.0,0.0,0.0,2
158334,0,0,0.23955008995074126,3.0,42.900000000000006,14.300000000000002,3.3333333333333335,4.0,9,0.0,0.0,1.0,4
158338,0,0,0.24851000738446802,1.0,7.6,7.6,4.0,2.0,0,0.0,0.0,0.0,4
158339,0,0,0.23033830493370386,1.0,26.2,26.2,3.0,2.0,4,0.0,0.0,1.0,1
158346,0,0,0.21436320409835527,1.0,28.5,28.5,5.0,2.0,0,0.0,0.0,0.0,4
158348,1,0,0.28182993236302545,2.0,4.800000000000001,2.4000000000000004,3.0,3.0,3,0.0,0.0,1.0,4
158351,1,0,0.2577409784272925,3.0,30.999999999999996,10.333333333333332,2.6666666666666665,4.0,14,0.0,0.0,2.0,4
158373,0,0,0.19695043488569536,5.0,73.1,14.62,2.2,6.0,10,0.0,0.0,4.0,4
158378,0,0,0.30954777392481736,0.0,0.0,0.0,0.0,1.0,16,0.0,0.0,0.0,4
158380,0,0,0.3397495585133069,5.0,35.5,7.1,2.6,6.0,16,0.0,0.0,1.0,2
158386,0,0,0.10235011262178559,6.0,123.1,20.516666666666666,5.0,7.0,16,0.0,0.0,5.0,4
158388,0,0,0.14371022229062874,3.0,87.4,29.133333333333336,4.333333333333333,5.0,17,0.0,0.0,2.0,4
158390,0,0,0.18529171449628132,5.0,77.7,15.540000000000001,2.6,6.0,14,0.0,0.0,4.0,3
158391,0,0,0.3313160472409567,2.0,18.5,9.25,1.0,3.0,12,1.0,9.98,0.0,3
158396,0,0,0.22545629697008987,1.0,30.4,30.4,5.0,3.0,18,0.0,0.0,0.0,3
158412,0,0,0.16986391155929909,1.0,32.4,32.4,7.0,2.0,6,0.0,0.0,1.0,4
158414,0,0,0.20492522757280135,4.0,71.89999999999999,17.974999999999998,4.0,5.0,15,0.0,0.0,1.0,4
158417,0,0,0.3075713533172351,0.0,0.0,0.0,0.0,1.0,15,0.0,0.0,0.0,3
158418,0,0,0.3652898103738885,6.0,45.8,7.633333333333333,3.0,6.0,12,0.0,0.0,0.0,2
158420,0,0,0.19895804551999444,1.0,45.5,45.5,5.0,2.0,0,0.0,0.0,0.0,1
158430,0,0,0.21228030934862474,2.0,33.7,16.85,3.5,3.0,14,0.0,0.0,2.0,1
158434,0,0,0.2827149845229104,2.0,24.2,12.1,2.5,3.0,10,0.0,0.0,0.0,1
158442,0,0,0.21075809170728477,3.0,61.3,20.433333333333334,2.0,4.0,12,0.0,0.0,2.0,3
158447,0,0,0.17625850398054277,5.0,86.19999999999999,17.24,3.4,6.0,13,0.0,0.0,3.0,4
158458,0,0,0.1848215284323592,1.0,7.4,7.4,8.0,2.0,1,0.0,0.0,0.0,2
158462,0,0,0.13503770527657477,4.0,103.7,25.925,4.0,5.0,6,0.0,0.0,2.0,4
158463,0,0,0.12262404875804322,5.0,122.0,24.4,3.4,6.0,9,0.0,0.0,3.0,4
158466,0,0,0.09130529597720821,4.0,152.20000000000002,38.050000000000004,2.25,5.0,14,0.0,0.0,3.0,4
158468,0,0,0.2494730407763325,1.0,24.4,24.4,3.0,2.0,1,0.0,0.0,0.0,1
158473,0,0,0.21342005460753008,1.0,9.9,9.9,6.0,2.0,0,0.0,0.0,0.0,4
158481,0,0,0.2999884484934694,1.0,12.1,12.1,1.0,2.0,0,0.0,0.0,0.0,4
158485,0,0,0.15489025031767717,3.0,77.2,25.733333333333334,3.0,4.0,12,0.0,0.0,3.0,1
158493,0,0,0.11736099310867808,6.0,80.5,13.416666666666666,4.833333333333333,6.0,10,0.0,0.0,8.0,3
158497,0,0,0.20469673146537956,4.0,41.300000000000004,10.325000000000001,3.75,5.0,9,0.0,0.0,4.0,4
158506,0,0,0.19919869948707844,2.0,50.9,25.45,3.5,3.0,4,0.0,0.0,1.0,3
158511,0,0,0.19806866184280672,3.0,23.5,7.833333333333333,3.3333333333333335,4.0,9,0.0,0.0,5.0,4
158522,0,0,0.20691798121369687,2.0,41.5,20.75,3.0,3.0,9,0.0,0.0,2.0,4
158526,0,0,0.06760507095720299,4.0,134.2,33.55,4.25,5.0,13,0.0,0.0,6.0,4
158529,0,0,0.269700440024802,1.0,8.0,8.0,3.0,2.0,4,0.0,0.0,0.0,4
158533,0,0,0.25002704873492937,2.0,28.8,14.4,3.5,3.0,2,0.0,0.0,0.0,2
158547,0,0,0.2601677294444151,1.0,16.4,16.4,3.0,2.0,3,0.0,0.0,0.0,3
158555,0,0,0.2213784739381205,3.0,35.0,11.666666666666666,2.0,4.0,14,0.0,0.0,4.0,4
158561,0,0,0.22627590897135919,2.0,41.1,20.55,3.0,3.0,9,0.0,0.0,1.0,4
158566,0,0,0.1470090424530577,5.0,87.3,17.46,3.2,7.0,17,0.0,0.0,5.0,1
158572,0,0,0.10183244946250603,4.0,95.8,23.95,5.0,5.0,10,0.0,0.0,5.0,4
158578,0,0,0.05239883661808768,6.0,189.9,31.650000000000002,3.0,9.0,17,0.0,0.0,6.0,1
158588,0,0,0.14706864350125853,4.0,74.6,18.65,3.0,5.0,10,0.0,0.0,5.0,4
158592,0,0,0.2435767489779926,2.0,49.0,24.5,2.0,3.0,1,0.0,0.0,0.0,4
158594,0,0,0.24060261895364424,4.0,65.3,16.325,3.5,5.0,12,0.0,0.0,0.0,2
158595,0,0,0.27170290112993056,1.0,11.2,11.2,2.0,2.0,13,0.0,0.0,1.0,4
158601,1,0,0.19536995566640758,1.0,16.7,16.7,7.0,2.0,6,0.0,0.0,0.0,1
158612,1,0,0.2638252814958551,2.0,14.0,7.0,3.5,3.0,11,0.0,0.0,1.0,4
158614,0,0,0.27416984722392473,1.0,7.9,7.9,2.0,4.0,18,0.0,0.0,1.0,1
158616,0,0,0.12247288413854018,4.0,91.2,22.8,3.5,6.0,16,0.0,0.0,5.0,3
158619,0,0,0.2933765019651355,1.0,4.0,4.0,2.0,2.0,5,0.0,0.0,0.0,4
158627,1,0,0.11859899311454945,6.0,114.8,19.133333333333333,3.0,6.0,14,0.0,0.0,6.0,3
158642,1,0,0.2981205893803974,6.0,59.3,9.883333333333333,2.3333333333333335,7.0,16,0.0,0.0,2.0,2
158647,0,0,0.29288195963244534,1.0,22.3,22.3,1.0,2.0,3,0.0,0.0,0.0,4
158669,0,0,0.11913555824792406,3.0,89.0,29.666666666666668,3.6666666666666665,4.0,7,0.0,0.0,4.0,4
158674,0,0,0.07484251919448842,6.0,115.8,19.3,4.666666666666667,6.0,11,0.0,0.0,9.0,4
158679,0,0,0.25047811314746204,4.0,45.2,11.3,4.25,5.0,13,0.0,0.0,1.0,4
158683,0,0,0.2107058419986628,1.0,14.7,14.7,5.0,2.0,5,0.0,0.0,1.0,4
158698,0,0,0.24271756624927515,2.0,27.6,13.8,3.0,3.0,3,0.0,0.0,1.0,4
158706,0,0,0.16776839155505435,2.0,73.2,36.6,3.0,3.0,14,0.0,0.0,2.0,4
158708,0,0,0.0020754159280207104,8.0,365.4,45.675,4.5,8.0,11,0.0,0.0,18.0,2
158746,1,0,0.30635045410032513,3.0,17.3,5.766666666666667,3.6666666666666665,4.0,11,0.0,0.0,0.0,1
158750,0,0,0.2449728403325124,2.0,42.9,21.45,2.5,3.0,2,0.0,0.0,0.0,3
158753,0,0,0.24836194624347036,2.0,43.0,21.5,2.5,3.0,8,0.0,0.0,0.0,1
158754,0,0,0.29363276707152375,2.0,20.3,10.15,1.5,4.0,18,0.0,0.0,1.0,2
158755,0,0,0.10540208317127435,7.0,105.2,15.028571428571428,4.714285714285714,7.0,11,0.0,0.0,8.0,1
158763,0,0,0.04514157491829466,6.0,191.6,31.933333333333334,4.166666666666667,6.0,5,0.0,0.0,6.0,3
158766,0,0,0.16435686949227427,3.0,86.5,28.833333333333332,3.3333333333333335,4.0,4,0.0,0.0,1.0,4
158770,0,0,0.07997617393618149,6.0,168.9,28.150000000000002,3.0,6.0,10,0.0,0.0,4.0,1
158772,0,0,0.29009997125764747,2.0,19.6,9.8,2.5,3.0,9,0.0,0.0,0.0,1
158774,0,0,0.09662480226962374,5.0,159.1,31.82,5.2,6.0,9,0.0,0.0,0.0,2
158779,0,0,0.2086708958704254,3.0,40.2,13.4,3.3333333333333335,6.0,18,0.0,0.0,3.0,1
158782,0,0,0.2973067765649737,1.0,9.0,9.0,2.0,2.0,15,0.0,0.0,0.0,3
158795,0,0,0.2514412113853709,1.0,11.0,11.0,2.0,2.0,14,0.0,0.0,2.0,4
158800,0,0,0.2890603682080337,1.0,30.3,30.3,1.0,2.0,10,0.0,0.0,0.0,1
158801,0,0,0.1594343846903092,1.0,53.4,53.4,3.0,2.0,2,0.0,0.0,4.0,4
158802,0,0,0.14384659879955855,4.0,98.0,24.5,2.75,5.0,7,0.0,0.0,3.0,4
158805,0,0,0.27053944991858064,3.0,31.4,10.466666666666667,1.6666666666666667,4.0,9,0.0,0.0,2.0,4
158806,0,0,0.2750673016989945,6.0,65.1,10.85,2.8333333333333335,6.0,13,0.0,0.0,2.0,4
158821,0,0,0.22148640090673047,5.0,58.3,11.66,3.6,6.0,13,0.0,0.0,3.0,1
158826,0,0,0.306099792387043,1.0,8.0,8.0,1.0,2.0,3,0.0,0.0,0.0,3
158835,0,0,0.35060634051930645,4.0,26.0,6.5,2.25,5.0,7,0.0,0.0,0.0,4
158846,0,0,0.23014312045189456,2.0,56.7,28.35,1.5,5.0,18,0.0,0.0,1.0,2
158852,0,0,0.18786458824930258,3.0,48.4,16.133333333333333,3.6666666666666665,4.0,9,0.0,0.0,3.0,4
158862,0,0,0.17178391512154947,2.0,59.3,29.65,5.0,3.0,12,0.0,0.0,1.0,2
158864,0,0,0.2524979358555837,3.0,42.2,14.066666666666668,2.6666666666666665,4.0,11,0.0,0.0,1.0,2
158870,0,0,0.16677225661608633,2.0,33.099999999999994,16.549999999999997,8.5,3.0,2,0.0,0.0,0.0,1
158876,0,0,0.24114533552447517,4.0,52.5,13.125,2.25,5.0,5,0.0,0.0,2.0,2
158891,0,0,0.22048499488734352,2.0,46.800000000000004,23.400000000000002,3.5,3.0,2,0.0,0.0,0.0,1
158899,0,0,0.2799637496710897,2.0,31.0,15.5,2.5,3.0,18,0.0,0.0,0.0,3
158914,0,0,0.30235462745035013,3.0,26.1,8.700000000000001,3.0,4.0,11,0.0,0.0,0.0,3
158920,0,0,0.19331726342565533,2.0,36.0,18.0,3.0,3.0,6,0.0,0.0,3.0,2
158932,0,0,0.023821865242052886,5.0,227.39999999999998,45.48,5.6,6.0,8,0.0,0.0,6.0,3
158936,0,0,0.17592435204530296,4.0,53.7,13.425,4.0,5.0,6,0.0,0.0,4.0,1
158961,0,0,0.1027725500568732,5.0,118.0,23.6,3.8,6.0,12,0.0,0.0,5.0,4
158966,0,0,0.21786643033088235,1.0,20.6,20.6,4.0,2.0,3,0.0,0.0,1.0,1
158989,0,0,0.1499377641098039,2.0,57.5,28.75,3.0,3.0,3,0.0,0.0,4.0,4
158991,0,0,0.09428188749476103,4.0,83.4,20.85,4.0,6.0,15,0.0,0.0,8.0,4
158994,0,0,0.21581970217610164,4.0,38.6,9.65,2.5,6.0,17,0.0,0.0,5.0,4
158995,0,0,0.176692375852872,3.0,39.599999999999994,13.199999999999998,4.0,4.0,4,0.0,0.0,4.0,4
158997,0,0,0.2921321837298112,2.0,3.9,1.95,3.0,3.0,12,0.0,0.0,1.0,4
159007,0,0,0.3399565689670065,5.0,30.6,6.12,2.0,6.0,14,0.0,0.0,2.0,4
159017,0,0,0.22431576110988974,3.0,60.2,20.066666666666666,2.0,4.0,4,0.0,0.0,1.0,2
159019,0,0,0.15206348216561227,2.0,80.4,40.2,4.0,3.0,2,0.0,0.0,1.0,1
159032,0,0,0.15890647492441437,3.0,75.4,25.133333333333336,2.6666666666666665,4.0,5,0.0,0.0,3.0,4
159034,0,0,0.21824693094744224,2.0,24.9,12.45,3.5,3.0,2,0.0,0.0,2.0,4
159038,0,0,0.13730828802680137,5.0,114.6,22.919999999999998,3.4,6.0,11,1.0,4.99,3.0,4
159039,0,0,0.20938988520985294,2.0,26.1,13.05,4.0,3.0,3,0.0,0.0,2.0,4
159040,0,0,0.2600231520801452,2.0,23.9,11.95,3.5,3.0,2,0.0,0.0,0.0,4
159055,0,0,0.28270348309631244,2.0,21.7,10.85,1.5,3.0,6,0.0,0.0,1.0,4
159056,0,0,0.25544486489439944,1.0,19.6,19.6,3.0,2.0,0,0.0,0.0,0.0,4
159057,0,0,0.16590654303336175,3.0,72.8,24.266666666666666,4.666666666666667,4.0,3,0.0,0.0,1.0,4
159058,0,0,0.27322029541777343,1.0,28.1,28.1,2.0,2.0,11,0.0,0.0,0.0,1
159065,0,0,0.17280859005946728,3.0,38.0,12.666666666666666,4.666666666666667,4.0,9,0.0,0.0,4.0,3
159071,0,0,0.2784058376200006,1.0,8.7,8.7,3.0,2.0,14,0.0,0.0,0.0,4
159083,0,0,0.0626131085104338,4.0,134.6,33.65,3.75,5.0,12,0.0,0.0,7.0,2
159088,0,0,0.13129118522935082,5.0,103.5,20.7,2.8,6.0,16,0.0,0.0,5.0,4
159092,0,0,0.24410836594576718,2.0,29.400000000000002,14.700000000000001,3.0,3.0,8,0.0,0.0,1.0,4
159095,0,0,0.04950634041062615,3.0,180.60000000000002,60.20000000000001,3.6666666666666665,4.0,4,0.0,0.0,4.0,4
159097,0,0,0.048740403443968065,5.0,177.5,35.5,6.2,6.0,9,0.0,0.0,4.0,4
159103,0,0,0.2700077351379912,2.0,10.6,5.3,2.0,3.0,5,0.0,0.0,2.0,4
159108,0,0,0.26589190046282174,1.0,6.5,6.5,2.0,2.0,2,0.0,0.0,1.0,4
159111,0,0,0.2967065740613768,2.0,24.9,12.45,1.5,3.0,3,0.0,0.0,0.0,4
159117,0,0,0.27025441925282084,1.0,25.2,25.2,2.0,2.0,2,0.0,0.0,0.0,4
159125,0,0,0.2605499679284514,1.0,19.0,19.0,3.0,2.0,7,0.0,0.0,0.0,2
159134,0,0,0.03058329025088121,8.0,211.1,26.3875,3.75,10.0,17,0.0,0.0,11.0,4
159136,0,0,0.2710423771303197,3.0,30.4,10.133333333333333,3.6666666666666665,4.0,3,0.0,0.0,0.0,1
159137,0,0,0.22732063775797146,2.0,22.0,11.0,4.5,3.0,5,0.0,0.0,1.0,3
159140,0,0,0.24560137071018756,3.0,49.1,16.366666666666667,2.0,4.0,4,0.0,0.0,1.0,3
159150,0,0,0.2614540328065789,4.0,29.4,7.35,4.0,5.0,7,0.0,0.0,2.0,4
159151,0,0,0.3179742231538165,2.0,10.5,5.25,2.0,3.0,7,0.0,0.0,0.0,4
159154,0,0,0.2909062614571957,3.0,30.8,10.266666666666667,2.6666666666666665,4.0,2,0.0,0.0,0.0,4
159191,0,0,0.2020149101884561,2.0,46.5,23.25,2.5,3.0,5,0.0,0.0,2.0,1
159207,0,0,0.14883831694658337,2.0,40.4,20.2,6.0,3.0,5,0.0,0.0,3.0,4
159213,0,0,0.21479423976042594,2.0,45.0,22.5,3.5,3.0,15,0.0,0.0,1.0,1
159216,0,0,0.12945300854050076,5.0,95.2,19.04,2.8,6.0,16,0.0,0.0,6.0,4
159220,0,0,0.17918431813093352,4.0,36.0,9.0,5.0,5.0,10,0.0,0.0,5.0,4
159233,0,0,0.21748861548940215,3.0,48.400000000000006,16.133333333333336,5.0,4.0,4,0.0,0.0,0.0,4
159240,0,0,0.12035511444776076,6.0,97.7,16.283333333333335,3.6666666666666665,6.0,11,0.0,0.0,7.0,4
159245,0,0,0.2800232005012076,1.0,13.9,13.9,2.0,2.0,3,0.0,0.0,0.0,2
159254,0,0,0.1841459445084135,2.0,41.3,20.65,5.5,3.0,4,0.0,0.0,1.0,4
159256,0,0,0.3164085053098296,3.0,28.799999999999997,9.6,2.0,4.0,11,0.0,0.0,0.0,3
159283,0,0,0.2894925385986445,1.0,3.0,3.0,2.0,2.0,0,0.0,0.0,0.0,4
159292,0,0,0.08813793263753261,4.0,170.4,42.6,2.5,5.0,9,0.0,0.0,1.0,1
159294,0,0,0.18579000939071602,4.0,44.8,11.2,3.5,5.0,13,0.0,0.0,5.0,1
159298,0,0,0.18532537195010632,1.0,47.2,47.2,6.0,2.0,0,0.0,0.0,0.0,4
159306,0,0,0.13825033464301176,3.0,84.8,28.266666666666666,3.3333333333333335,4.0,4,0.0,0.0,3.0,4
159312,1,0,0.28878347242071384,1.0,3.1,3.1,1.0,2.0,3,0.0,0.0,1.0,4
159313,0,0,0.2240746816573947,1.0,30.1,30.1,2.0,2.0,3,0.0,0.0,2.0,2
159369,0,0,0.1280747680199093,5.0,90.4,18.080000000000002,3.4,7.0,18,0.0,0.0,6.0,1
159372,0,0,0.027302073771644685,5.0,150.29999999999998,30.059999999999995,5.4,6.0,11,0.0,0.0,13.0,4
159377,0,0,0.24869887214555003,2.0,28.7,14.35,2.5,3.0,2,0.0,0.0,1.0,4
159383,0,0,0.31813587250033243,4.0,37.9,9.475,2.75,6.0,15,0.0,0.0,0.0,4
159402,0,0,0.13322470686175006,5.0,84.9,16.98,3.6,6.0,15,0.0,0.0,6.0,3
159407,0,0,0.23980579194580787,4.0,22.3,5.575,3.75,5.0,8,0.0,0.0,4.0,4
159409,0,0,0.28118674809474037,1.0,33.4,33.4,1.0,2.0,2,0.0,0.0,0.0,4
159412,0,0,0.08396864415908571,5.0,91.7,18.34,4.6,6.0,11,0.0,0.0,9.0,4
159415,0,0,0.24850225005427995,1.0,8.7,8.7,4.0,2.0,4,0.0,0.0,0.0,1
159419,0,0,0.122038774140146,6.0,116.8,19.466666666666665,4.666666666666667,6.0,11,0.0,0.0,4.0,4
159425,0,0,0.1480076973390032,4.0,72.2,18.05,3.0,5.0,6,0.0,0.0,5.0,4
159428,0,0,0.19416440853730932,4.0,53.0,13.25,4.5,6.0,15,0.0,0.0,3.0,4
159442,0,0,0.12077246737995082,6.0,86.0,14.333333333333334,4.0,6.0,13,0.0,0.0,8.0,4
159455,1,0,0.2711315809160225,2.0,19.799999999999997,9.899999999999999,2.5,3.0,10,0.0,0.0,1.0,4
159471,0,0,0.1640976924025526,2.0,37.900000000000006,18.950000000000003,5.0,3.0,5,0.0,0.0,3.0,4
159476,0,0,0.26753108222047345,3.0,15.0,5.0,3.3333333333333335,4.0,6,0.0,0.0,2.0,1
159477,0,0,0.2855241550768423,1.0,7.1,7.1,2.0,2.0,0,0.0,0.0,0.0,4
159484,0,0,0.18246749963796471,3.0,57.5,19.166666666666668,3.0,4.0,8,0.0,0.0,3.0,4
159488,0,0,0.22845633895655254,1.0,8.3,8.3,5.0,2.0,0,0.0,0.0,0.0,1
159504,0,0,0.2857512695068468,1.0,5.9,5.9,2.0,2.0,0,0.0,0.0,0.0,3
159514,0,0,0.2871838272354184,1.0,25.2,25.2,1.0,2.0,1,0.0,0.0,0.0,3
159521,0,0,0.2707158185939801,1.0,42.5,42.5,1.0,2.0,0,0.0,0.0,0.0,4
159522,0,0,0.11601186276728044,6.0,93.4,15.566666666666668,3.6666666666666665,6.0,15,0.0,0.0,8.0,4
159526,0,0,0.02037202395924613,8.0,237.7,29.7125,3.5,8.0,12,0.0,0.0,12.0,4
159527,0,0,0.2922220706598574,1.0,8.2,8.2,2.0,2.0,9,0.0,0.0,0.0,3
159528,0,0,0.06922370545132576,6.0,138.4,23.066666666666666,5.166666666666667,6.0,12,0.0,0.0,7.0,4
159549,0,0,0.14040597372908564,5.0,92.0,18.4,4.2,6.0,10,0.0,0.0,4.0,3
159552,0,0,0.23825125017224413,5.0,54.2,10.84,2.0,6.0,13,0.0,0.0,4.0,3
159555,0,0,0.24108430348637483,3.0,42.7,14.233333333333334,4.0,4.0,3,0.0,0.0,0.0,1
159564,0,0,0.2829365791958092,2.0,21.200000000000003,10.600000000000001,2.0,5.0,18,0.0,0.0,1.0,4
159565,0,0,0.23727971159848363,1.0,18.9,18.9,3.0,2.0,2,0.0,0.0,1.0,4
159576,0,0,0.24936220117916943,2.0,12.7,6.35,3.0,3.0,6,0.0,0.0,2.0,4
159577,1,0,0.28884630809886863,3.0,18.3,6.1000000000000005,1.0,4.0,10,0.0,0.0,3.0,4
159579,0,0,0.03838564913304916,6.0,138.6,23.099999999999998,4.833333333333333,7.0,17,0.0,0.0,13.0,3
159587,0,0,0.2155941726334552,3.0,35.7,11.9,4.0,4.0,3,0.0,0.0,2.0,2
159588,0,0,0.15168600958874473,2.0,92.8,46.4,3.0,3.0,2,0.0,0.0,1.0,4
159596,0,0,0.1923583197091685,3.0,36.9,12.299999999999999,3.3333333333333335,4.0,7,0.0,0.0,4.0,4
159598,0,0,0.25056119226820556,3.0,53.2,17.733333333333334,1.6666666666666667,4.0,11,0.0,0.0,1.0,4
159605,0,0,0.09361225567053821,7.0,100.5,14.357142857142858,3.4285714285714284,9.0,16,0.0,0.0,11.0,4
159615,0,0,0.27515793886041856,3.0,36.8,12.266666666666666,3.3333333333333335,4.0,7,1.0,4.99,0.0,1
159637,0,0,0.239033124691838,2.0,36.0,18.0,3.5,3.0,1,0.0,0.0,0.0,4
159643,0,0,0.299108425743454,1.0,18.0,18.0,1.0,2.0,6,0.0,0.0,0.0,3
159662,1,0,0.23100192233421218,2.0,28.4,14.2,3.0,5.0,17,0.0,0.0,2.0,4
159667,0,0,0.09058135734454549,5.0,159.9,31.98,3.4,6.0,8,0.0,0.0,2.0,1
159681,0,0,0.2609237168436465,1.0,16.9,16.9,2.0,2.0,7,0.0,0.0,1.0,4
159683,0,0,0.26091838913306953,3.0,32.3,10.766666666666666,3.3333333333333335,4.0,13,0.0,0.0,1.0,1
159689,0,0,0.21052409932566307,4.0,71.5,17.875,2.25,5.0,11,0.0,0.0,2.0,3
159696,0,0,0.2615791288781655,1.0,2.1,2.1,4.0,2.0,12,0.0,0.0,0.0,1
159698,0,0,0.22203973623239912,4.0,66.0,16.5,3.5,5.0,13,0.0,0.0,1.0,4
159710,0,0,0.08368675775684839,4.0,111.0,27.75,4.5,5.0,13,0.0,0.0,6.0,4
159713,0,0,0.10461365051669895,5.0,57.5,11.5,4.0,6.0,15,0.0,0.0,11.0,4
159721,0,0,0.19322758793368025,1.0,36.3,36.3,6.0,2.0,0,0.0,0.0,0.0,4
159729,0,0,0.2512340004630922,3.0,35.1,11.700000000000001,2.3333333333333335,4.0,10,0.0,0.0,2.0,3
159730,0,0,0.2874088703777248,2.0,22.1,11.05,2.0,3.0,1,0.0,0.0,0.0,1
159733,0,0,0.1873146806133234,3.0,69.4,23.133333333333336,3.6666666666666665,4.0,8,0.0,0.0,1.0,3
159735,0,0,0.2360013167809476,4.0,43.3,10.825,2.5,5.0,7,0.0,0.0,3.0,1
159736,1,0,0.3089849323042022,1.0,4.2,4.2,1.0,2.0,4,0.0,0.0,0.0,1
159737,0,0,0.2697076425083703,1.0,6.0,6.0,3.0,2.0,2,0.0,0.0,0.0,4
159740,0,0,0.20624217432642522,4.0,43.3,10.825,5.0,5.0,17,0.0,0.0,3.0,4
159743,0,0,0.22536558775937193,4.0,51.9,12.975,3.75,6.0,17,0.0,0.0,2.0,1
159744,1,0,0.3307614100548637,2.0,10.8,5.4,1.5,3.0,11,0.0,0.0,0.0,3
159752,0,0,0.0056886885825607825,9.0,332.8,36.97777777777778,5.444444444444445,9.0,12,0.0,0.0,13.0,4
159755,0,0,0.16188813140605995,5.0,77.10000000000001,15.420000000000002,5.4,6.0,9,0.0,0.0,3.0,4
159760,0,0,0.08308564438651111,4.0,103.9,25.975,3.0,5.0,12,0.0,0.0,8.0,4
159764,0,0,0.2542606096884956,2.0,21.0,10.5,3.5,4.0,15,0.0,0.0,1.0,4
159767,0,0,0.16696996466453293,4.0,41.1,10.275,2.75,5.0,7,0.0,0.0,7.0,3
159781,0,0,0.06001870781922516,5.0,164.2,32.839999999999996,3.4,6.0,15,0.0,0.0,6.0,4
159783,0,0,0.33631121975207406,2.0,3.8,1.9,2.0,3.0,14,0.0,0.0,0.0,2
159804,1,0,0.15455448642949374,7.0,99.3,14.185714285714285,2.142857142857143,7.0,12,0.0,0.0,7.0,4
159808,0,0,0.24442313975607396,2.0,38.5,19.25,3.0,3.0,3,0.0,0.0,0.0,3
159813,0,0,0.3252992830641376,3.0,6.6000000000000005,2.2,2.6666666666666665,4.0,8,0.0,0.0,1.0,3
159816,0,0,0.27197470921508154,2.0,32.8,16.4,2.0,3.0,2,0.0,0.0,0.0,4
159828,0,0,0.2725054193894191,1.0,20.2,20.2,1.0,2.0,4,0.0,0.0,1.0,3
159842,1,0,0.30348698893409504,2.0,11.3,5.65,3.0,3.0,14,0.0,0.0,0.0,4
159845,0,0,0.028924087580004157,7.0,180.6,25.8,5.285714285714286,7.0,12,0.0,0.0,12.0,3
159854,0,0,0.2342128089993833,1.0,6.7,6.7,4.0,2.0,6,0.0,0.0,1.0,4
159864,0,0,0.1969594271089952,2.0,21.8,10.9,4.5,3.0,12,0.0,0.0,3.0,4
159894,0,0,0.25236411045514984,1.0,13.2,13.2,3.0,3.0,15,0.0,0.0,1.0,4
159900,0,0,0.18577705858383034,3.0,36.4,12.133333333333333,4.0,4.0,11,0.0,0.0,4.0,3
159903,0,0,0.05602711373639559,4.0,99.0,24.75,3.5,6.0,16,0.0,0.0,12.0,4
159910,0,0,0.2775054528364541,3.0,16.6,5.533333333333334,2.6666666666666665,4.0,5,0.0,0.0,2.0,3
159916,0,0,0.2561064522126658,1.0,17.9,17.9,3.0,2.0,0,0.0,0.0,0.0,3
159922,0,0,0.1686152313415032,3.0,60.699999999999996,20.23333333333333,3.6666666666666665,4.0,11,1.0,19.99,3.0,4
159925,0,0,0.2426636990414859,3.0,47.6,15.866666666666667,2.3333333333333335,4.0,3,0.0,0.0,1.0,4
159933,0,0,0.23514230887988796,1.0,15.2,15.2,5.0,2.0,12,0.0,0.0,0.0,4
159937,0,0,0.16038412883703768,2.0,77.0,38.5,4.0,3.0,9,0.0,0.0,1.0,1
159952,0,0,0.1986024640181611,3.0,36.7,12.233333333333334,3.3333333333333335,4.0,15,0.0,0.0,4.0,4
159960,0,0,0.31614301796886274,1.0,11.0,11.0,1.0,2.0,15,0.0,0.0,0.0,4
159961,0,0,0.23117571345581248,1.0,25.8,25.8,4.0,2.0,0,0.0,0.0,0.0,2
159962,0,0,0.24438586944004292,1.0,12.3,12.3,4.0,2.0,0,0.0,0.0,0.0,4
159965,0,0,0.25996922059402716,5.0,58.1,11.620000000000001,2.8,6.0,16,0.0,0.0,2.0,3
159973,0,0,0.11749888660989746,3.0,57.0,19.0,4.0,4.0,11,0.0,0.0,7.0,4
159975,0,0,0.18545518498150207,3.0,27.3,9.1,4.0,6.0,16,0.0,0.0,5.0,4
159987,0,0,0.16440677387746283,2.0,73.3,36.65,3.0,3.0,10,0.0,0.0,2.0,3
159996,0,0,0.09712675772040756,3.0,108.10000000000001,36.03333333333334,5.0,4.0,3,0.0,0.0,3.0,4
159997,0,0,0.12413636707959722,4.0,89.4,22.35,4.5,5.0,12,0.0,0.0,4.0,1
159999,0,0,0.31055463833229996,0.0,0.0,0.0,0.0,1.0,17,0.0,0.0,0.0,4
160001,0,0,0.027442288897442067,8.0,206.6,25.825,4.125,8.0,10,0.0,0.0,12.0,4
160003,0,0,0.2736926316267592,1.0,3.1,3.1,2.0,2.0,7,0.0,0.0,1.0,4
160008,0,0,0.23322282600908578,1.0,8.5,8.5,5.0,2.0,3,0.0,0.0,0.0,4
160014,0,0,0.1495793553261397,3.0,72.8,24.266666666666666,3.6666666666666665,4.0,4,0.0,0.0,3.0,4
160027,0,0,0.25121845099912576,1.0,22.4,22.4,3.0,2.0,0,0.0,0.0,0.0,2
160032,0,0,0.09273203645282407,4.0,139.4,34.85,4.5,5.0,10,0.0,0.0,2.0,3
160046,0,0,0.2973868781254062,1.0,15.6,15.6,2.0,2.0,13,1.0,4.99,0.0,4
160047,0,0,0.23284628090379192,2.0,29.0,14.5,3.5,3.0,4,0.0,0.0,1.0,4
160053,0,0,0.11312452541763787,3.0,85.30000000000001,28.433333333333337,2.6666666666666665,5.0,15,0.0,0.0,6.0,4
160060,0,0,0.21225836978728913,1.0,68.8,68.8,3.0,2.0,0,0.0,0.0,0.0,2
160061,0,0,0.12860972603673343,3.0,81.10000000000001,27.033333333333335,5.666666666666667,4.0,3,0.0,0.0,2.0,2
160065,0,0,0.23978617581506242,2.0,17.3,8.65,4.0,3.0,1,0.0,0.0,1.0,3
160089,0,0,0.0009522232329824033,11.0,418.3,38.02727272727273,6.181818181818182,10.0,14,0.0,0.0,22.0,4
160090,0,0,0.27026425664476494,1.0,21.3,21.3,2.0,2.0,1,0.0,0.0,0.0,1
160091,0,0,0.2507558080530837,2.0,33.1,16.55,3.5,3.0,9,0.0,0.0,0.0,4
160102,0,0,0.21469416918422765,1.0,6.4,6.4,6.0,2.0,1,0.0,0.0,0.0,1
160107,0,0,0.162307831285639,5.0,97.0,19.4,3.2,6.0,15,0.0,0.0,3.0,3
160108,0,0,0.1861023155134083,2.0,46.5,23.25,6.0,3.0,3,0.0,0.0,0.0,4
160121,0,0,0.0781036314084317,4.0,68.5,17.125,5.25,5.0,7,0.0,0.0,10.0,4
160124,0,0,0.1840830819935574,5.0,55.5,11.1,4.0,6.0,9,0.0,0.0,5.0,4
160132,0,0,0.20259389836579147,4.0,80.6,20.15,1.75,5.0,11,0.0,0.0,2.0,4
160138,0,0,0.13192441324076792,4.0,100.8,25.2,3.5,5.0,10,0.0,0.0,3.0,1
160140,0,0,0.22443160245799837,2.0,46.3,23.15,3.5,3.0,3,0.0,0.0,0.0,4
160141,0,0,0.25785775203777705,2.0,41.0,20.5,2.0,3.0,4,0.0,0.0,0.0,2
160156,0,0,0.3172578581033431,3.0,27.8,9.266666666666667,1.6666666666666667,4.0,4,0.0,0.0,0.0,2
160161,0,0,0.12357627755563995,4.0,83.0,20.75,5.25,5.0,8,0.0,0.0,4.0,4
160165,1,0,0.27191006254010247,3.0,35.9,11.966666666666667,2.3333333333333335,4.0,11,0.0,0.0,1.0,3
160168,0,0,0.2685287692391171,2.0,27.099999999999998,13.549999999999999,2.0,3.0,12,0.0,0.0,1.0,3
160173,0,0,0.3057940087657315,2.0,18.5,9.25,2.0,3.0,11,0.0,0.0,0.0,3
160179,0,0,0.245801335736892,3.0,25.6,8.533333333333333,3.3333333333333335,4.0,2,0.0,0.0,2.0,4
160187,1,0,0.21450550461446738,5.0,64.2,12.84,3.6,7.0,18,0.0,0.0,3.0,3
160200,0,0,0.18456978244409697,4.0,60.0,15.0,5.0,5.0,5,0.0,0.0,2.0,2
160203,0,0,0.23597812882733896,2.0,37.9,18.95,3.5,3.0,1,0.0,0.0,0.0,4
160206,1,0,0.31422787910619343,1.0,6.0,6.0,1.0,2.0,11,0.0,0.0,0.0,1
160214,0,0,0.15351227350621466,2.0,67.7,33.85,4.5,6.0,18,0.0,0.0,2.0,1
160223,0,0,0.05088396804305026,7.0,203.9,29.12857142857143,3.142857142857143,7.0,11,0.0,0.0,6.0,4
160228,0,0,0.11293487915288278,8.0,126.69999999999999,15.837499999999999,4.375,8.0,14,0.0,0.0,7.0,4
160231,0,0,0.181947696738116,1.0,11.5,11.5,5.0,2.0,10,0.0,0.0,3.0,4
160236,1,0,0.24389028183001432,3.0,40.6,13.533333333333333,2.3333333333333335,5.0,15,0.0,0.0,2.0,3
160240,0,0,0.06741591388754548,8.0,183.5,22.9375,4.125,8.0,11,0.0,0.0,6.0,3
160242,1,0,0.17783607207815566,4.0,70.0,17.5,2.25,5.0,11,0.0,0.0,4.0,2
160244,0,0,0.17784941104265858,2.0,44.0,22.0,6.0,3.0,10,0.0,0.0,1.0,4
160254,0,0,0.20247157362331605,1.0,17.1,17.1,3.0,2.0,4,0.0,0.0,3.0,4
160266,0,0,0.25872402641862113,1.0,7.2,7.2,4.0,2.0,13,0.0,0.0,0.0,2
160268,0,0,0.16586463299606555,3.0,88.5,29.5,3.0,4.0,6,0.0,0.0,1.0,2
160274,0,0,0.23893941199413424,3.0,49.3,16.433333333333334,2.6666666666666665,4.0,9,0.0,0.0,1.0,4
160282,0,0,0.10214742914351191,3.0,120.6,40.199999999999996,4.666666666666667,4.0,13,0.0,0.0,2.0,3
160288,0,0,0.2776515305826487,1.0,15.4,15.4,2.0,2.0,2,0.0,0.0,0.0,2
160299,0,0,0.22987178152301513,2.0,44.400000000000006,22.200000000000003,3.5,3.0,6,0.0,0.0,0.0,4
160309,0,0,0.19792281689091312,2.0,18.8,9.4,5.5,3.0,4,0.0,0.0,2.0,4
160314,0,0,0.1573410804348425,4.0,91.19999999999999,22.799999999999997,3.5,5.0,5,0.0,0.0,2.0,4
160315,0,0,0.20754154849735687,3.0,21.3,7.1000000000000005,3.0,4.0,11,0.0,0.0,5.0,3
160324,0,0,0.24791832329562147,2.0,23.200000000000003,11.600000000000001,2.5,5.0,17,0.0,0.0,2.0,4
160330,0,0,0.27260967741223213,1.0,0.9,0.9,3.0,2.0,0,0.0,0.0,0.0,4
160333,0,0,0.1805847161374601,4.0,64.0,16.0,2.75,5.0,9,0.0,0.0,4.0,4
160337,0,0,0.21485307258776898,4.0,45.4,11.35,4.0,5.0,14,0.0,0.0,3.0,3
160340,0,0,0.16039128757936844,1.0,24.8,24.8,9.0,2.0,0,0.0,0.0,0.0,4
160343,0,0,0.235468588178027,2.0,27.9,13.95,3.5,3.0,6,0.0,0.0,1.0,3
160346,0,0,0.23208916380547964,2.0,29.299999999999997,14.649999999999999,4.5,3.0,1,0.0,0.0,0.0,3
160357,0,0,0.28989950565594685,2.0,21.3,10.65,2.5,3.0,12,0.0,0.0,0.0,1
160365,0,0,0.3165807111065753,4.0,26.9,6.725,1.75,6.0,15,0.0,0.0,2.0,4
160391,0,0,0.04215470079473992,5.0,200.89999999999998,40.17999999999999,2.8,7.0,16,0.0,0.0,6.0,2
160406,0,0,0.2638680428218933,1.0,25.5,25.5,3.0,4.0,18,0.0,0.0,0.0,4
160407,0,0,0.23390260778637909,5.0,79.6,15.919999999999998,3.4,6.0,5,0.0,0.0,0.0,1
160416,0,0,0.25586327889328403,3.0,31.5,10.5,2.6666666666666665,4.0,13,0.0,0.0,2.0,4
160429,0,0,0.2394144929055043,2.0,39.5,19.75,2.5,4.0,15,0.0,0.0,1.0,2
160431,0,0,0.19394337534417241,4.0,46.6,11.65,3.0,6.0,17,0.0,0.0,5.0,4
160442,0,0,0.358856073957344,4.0,17.5,4.375,3.0,5.0,3,1.0,4.99,0.0,3
160445,0,0,0.05671093235089543,8.0,199.0,24.875,3.125,8.0,14,0.0,0.0,7.0,4
160446,0,0,0.12363648182060548,3.0,112.7,37.56666666666667,3.3333333333333335,4.0,15,0.0,0.0,2.0,3
160460,1,0,0.1092757085810774,5.0,82.8,16.56,3.8,6.0,13,0.0,0.0,8.0,3
160461,0,0,0.28607181929809306,3.0,20.2,6.733333333333333,3.0,4.0,4,0.0,0.0,1.0,4
160474,0,0,0.044251748661846946,4.0,194.9,48.725,4.25,5.0,12,0.0,0.0,4.0,4
160492,0,0,0.2150699872895463,1.0,47.4,47.4,4.0,2.0,0,0.0,0.0,0.0,4
160493,0,0,0.1335578530637712,2.0,80.4,40.2,3.5,3.0,4,0.0,0.0,3.0,4
160498,0,0,0.12177260675756717,5.0,117.5,23.5,3.6,6.0,14,1.0,1.99,4.0,4
160505,0,0,0.05549558854032781,4.0,112.69999999999999,28.174999999999997,6.25,5.0,5,0.0,0.0,8.0,4
160511,0,0,0.2648773408080799,2.0,16.2,8.1,2.0,3.0,10,0.0,0.0,2.0,4
160514,0,0,0.21483509957867528,2.0,21.9,10.95,4.0,3.0,2,0.0,0.0,2.0,4
160528,0,0,0.044949781989227125,9.0,183.3,20.366666666666667,4.0,9.0,13,1.0,1.99,12.0,4
160544,0,0,0.3014789075283969,1.0,10.6,10.6,1.0,2.0,0,0.0,0.0,0.0,4
160546,1,0,0.28150606802921346,2.0,18.0,9.0,3.0,3.0,6,0.0,0.0,0.0,2
160548,0,0,0.13738969503476967,3.0,94.1,31.366666666666664,2.3333333333333335,4.0,6,1.0,19.99,3.0,4
160549,0,0,0.14852240819704576,3.0,54.2,18.066666666666666,4.666666666666667,4.0,6,0.0,0.0,4.0,3
160555,0,0,0.1427255588840737,5.0,68.8,13.76,4.2,6.0,5,0.0,0.0,6.0,3
160562,0,0,0.27342486773687485,1.0,12.0,12.0,2.0,3.0,18,0.0,0.0,1.0,3
160568,0,0,0.09663704939035261,3.0,42.5,14.166666666666666,4.333333333333333,4.0,10,0.0,0.0,10.0,4
160588,0,0,0.2108323050610968,2.0,29.0,14.5,5.5,4.0,18,0.0,0.0,1.0,4
160590,0,0,0.26846338169138323,1.0,7.8,7.8,2.0,2.0,9,0.0,0.0,1.0,1
160591,0,0,0.18991608488216793,2.0,45.1,22.55,3.5,3.0,3,0.0,0.0,2.0,4
160594,0,0,0.22806778317844204,3.0,47.5,15.833333333333334,3.6666666666666665,4.0,13,0.0,0.0,1.0,3
160598,0,0,0.17025742926264217,4.0,74.8,18.7,2.5,5.0,14,0.0,0.0,4.0,4
160600,0,0,0.2295255656020656,1.0,12.9,12.9,5.0,2.0,3,0.0,0.0,0.0,4
160606,0,0,0.2486675483240311,2.0,37.5,18.75,3.0,3.0,5,0.0,0.0,0.0,4
160609,0,0,0.2810022960125519,3.0,21.0,7.0,3.3333333333333335,4.0,9,0.0,0.0,1.0,2
160620,0,0,0.17721014264678553,1.0,19.2,19.2,8.0,2.0,0,0.0,0.0,0.0,4
160633,0,0,0.289539957771,3.0,35.400000000000006,11.800000000000002,2.3333333333333335,4.0,4,0.0,0.0,0.0,4
160636,0,0,0.11509574053283116,3.0,72.3,24.099999999999998,7.0,4.0,5,0.0,0.0,3.0,4
160646,0,0,0.09045524389733273,4.0,100.10000000000001,25.025000000000002,5.5,5.0,5,0.0,0.0,5.0,1
160653,0,0,0.27316013684098855,1.0,20.1,20.1,2.0,2.0,0,0.0,0.0,0.0,4
160672,0,0,0.23213073001387222,1.0,23.7,23.7,4.0,2.0,0,0.0,0.0,0.0,1
160674,0,0,0.19887282691416933,3.0,38.5,12.833333333333334,4.0,4.0,10,0.0,0.0,3.0,3
160675,0,0,0.20986537959164753,4.0,69.30000000000001,17.325000000000003,2.75,5.0,14,0.0,0.0,2.0,4
160686,0,0,0.13318436379317672,2.0,31.1,15.55,4.0,5.0,17,0.0,0.0,7.0,4
160687,0,0,0.26116234393217913,1.0,17.3,17.3,3.0,2.0,5,0.0,0.0,0.0,3
160691,0,0,0.19669427948554732,4.0,91.8,22.95,2.75,5.0,5,0.0,0.0,0.0,1
160695,0,0,0.13291240834539325,4.0,99.60000000000001,24.900000000000002,3.75,5.0,14,0.0,0.0,3.0,1
160696,0,0,0.2909467148980601,3.0,38.2,12.733333333333334,2.3333333333333335,5.0,18,1.0,19.99,0.0,2
160701,0,0,0.18683756549423602,1.0,7.8,7.8,6.0,6.0,18,0.0,0.0,2.0,1
160703,0,0,0.26327538900771086,1.0,12.0,12.0,3.0,2.0,2,0.0,0.0,0.0,3
160704,0,0,0.2867016554998352,1.0,8.9,8.9,2.0,2.0,4,0.0,0.0,0.0,3
160709,0,0,0.034797330896795445,6.0,186.4,31.066666666666666,4.666666666666667,6.0,14,0.0,0.0,9.0,4
160711,0,0,0.14430628723418318,4.0,59.2,14.8,3.0,5.0,7,1.0,99.99,4.0,4
160739,0,0,0.20909407697311458,3.0,44.6,14.866666666666667,4.333333333333333,4.0,14,1.0,4.99,2.0,1
160748,0,0,0.12316128989605063,5.0,83.9,16.78,3.4,6.0,12,0.0,0.0,7.0,4
160779,0,0,0.16362689516928988,3.0,53.2,17.733333333333334,2.6666666666666665,4.0,11,0.0,0.0,5.0,4
160783,0,0,0.29783364873227863,3.0,34.0,11.333333333333334,2.6666666666666665,4.0,18,0.0,0.0,0.0,2
160785,0,0,0.2511399529850069,4.0,61.4,15.35,3.25,5.0,11,0.0,0.0,0.0,1
160787,0,0,0.04664106145872311,7.0,202.9,28.985714285714288,4.0,7.0,8,0.0,0.0,6.0,2
160797,0,0,0.1759348531261728,5.0,65.3,13.059999999999999,3.6,6.0,13,0.0,0.0,5.0,4
160800,0,0,0.014345544530521913,7.0,316.0,45.142857142857146,3.0,9.0,17,0.0,0.0,6.0,3
160803,0,0,0.10342369660284599,2.0,62.6,31.3,5.0,3.0,5,1.0,9.99,6.0,4
160812,0,0,0.23798035017350347,1.0,21.7,21.7,4.0,2.0,2,0.0,0.0,0.0,4
160829,0,0,0.22112725603076194,3.0,8.5,2.8333333333333335,4.666666666666667,4.0,12,1.0,19.99,4.0,4
160833,0,0,0.24874105286059803,3.0,17.1,5.7,4.0,4.0,2,0.0,0.0,2.0,2
160841,0,0,0.09253889217564311,4.0,118.0,29.5,5.25,6.0,15,1.0,1.99,4.0,1
160847,0,0,0.012761240470253142,9.0,314.2,34.91111111111111,5.444444444444445,9.0,15,1.0,4.99,8.0,1
160861,0,0,0.17058604723781948,1.0,68.9,68.9,5.0,2.0,4,0.0,0.0,1.0,4
160867,0,0,0.29235078679825915,1.0,8.1,8.1,2.0,2.0,10,0.0,0.0,0.0,2
160868,0,0,0.18194005983869815,2.0,35.1,17.55,3.0,3.0,10,0.0,0.0,4.0,4
160883,0,0,0.21124772711064388,2.0,30.299999999999997,15.149999999999999,2.5,3.0,7,0.0,0.0,3.0,4
160894,0,0,0.1824541514845008,1.0,5.8,5.8,5.0,2.0,5,0.0,0.0,3.0,4
160898,0,0,0.07209863387406548,6.0,110.7,18.45,4.5,6.0,10,0.0,0.0,10.0,4
160902,0,0,0.15012558633842646,3.0,54.5,18.166666666666668,3.6666666666666665,4.0,12,0.0,0.0,5.0,4
160906,0,0,0.06961387227277312,5.0,139.2,27.839999999999996,3.8,7.0,17,1.0,9.99,7.0,4
160939,0,0,0.039240453143028126,6.0,220.9,36.81666666666667,4.5,6.0,8,0.0,0.0,4.0,1
160941,0,0,0.06325988599239803,4.0,177.5,44.375,5.5,5.0,7,0.0,0.0,1.0,3
160943,0,0,0.23529540137269972,2.0,31.700000000000003,15.850000000000001,3.0,3.0,4,0.0,0.0,1.0,2
160947,0,0,0.20965325397284942,3.0,54.2,18.066666666666666,3.0,4.0,14,0.0,0.0,2.0,4
160952,0,0,0.01693868145638582,8.0,180.7,22.5875,4.625,9.0,15,0.0,0.0,19.0,4
160953,0,0,0.22482847110994097,2.0,45.0,22.5,3.5,3.0,2,0.0,0.0,0.0,3
160957,0,0,0.2451286434675822,1.0,3.6,3.6,4.0,3.0,17,0.0,0.0,1.0,4
160961,0,0,0.16493445898928139,2.0,78.9,39.45,4.5,3.0,2,1.0,9.99,0.0,1
160971,0,0,0.3048487504400708,2.0,6.5,3.25,2.0,6.0,17,0.0,0.0,1.0,1
160975,1,0,0.04310798073882831,4.0,163.7,40.925,3.5,6.0,15,0.0,0.0,8.0,3
160977,0,0,0.22014455817133474,1.0,6.6,6.6,3.0,2.0,16,0.0,0.0,3.0,4
160984,0,0,0.2145215173628531,2.0,43.7,21.85,2.0,3.0,3,0.0,0.0,2.0,4
160992,0,0,0.0817595947345915,4.0,106.5,26.625,4.75,5.0,5,0.0,0.0,6.0,1
160993,0,0,0.24065349787503013,1.0,16.6,16.6,4.0,2.0,0,0.0,0.0,0.0,4
160998,1,0,0.3236316415122789,3.0,33.0,11.0,1.3333333333333333,4.0,13,0.0,0.0,0.0,4
161006,0,0,0.25044497528740045,1.0,25.2,25.2,3.0,2.0,0,0.0,0.0,0.0,4
161015,0,0,0.012344038716890875,6.0,255.4,42.56666666666667,5.0,8.0,18,0.0,0.0,11.0,2
161028,0,0,0.19251543026541168,4.0,60.7,15.175,2.25,5.0,11,0.0,0.0,4.0,1
161031,0,0,0.265445946387931,1.0,11.0,11.0,2.0,2.0,7,0.0,0.0,1.0,3
161033,0,0,0.304423404036226,2.0,9.899999999999999,4.949999999999999,1.5,3.0,6,0.0,0.0,1.0,4
161034,0,0,0.23918869306785023,1.0,18.3,18.3,4.0,2.0,0,0.0,0.0,0.0,4
161036,0,0,0.15746946107433193,5.0,99.6,19.919999999999998,4.4,6.0,13,0.0,0.0,2.0,4
161039,0,0,0.10596060684698644,3.0,94.3,31.433333333333334,3.6666666666666665,4.0,14,0.0,0.0,5.0,4
161047,0,0,0.14750673302772283,2.0,63.9,31.95,6.0,3.0,3,0.0,0.0,1.0,1
161049,0,0,0.23843060881365016,1.0,15.3,15.3,1.0,2.0,7,0.0,0.0,3.0,4
161057,0,0,0.2138345434780109,3.0,51.6,17.2,2.6666666666666665,4.0,8,0.0,0.0,2.0,3
161082,0,0,0.20235256677056826,3.0,44.6,14.866666666666667,2.0,5.0,15,0.0,0.0,4.0,1
161088,0,0,0.2607741066617011,3.0,38.4,12.799999999999999,3.0,5.0,18,0.0,0.0,1.0,4
161106,0,0,0.200743083266387,1.0,45.2,45.2,2.0,2.0,12,0.0,0.0,3.0,2
161158,0,0,0.17260124710661323,2.0,56.5,28.25,5.0,3.0,6,0.0,0.0,1.0,4
161170,0,0,0.1927551971481067,1.0,14.3,14.3,4.0,2.0,9,0.0,0.0,3.0,3
161194,0,0,0.21067484497882197,1.0,32.2,32.2,5.0,2.0,0,0.0,0.0,0.0,3
161207,0,0,0.26279193831671055,1.0,11.5,11.5,3.0,2.0,0,0.0,0.0,0.0,4
161212,0,0,0.2790043644711128,4.0,45.5,11.375,2.5,5.0,13,0.0,0.0,1.0,1
161219,0,0,0.291887692855576,2.0,17.0,8.5,2.5,3.0,4,0.0,0.0,0.0,3
161241,0,0,0.2672144331675859,1.0,5.1,5.1,2.0,2.0,3,0.0,0.0,1.0,3
161255,1,0,0.2128818719015816,2.0,30.1,15.05,4.0,3.0,15,0.0,0.0,2.0,4
161274,0,0,0.1650748589650081,2.0,42.7,21.35,5.5,3.0,2,0.0,0.0,2.0,4
161275,0,0,0.27814130234696127,7.0,69.6,9.942857142857141,2.7142857142857144,7.0,14,0.0,0.0,3.0,3
161276,0,0,0.07914083017253869,7.0,179.3,25.614285714285717,3.4285714285714284,7.0,9,0.0,0.0,4.0,3
161282,0,0,0.1576400132220975,3.0,60.4,20.133333333333333,4.666666666666667,4.0,10,0.0,0.0,3.0,4
161285,1,0,0.31617215789222863,1.0,6.7,6.7,1.0,3.0,15,0.0,0.0,0.0,1
161288,0,0,0.24533329811770455,3.0,24.2,8.066666666666666,3.6666666666666665,4.0,6,0.0,0.0,2.0,3
161297,0,0,0.11915137146983688,2.0,51.1,25.55,6.5,3.0,6,0.0,0.0,4.0,2
161304,0,0,0.02569838010495621,5.0,217.3,43.46,6.0,6.0,10,0.0,0.0,6.0,1
161312,1,0,0.253054776607296,4.0,24.6,6.15,3.0,6.0,15,0.0,0.0,4.0,4
161315,0,0,0.07804895927772847,3.0,156.5,52.166666666666664,3.3333333333333335,4.0,2,0.0,0.0,2.0,3
161325,0,0,0.1859055769478049,4.0,81.4,20.35,2.5,5.0,8,0.0,0.0,2.0,1
161327,0,0,0.08610861513189215,4.0,147.7,36.925,4.25,5.0,9,0.0,0.0,2.0,1
161329,0,0,0.1103420962259478,3.0,109.3,36.43333333333333,2.6666666666666665,4.0,13,0.0,0.0,4.0,4
161330,0,0,0.1672500501413279,4.0,52.7,13.175,2.25,6.0,15,1.0,1.99,7.0,4
161333,0,0,0.03434618222082842,6.0,190.5,31.75,4.0,6.0,9,0.0,0.0,9.0,3
161335,0,0,0.09151529845040256,8.0,118.3,14.7875,3.125,8.0,12,0.0,0.0,11.0,4
161338,0,0,0.2204131844100747,2.0,36.3,18.15,4.5,3.0,1,0.0,0.0,0.0,2
161347,1,0,0.21183865195650417,3.0,40.599999999999994,13.533333333333331,4.0,4.0,7,0.0,0.0,2.0,4
161348,0,0,0.16859457238493658,3.0,83.1,27.7,4.666666666666667,4.0,8,0.0,0.0,0.0,2
161349,0,0,0.16994673180515207,3.0,59.7,19.900000000000002,6.0,4.0,9,0.0,0.0,1.0,2
161351,0,0,0.15156126325670324,3.0,79.7,26.566666666666666,3.0,4.0,12,0.0,0.0,3.0,1
161360,0,0,0.2664991557899131,1.0,7.5,7.5,3.0,2.0,1,0.0,0.0,0.0,3
161369,0,0,0.23267951353242242,1.0,2.6,2.6,4.0,2.0,2,0.0,0.0,1.0,2
161371,0,0,0.2794655346921118,1.0,11.8,11.8,1.0,2.0,2,0.0,0.0,1.0,4
161375,0,0,0.2697112854271745,2.0,16.9,8.45,2.5,3.0,3,0.0,0.0,1.0,4
161376,0,0,0.17702527501052287,4.0,70.19999999999999,17.549999999999997,3.75,6.0,17,0.0,0.0,3.0,3
161377,0,0,0.20897366546721002,3.0,42.9,14.299999999999999,2.0,5.0,17,0.0,0.0,4.0,4
161383,0,0,0.27176209044095906,2.0,15.2,7.6,2.5,3.0,2,0.0,0.0,1.0,4
161402,0,0,0.02626652187676816,7.0,193.4,27.62857142857143,4.571428571428571,7.0,8,0.0,0.0,12.0,4
161409,0,0,0.0830939457982263,3.0,107.19999999999999,35.73333333333333,4.0,6.0,18,0.0,0.0,6.0,4
161414,0,0,0.1584229378638953,2.0,20.7,10.35,6.0,3.0,7,0.0,0.0,4.0,4
161418,0,0,0.15538349159729958,4.0,43.800000000000004,10.950000000000001,3.5,5.0,9,0.0,0.0,7.0,4
161419,0,0,0.18325472169876722,2.0,43.4,21.7,3.0,3.0,5,0.0,0.0,3.0,3
161420,0,0,0.20999849386107572,1.0,32.4,32.4,4.0,2.0,2,0.0,0.0,1.0,4
161425,0,0,0.24399317869425197,1.0,25.7,25.7,4.0,2.0,13,0.0,0.0,0.0,4
161428,0,0,0.02658829036750608,7.0,255.5,36.5,4.0,8.0,16,0.0,0.0,6.0,4
161432,0,0,0.22183595855918473,2.0,19.4,9.7,4.0,3.0,6,0.0,0.0,2.0,4
161447,0,0,0.28043711353380585,1.0,29.3,29.3,1.0,2.0,0,0.0,0.0,0.0,1
161461,0,0,0.2411719484326666,1.0,16.0,16.0,4.0,2.0,0,0.0,0.0,0.0,4
161462,0,0,0.048900162164917105,7.0,184.3,26.32857142857143,4.857142857142857,9.0,16,0.0,0.0,7.0,1
161474,0,0,0.10339684322304492,4.0,125.6,31.4,3.75,5.0,8,1.0,9.99,3.0,3
161481,0,0,0.14681710358499525,4.0,78.9,19.725,2.75,6.0,16,0.0,0.0,5.0,4
161482,0,0,0.14581961377176725,3.0,95.9,31.96666666666667,3.6666666666666665,4.0,2,0.0,0.0,1.0,3
161506,0,0,0.29781833325174867,1.0,8.1,8.1,2.0,3.0,16,0.0,0.0,0.0,3
161508,0,0,0.13895508830125125,5.0,130.9,26.18,3.4,6.0,16,0.0,0.0,1.0,2
161517,0,0,0.2155615678895367,3.0,58.5,19.5,3.3333333333333335,4.0,14,0.0,0.0,1.0,4
161526,0,0,0.24138311121554631,5.0,59.8,11.959999999999999,3.6,6.0,14,0.0,0.0,2.0,4
161542,0,0,0.027350969916526628,6.0,153.7,25.616666666666664,6.666666666666667,6.0,14,0.0,0.0,13.0,4
161545,0,0,0.237204938208785,2.0,32.4,16.2,4.0,3.0,2,0.0,0.0,0.0,4
161556,0,0,0.24210120527694526,4.0,82.9,20.725,1.75,5.0,11,1.0,1.99,0.0,1
161557,0,0,0.16702197634708688,3.0,68.4,22.8,3.0,4.0,9,0.0,0.0,3.0,4
161558,0,0,0.17857547944597332,3.0,71.80000000000001,23.933333333333337,3.0,4.0,13,0.0,0.0,2.0,1
161571,0,0,0.1954761805355703,2.0,66.7,33.35,3.0,3.0,8,1.0,1.99,1.0,4
161574,0,0,0.14471059750680138,3.0,57.0,19.0,5.666666666666667,4.0,2,0.0,0.0,3.0,3
161579,0,0,0.06467284516361586,3.0,121.3,40.43333333333333,4.0,4.0,12,0.0,0.0,7.0,4
161589,0,0,0.277531097547516,3.0,25.900000000000002,8.633333333333335,2.0,4.0,14,0.0,0.0,2.0,1
161604,0,0,0.1485291875083623,5.0,90.10000000000001,18.020000000000003,2.8,6.0,17,0.0,0.0,5.0,1
161613,0,0,0.20775086197953627,1.0,37.0,37.0,5.0,2.0,3,0.0,0.0,0.0,1
161615,0,0,0.15030943619795464,2.0,66.5,33.25,3.5,3.0,8,0.0,0.0,3.0,3
161616,0,0,0.2542433131207121,1.0,39.1,39.1,1.0,2.0,2,0.0,0.0,1.0,4
161620,0,0,0.20798849432557706,2.0,24.6,12.3,3.0,3.0,2,0.0,0.0,3.0,4
161621,0,0,0.19778954495043513,3.0,57.2,19.066666666666666,3.0,4.0,5,0.0,0.0,2.0,4
161630,0,0,0.1033492830652111,4.0,74.1,18.525,4.0,6.0,15,0.0,0.0,8.0,4
161649,0,0,0.2115674813882176,2.0,33.6,16.8,3.5,3.0,10,0.0,0.0,2.0,4
161659,0,0,0.26679006472510325,1.0,0.3,0.3,3.0,3.0,18,0.0,0.0,1.0,4
161671,0,0,0.2276759212834607,2.0,14.9,7.45,5.0,3.0,1,0.0,0.0,1.0,4
161677,0,0,0.207133212203923,1.0,37.7,37.7,5.0,2.0,0,0.0,0.0,0.0,4
161686,0,0,0.28406312992694255,7.0,91.7,13.1,3.0,7.0,12,0.0,0.0,0.0,2
161688,0,0,0.29992542774055897,3.0,27.5,9.166666666666666,2.0,6.0,18,0.0,0.0,1.0,3
161695,0,0,0.21804637712722255,1.0,23.9,23.9,5.0,2.0,0,0.0,0.0,0.0,4
161701,0,0,0.24400934633429774,3.0,40.4,13.466666666666667,3.0,4.0,5,0.0,0.0,1.0,1
161708,0,0,0.16540211698498292,6.0,79.0,13.166666666666666,4.5,6.0,13,0.0,0.0,5.0,4
161714,0,0,0.20080970842573936,3.0,34.099999999999994,11.366666666666665,3.3333333333333335,6.0,16,0.0,0.0,4.0,3
161715,0,0,0.14569361369312397,4.0,92.80000000000001,23.200000000000003,3.0,5.0,4,0.0,0.0,3.0,3
161731,1,0,0.11305662305476477,4.0,93.8,23.45,3.0,5.0,14,0.0,0.0,6.0,4
161734,0,0,0.08969713678399122,5.0,114.9,22.98,4.6,9.0,18,0.0,0.0,6.0,2
161737,1,0,0.2617604275963971,2.0,9.6,4.8,3.0,3.0,14,0.0,0.0,2.0,4
161752,0,0,0.16890102955017885,3.0,34.6,11.533333333333333,5.333333333333333,4.0,8,0.0,0.0,4.0,4
161769,0,0,0.13918717529047603,6.0,121.1,20.183333333333334,3.5,6.0,10,0.0,0.0,3.0,1
161775,0,0,0.09144304005581655,6.0,140.5,23.416666666666668,4.166666666666667,7.0,16,0.0,0.0,5.0,4
161782,0,0,0.2622602206370384,5.0,55.4,11.08,2.8,6.0,12,0.0,0.0,2.0,3
161787,0,0,0.18452087209922186,2.0,64.2,32.1,3.5,3.0,8,0.0,0.0,1.0,4
161791,1,0,0.1596743572459713,6.0,102.7,17.116666666666667,4.166666666666667,6.0,12,0.0,0.0,3.0,1
161793,0,0,0.15286941528784584,6.0,117.0,19.5,2.8333333333333335,6.0,8,0.0,0.0,3.0,3
161795,0,0,0.03716378029251388,6.0,214.6,35.766666666666666,5.166666666666667,8.0,17,0.0,0.0,5.0,4
161796,0,0,0.2247548947682912,1.0,6.8,6.8,2.0,2.0,2,0.0,0.0,3.0,4
161801,0,0,0.23116653018974295,4.0,67.1,16.775,3.75,5.0,11,0.0,0.0,0.0,1
161802,0,0,0.25731384565309195,3.0,43.5,14.5,3.3333333333333335,4.0,8,0.0,0.0,0.0,3
161805,1,0,0.29980284473821767,2.0,21.2,10.6,2.0,3.0,12,0.0,0.0,0.0,1
161822,0,0,0.25086492673541516,4.0,27.799999999999997,6.949999999999999,3.5,5.0,6,0.0,0.0,3.0,3
161828,0,0,0.18963960644962824,4.0,78.6,19.65,3.0,6.0,18,0.0,0.0,2.0,1
161838,0,0,0.24209954093747424,2.0,45.7,22.85,2.5,3.0,3,0.0,0.0,0.0,4
161839,0,0,0.0020406852947429943,7.0,347.8,49.68571428571429,4.571428571428571,7.0,13,0.0,0.0,19.0,4
161840,0,0,0.12289859277157204,3.0,53.4,17.8,4.0,4.0,14,0.0,0.0,7.0,4
161846,0,0,0.1545932270948432,4.0,103.5,25.875,4.75,5.0,8,0.0,0.0,0.0,3
161856,0,0,0.09886115410716077,4.0,116.3,29.075,6.25,5.0,7,0.0,0.0,2.0,2
161867,0,0,0.2257089318829783,3.0,30.9,10.299999999999999,4.0,4.0,6,0.0,0.0,2.0,1
161869,0,0,0.1334448051151816,5.0,96.6,19.32,3.4,8.0,18,0.0,0.0,5.0,4
161871,0,0,0.22455281607437338,1.0,17.0,17.0,5.0,2.0,4,0.0,0.0,0.0,1
161877,0,0,0.2207106227090185,3.0,30.8,10.266666666666667,5.0,5.0,18,0.0,0.0,2.0,4
161890,1,0,0.2767506446982689,2.0,21.9,10.95,2.0,3.0,11,0.0,0.0,1.0,3
161894,0,0,0.1334549848428953,4.0,110.3,27.575,5.25,5.0,14,1.0,4.99,1.0,2
161895,0,0,0.2725900230585396,3.0,26.9,8.966666666666667,3.3333333333333335,4.0,11,0.0,0.0,1.0,4
161899,0,0,0.2368501815883772,1.0,3.6,3.6,4.0,2.0,6,0.0,0.0,1.0,4
161905,0,0,0.13322458194161857,4.0,82.4,20.6,4.25,5.0,7,0.0,0.0,4.0,2
161906,1,0,0.34943953859636623,3.0,14.0,4.666666666666667,2.3333333333333335,4.0,16,0.0,0.0,0.0,4
161907,0,0,0.16302778643984442,4.0,73.30000000000001,18.325000000000003,4.25,6.0,15,0.0,0.0,3.0,1
161915,0,0,0.24375343776810962,4.0,49.800000000000004,12.450000000000001,3.75,5.0,9,0.0,0.0,1.0,1
161921,0,0,0.06698237221535502,5.0,121.3,24.259999999999998,4.8,6.0,13,0.0,0.0,8.0,2
161929,0,0,0.10689902492674466,5.0,130.7,26.139999999999997,3.8,6.0,6,0.0,0.0,3.0,3
161932,0,0,0.2639355780646087,2.0,13.9,6.95,3.0,3.0,1,0.0,0.0,1.0,4
161934,0,0,0.22996757799344858,5.0,49.2,9.84,3.0,6.0,10,0.0,0.0,4.0,4
161942,0,0,0.1950110950489668,1.0,14.1,14.1,7.0,2.0,0,0.0,0.0,0.0,4
161946,0,0,0.06809187082158011,8.0,169.3,21.1625,4.75,8.0,13,0.0,0.0,7.0,3
161955,0,0,0.07559520373095081,4.0,84.4,21.1,5.25,5.0,13,0.0,0.0,9.0,4
161959,0,0,0.16298012160734068,3.0,54.7,18.233333333333334,4.666666666666667,4.0,6,0.0,0.0,3.0,4
161968,0,0,0.16814514186458807,2.0,61.8,30.9,3.5,3.0,3,0.0,0.0,2.0,4
161971,0,0,0.24284882639406144,1.0,30.6,30.6,1.0,2.0,4,0.0,0.0,2.0,4
161976,0,0,0.07580718687475602,5.0,139.7,27.939999999999998,3.6,6.0,13,0.0,0.0,6.0,4
161977,0,0,0.2454857856078949,1.0,5.2,5.2,5.0,2.0,14,0.0,0.0,0.0,4
161980,0,0,0.10972415743642387,5.0,137.2,27.439999999999998,3.2,6.0,16,0.0,0.0,3.0,3
161996,0,0,0.24938118558610525,2.0,39.4,19.7,1.5,3.0,6,0.0,0.0,1.0,1
161998,0,0,0.04714876741581476,6.0,203.2,33.86666666666667,3.6666666666666665,6.0,9,0.0,0.0,5.0,4
162004,0,0,0.14542092054803438,2.0,26.1,13.05,4.0,3.0,3,0.0,0.0,6.0,4
162006,0,0,0.06191712500854568,5.0,184.7,36.94,4.0,6.0,13,0.0,0.0,3.0,4
162010,0,0,0.23012072053821658,1.0,9.2,9.2,5.0,2.0,0,0.0,0.0,0.0,4
162018,0,0,0.13941106878850296,7.0,141.5,20.214285714285715,3.857142857142857,7.0,12,0.0,0.0,2.0,1
162030,0,0,0.1045669529742694,3.0,67.5,22.5,4.0,4.0,7,0.0,0.0,7.0,3
162033,0,0,0.2538273513615053,1.0,4.7,4.7,4.0,2.0,6,0.0,0.0,0.0,1
162041,0,0,0.23130657111521022,2.0,19.299999999999997,9.649999999999999,2.0,3.0,3,0.0,0.0,3.0,2
162044,0,0,0.32761029175918843,2.0,10.8,5.4,1.5,3.0,7,0.0,0.0,0.0,4
162046,1,0,0.23024720704677928,3.0,33.2,11.066666666666668,1.6666666666666667,6.0,17,0.0,0.0,4.0,4
162049,0,0,0.2614685219700273,2.0,26.8,13.4,3.5,3.0,11,0.0,0.0,0.0,2
162061,0,0,0.27343557936799395,1.0,5.0,5.0,3.0,2.0,5,0.0,0.0,0.0,4
162075,0,0,0.1910972043080964,4.0,58.099999999999994,14.524999999999999,2.75,5.0,11,0.0,0.0,4.0,3
162077,0,0,0.18628573431387987,6.0,82.8,13.799999999999999,3.6666666666666665,6.0,13,0.0,0.0,4.0,4
162082,1,0,0.2923941452584175,1.0,6.0,6.0,2.0,2.0,6,0.0,0.0,0.0,4
162087,0,0,0.1689675489610695,4.0,54.0,13.5,3.5,5.0,7,0.0,0.0,5.0,4
162104,0,0,0.1798496472184664,3.0,46.6,15.533333333333333,2.3333333333333335,6.0,17,0.0,0.0,5.0,4
162107,0,0,0.23718566558368165,4.0,23.5,5.875,4.75,5.0,7,0.0,0.0,3.0,1
162108,0,0,0.2811552627356803,2.0,15.0,7.5,1.5,5.0,18,0.0,0.0,2.0,4
162109,0,0,0.20239510846389352,2.0,47.099999999999994,23.549999999999997,3.5,3.0,3,0.0,0.0,1.0,1
162113,0,0,0.27534491567876945,2.0,11.8,5.9,4.5,4.0,18,0.0,0.0,0.0,3
162116,0,0,0.2652408096120278,1.0,7.9,7.9,3.0,2.0,1,0.0,0.0,0.0,2
162128,0,0,0.25743052930268323,4.0,52.1,13.025,2.5,5.0,5,0.0,0.0,1.0,1
162134,0,0,0.200697635132808,3.0,76.4,25.46666666666667,2.3333333333333335,4.0,14,0.0,0.0,1.0,4
162137,0,0,0.3001940951771589,3.0,16.6,5.533333333333334,4.0,4.0,7,0.0,0.0,0.0,4
162145,0,0,0.24049252699533352,2.0,23.200000000000003,11.600000000000001,3.0,4.0,17,0.0,0.0,2.0,4
162161,0,0,0.16782450612117197,2.0,59.099999999999994,29.549999999999997,2.0,4.0,16,0.0,0.0,4.0,4
162179,0,0,0.20856155889350214,4.0,37.6,9.4,6.25,5.0,10,0.0,0.0,2.0,2
162187,0,0,0.2660615895995532,2.0,24.1,12.05,3.0,3.0,1,0.0,0.0,0.0,2
162189,1,0,0.2695578311764445,3.0,36.6,12.200000000000001,2.6666666666666665,5.0,18,0.0,0.0,1.0,3
162190,0,0,0.20551329725818654,1.0,5.2,5.2,7.0,2.0,5,0.0,0.0,0.0,4
162191,1,0,0.08907279146075023,3.0,127.6,42.53333333333333,4.333333333333333,4.0,12,0.0,0.0,3.0,4
162211,0,0,0.301949684381758,1.0,17.1,17.1,1.0,2.0,7,0.0,0.0,0.0,4
162220,0,0,0.27381849736304087,1.0,2.6,2.6,3.0,2.0,3,0.0,0.0,0.0,4
162229,0,0,0.18724899021020727,4.0,86.4,21.6,2.25,6.0,16,0.0,0.0,2.0,3
162233,0,0,0.07781783874260391,3.0,90.19999999999999,30.066666666666663,4.0,4.0,10,0.0,0.0,8.0,4
162236,0,0,0.14112582557283976,3.0,78.1,26.03333333333333,3.6666666666666665,4.0,4,0.0,0.0,3.0,1
162241,0,0,0.06843949865756954,5.0,130.2,26.04,4.6,6.0,10,0.0,0.0,7.0,4
162261,0,0,0.23828630258098848,1.0,6.6,6.6,5.0,2.0,9,0.0,0.0,0.0,2
162263,0,0,0.22077183806919334,2.0,28.700000000000003,14.350000000000001,2.0,3.0,6,0.0,0.0,3.0,4
162272,0,0,0.17099923173783896,3.0,74.3,24.766666666666666,3.3333333333333335,4.0,4,1.0,1.99,2.0,1
162282,0,0,0.22204533386132774,2.0,34.9,17.45,4.0,3.0,12,0.0,0.0,1.0,4
162283,0,0,0.21872027900529356,1.0,22.1,22.1,5.0,2.0,0,0.0,0.0,0.0,3
162288,0,0,0.17642660531997717,2.0,70.7,35.35,4.5,3.0,5,0.0,0.0,0.0,4
162293,0,0,0.16584928277868755,4.0,87.8,21.95,2.5,5.0,16,0.0,0.0,3.0,2
162313,0,0,0.2565475637671069,2.0,24.900000000000002,12.450000000000001,3.5,3.0,1,0.0,0.0,0.0,3
162315,0,0,0.2273351326444151,4.0,70.9,17.725,2.5,5.0,11,0.0,0.0,1.0,4
162317,0,0,0.1261032991849725,5.0,119.1,23.82,4.8,6.0,16,0.0,0.0,2.0,1
162324,1,0,0.13538249918846484,3.0,87.5,29.166666666666668,4.333333333333333,4.0,4,0.0,0.0,2.0,1
162328,0,0,0.11842061415101074,3.0,49.6,16.533333333333335,3.3333333333333335,4.0,7,0.0,0.0,8.0,4
162342,0,0,0.11090891234967508,2.0,73.9,36.95,5.5,3.0,10,0.0,0.0,4.0,4
162346,0,0,0.2663553473783347,2.0,7.8,3.9,3.5,3.0,4,0.0,0.0,1.0,2
162348,0,0,0.2672668946353451,1.0,8.0,8.0,2.0,2.0,5,0.0,0.0,1.0,4
162353,0,0,0.11763147760702547,4.0,105.8,26.45,2.25,5.0,15,0.0,0.0,5.0,2
162368,1,0,0.2582092478294993,3.0,53.099999999999994,17.7,2.3333333333333335,4.0,12,0.0,0.0,0.0,1
162376,0,0,0.24442759725466243,4.0,25.700000000000003,6.425000000000001,2.0,5.0,10,0.0,0.0,5.0,4
162384,0,0,0.14382720211243394,3.0,65.3,21.766666666666666,4.0,4.0,8,0.0,0.0,4.0,4
162387,0,0,0.2382015469713307,1.0,14.3,14.3,2.0,2.0,5,0.0,0.0,2.0,1
162394,0,0,0.23660230511105323,2.0,37.900000000000006,18.950000000000003,1.5,3.0,9,0.0,0.0,2.0,4
162397,0,0,0.1739670968949313,3.0,46.4,15.466666666666667,2.6666666666666665,4.0,7,1.0,4.99,5.0,1
162404,0,0,0.1572750746149002,3.0,70.7,23.566666666666666,5.0,4.0,15,0.0,0.0,2.0,4
162409,0,0,0.18628300619991647,4.0,92.1,23.025,2.75,5.0,12,0.0,0.0,1.0,4
162413,0,0,0.25851912510665287,5.0,54.699999999999996,10.94,2.8,6.0,4,1.0,9.99,2.0,1
162420,0,0,0.15694953099471853,5.0,90.1,18.02,4.4,7.0,17,0.0,0.0,3.0,1
162432,0,0,0.25453021661618697,3.0,8.2,2.733333333333333,3.6666666666666665,4.0,6,0.0,0.0,3.0,2
162434,0,0,0.12917062762560336,2.0,58.6,29.3,5.0,3.0,8,0.0,0.0,4.0,4
162438,0,0,0.2955314625235418,2.0,20.8,10.4,2.0,3.0,4,0.0,0.0,0.0,4
162439,0,0,0.11114823552881732,3.0,88.9,29.633333333333336,3.6666666666666665,5.0,15,0.0,0.0,5.0,4
162464,0,0,0.15764601697683137,2.0,62.4,31.2,5.5,3.0,4,0.0,0.0,1.0,4
162466,0,0,0.1574134152537264,3.0,61.6,20.533333333333335,5.333333333333333,4.0,2,0.0,0.0,2.0,4
162488,0,0,0.0676663713549561,4.0,155.0,38.75,4.75,5.0,3,0.0,0.0,3.0,2
162489,0,0,0.15828016494604852,6.0,114.4,19.066666666666666,4.333333333333333,7.0,18,0.0,0.0,2.0,3
162493,0,0,0.09177625015095885,6.0,137.5,22.916666666666668,5.5,6.0,12,0.0,0.0,4.0,3
162495,0,0,0.016776713877216527,6.0,186.5,31.083333333333332,5.5,9.0,17,0.0,0.0,15.0,4
162510,0,0,0.18185423949812607,7.0,116.4,16.62857142857143,2.5714285714285716,7.0,14,0.0,0.0,3.0,1
162516,0,0,0.19475344129174738,3.0,34.7,11.566666666666668,2.3333333333333335,4.0,12,0.0,0.0,5.0,1
162537,0,0,0.24332688436775843,1.0,17.5,17.5,4.0,2.0,4,0.0,0.0,0.0,4
162561,0,0,0.14785232305381132,4.0,90.1,22.525,4.25,5.0,6,1.0,49.99,1.0,1
162563,0,0,0.2250641759775434,2.0,40.5,20.25,1.5,3.0,3,0.0,0.0,2.0,1
162594,0,0,0.25676916209105627,1.0,16.2,16.2,3.0,2.0,0,0.0,0.0,0.0,2
162597,0,0,0.23350112422005498,2.0,50.6,25.3,3.0,3.0,15,0.0,0.0,0.0,1
162601,0,0,0.14979976119360094,3.0,49.7,16.566666666666666,4.333333333333333,6.0,17,0.0,0.0,5.0,4
162604,0,0,0.08786782129914925,5.0,102.1,20.419999999999998,4.2,8.0,18,0.0,0.0,8.0,4
162605,0,0,0.2996027915903235,2.0,16.0,8.0,1.5,4.0,15,0.0,0.0,1.0,3
162620,0,0,0.20484486727009454,3.0,52.5,17.5,4.333333333333333,4.0,9,0.0,0.0,1.0,2
162621,0,0,0.25393841906935694,4.0,55.2,13.8,4.0,6.0,16,0.0,0.0,0.0,1
162633,0,0,0.23004165686038613,4.0,57.699999999999996,14.424999999999999,2.5,5.0,8,0.0,0.0,2.0,3
162634,0,0,0.09385637657987558,8.0,145.4,18.175,3.0,8.0,14,0.0,0.0,8.0,4
162640,0,0,0.21890910113928805,2.0,50.1,25.05,2.5,3.0,7,0.0,0.0,1.0,4
162643,0,0,0.24783628230378021,2.0,30.8,15.4,3.0,3.0,5,1.0,1.99,1.0,4
162644,0,0,0.026043393191960817,9.0,244.1,27.12222222222222,5.0,10.0,16,1.0,19.99,9.0,1
162649,0,0,0.15800363297340966,5.0,103.9,20.78,6.0,6.0,10,0.0,0.0,0.0,3
162663,0,0,0.11920814034272767,2.0,87.7,43.85,4.0,3.0,2,0.0,0.0,3.0,2
162673,0,0,0.25083950200091987,1.0,5.0,5.0,4.0,2.0,1,0.0,0.0,0.0,3
162678,0,0,0.16212211469907792,5.0,92.2,18.44,3.8,6.0,16,0.0,0.0,3.0,2
162682,0,0,0.2949950484030338,2.0,19.5,9.75,2.0,3.0,1,0.0,0.0,0.0,4
162695,0,0,0.3082550442017605,1.0,2.9,2.9,1.0,2.0,1,0.0,0.0,0.0,2
162698,0,0,0.1486869217239099,2.0,75.8,37.9,2.5,3.0,2,0.0,0.0,3.0,4
162700,0,0,0.1646271183591143,1.0,38.0,38.0,8.0,2.0,0,0.0,0.0,0.0,4
162701,0,0,0.12275855250798652,5.0,148.6,29.72,2.8,7.0,16,0.0,0.0,1.0,4
162722,0,0,0.061979452075168646,8.0,142.1,17.7625,3.5,8.0,14,0.0,0.0,12.0,4
162729,0,0,0.1798824403297286,4.0,43.4,10.85,3.0,5.0,12,0.0,0.0,6.0,4
162733,0,0,0.1940181161399853,2.0,20.9,10.45,6.5,3.0,1,0.0,0.0,1.0,2
162737,0,0,0.3247182765422855,3.0,18.3,6.1000000000000005,2.0,4.0,11,1.0,4.99,1.0,4
162738,0,0,0.23467020600025273,2.0,18.4,9.2,4.5,3.0,7,0.0,0.0,1.0,3
162739,0,0,0.19524881284186169,3.0,44.7,14.9,3.6666666666666665,4.0,13,0.0,0.0,3.0,2
162746,0,0,0.041398302366254254,5.0,185.60000000000002,37.120000000000005,6.0,6.0,5,1.0,4.99,5.0,3
162755,0,0,0.2538428038420321,1.0,9.6,9.6,4.0,2.0,9,0.0,0.0,0.0,3
162775,0,0,0.254726596096008,1.0,20.4,20.4,3.0,2.0,0,0.0,0.0,0.0,4
162778,0,0,0.08117120649417442,7.0,136.3,19.47142857142857,4.0,7.0,11,0.0,0.0,8.0,4
162779,0,0,0.027222095575915123,7.0,196.4,28.057142857142857,4.0,7.0,12,0.0,0.0,12.0,4
162783,0,0,0.22031054898364613,1.0,21.1,21.1,5.0,2.0,0,0.0,0.0,0.0,4
162788,0,0,0.27372455395229284,1.0,2.7,2.7,3.0,2.0,3,0.0,0.0,0.0,4
162789,0,0,0.22016863602025744,4.0,45.8,11.45,4.75,5.0,12,0.0,0.0,2.0,4
162792,0,0,0.15604152283081216,3.0,52.800000000000004,17.6,2.3333333333333335,4.0,15,0.0,0.0,6.0,4
162793,0,0,0.24170760280415768,2.0,25.8,12.9,2.5,3.0,12,0.0,0.0,2.0,4
162794,0,0,0.23779141300938672,2.0,41.699999999999996,20.849999999999998,2.0,3.0,4,0.0,0.0,1.0,4
162799,0,0,0.0820409650695437,5.0,77.1,15.419999999999998,3.4,6.0,17,0.0,0.0,12.0,4
162801,0,0,0.22809360605581847,3.0,31.1,10.366666666666667,1.6666666666666667,4.0,9,0.0,0.0,4.0,2
162810,0,0,0.05793524308399637,5.0,113.1,22.619999999999997,3.8,6.0,9,0.0,0.0,11.0,4
162811,0,0,0.29014612589308336,5.0,55.6,11.120000000000001,3.4,6.0,9,0.0,0.0,0.0,1
162819,0,0,0.19699355630023135,4.0,66.6,16.65,5.0,5.0,13,0.0,0.0,1.0,3
162839,0,0,0.19083938262649536,2.0,38.099999999999994,19.049999999999997,4.0,3.0,1,0.0,0.0,2.0,4
162841,0,0,0.16381831840557648,4.0,82.80000000000001,20.700000000000003,4.25,6.0,17,1.0,19.99,2.0,2
162843,0,0,0.18816731184712052,4.0,92.7,23.175,2.25,5.0,9,0.0,0.0,1.0,1
162851,0,0,0.18829257932810423,3.0,54.2,18.066666666666666,3.0,4.0,9,0.0,0.0,3.0,4
162854,0,0,0.20329798934049922,1.0,12.4,12.4,2.0,2.0,4,0.0,0.0,4.0,4
162856,0,0,0.22651638982993008,1.0,54.1,54.1,3.0,2.0,1,0.0,0.0,0.0,4
162858,0,0,0.2662284189774429,3.0,48.1,16.033333333333335,2.3333333333333335,4.0,7,0.0,0.0,0.0,4
162864,0,0,0.13721892925723242,3.0,60.6,20.2,3.6666666666666665,4.0,3,0.0,0.0,5.0,4
162880,0,0,0.08134244881828381,6.0,113.8,18.966666666666665,4.0,6.0,12,0.0,0.0,9.0,4
162917,0,0,0.23713000880445004,2.0,12.8,6.4,3.5,3.0,2,0.0,0.0,2.0,4
162920,0,0,0.15172471696294443,2.0,56.3,28.15,4.5,3.0,10,0.0,0.0,3.0,4
162921,1,0,0.28912376747770774,2.0,19.2,9.6,3.0,5.0,18,0.0,0.0,0.0,3
162925,0,0,0.2479133672384289,2.0,12.0,6.0,3.0,3.0,4,0.0,0.0,2.0,3
162947,0,0,0.1328137424953751,3.0,79.30000000000001,26.433333333333337,5.666666666666667,4.0,5,0.0,0.0,2.0,4
162968,1,0,0.2634772065282915,2.0,33.0,16.5,3.0,3.0,14,0.0,0.0,0.0,3
162970,0,0,0.24928449755835622,1.0,12.7,12.7,4.0,2.0,6,0.0,0.0,0.0,4
163000,0,0,0.18376287765487798,2.0,63.0,31.5,4.5,3.0,2,0.0,0.0,0.0,3
163007,0,0,0.11999583588534998,2.0,88.80000000000001,44.400000000000006,5.0,3.0,3,0.0,0.0,2.0,1
163020,0,0,0.2654433359228037,1.0,28.4,28.4,2.0,2.0,0,0.0,0.0,0.0,4
163023,1,0,0.2974114238685525,2.0,12.1,6.05,2.0,3.0,13,0.0,0.0,1.0,4
163028,0,0,0.13504941304195034,5.0,70.6,14.12,4.0,8.0,18,0.0,0.0,7.0,3
163029,0,0,0.24994988534533158,3.0,41.7,13.9,2.6666666666666665,4.0,8,0.0,0.0,1.0,1
163030,0,0,0.12498941407160395,4.0,100.0,25.0,2.25,7.0,17,0.0,0.0,5.0,4
163034,1,0,0.3484206002865388,4.0,21.8,5.45,2.0,6.0,18,0.0,0.0,1.0,1
163038,0,0,0.23043968589033323,2.0,31.6,15.8,3.5,3.0,7,0.0,0.0,1.0,3
163045,0,0,0.26615989674556867,2.0,35.599999999999994,17.799999999999997,2.0,3.0,1,0.0,0.0,0.0,4
163046,0,0,0.11632443414836989,3.0,87.1,29.03333333333333,5.0,4.0,3,0.0,0.0,3.0,1
163055,0,0,0.23977669303553867,1.0,38.4,38.4,3.0,2.0,1,0.0,0.0,0.0,4
163059,0,0,0.12691379961725172,6.0,118.6,19.766666666666666,3.6666666666666665,6.0,8,0.0,0.0,4.0,1
163062,0,0,0.09443248305164728,5.0,164.9,32.980000000000004,5.0,7.0,16,0.0,0.0,0.0,1
163063,0,0,0.06787147899469104,6.0,165.3,27.55,4.5,6.0,9,1.0,4.99,5.0,1
163069,0,0,0.17342604722958435,2.0,33.2,16.6,7.0,3.0,3,0.0,0.0,1.0,4
163070,0,0,0.24850778593743914,3.0,47.099999999999994,15.699999999999998,2.6666666666666665,6.0,18,0.0,0.0,1.0,4
163071,0,0,0.17792393900111603,2.0,88.5,44.25,2.5,3.0,2,0.0,0.0,0.0,3
163094,0,0,0.31165422654298597,2.0,13.8,6.9,2.0,3.0,7,0.0,0.0,0.0,4
163095,0,0,0.1604480907970619,3.0,73.2,24.400000000000002,5.0,4.0,2,0.0,0.0,1.0,4
163097,0,0,0.09416981505077952,4.0,103.0,25.75,3.75,5.0,7,0.0,0.0,6.0,4
163098,0,0,0.1380251003857977,1.0,99.1,99.1,6.0,2.0,1,0.0,0.0,1.0,4
163105,0,0,0.13900111911790064,3.0,79.2,26.400000000000002,3.0,4.0,10,0.0,0.0,4.0,4
163114,0,0,0.150997796571125,4.0,78.30000000000001,19.575000000000003,4.25,5.0,4,0.0,0.0,3.0,3
163118,1,0,0.26099434022658957,1.0,2.0,2.0,2.0,3.0,17,0.0,0.0,2.0,4
163120,0,0,0.12798006816298124,5.0,85.7,17.14,4.0,6.0,17,0.0,0.0,6.0,1
163126,0,0,0.27281336225519565,3.0,19.8,6.6000000000000005,4.0,4.0,9,0.0,0.0,1.0,4
163133,0,0,0.1396375359705866,3.0,77.80000000000001,25.933333333333337,4.333333333333333,4.0,13,0.0,0.0,3.0,2
163134,0,0,0.16622968087224727,4.0,53.5,13.375,4.75,5.0,3,0.0,0.0,4.0,4
163137,0,0,0.2832214278478953,2.0,7.4,3.7,1.5,3.0,5,0.0,0.0,2.0,2
163142,0,0,0.2531030612456159,2.0,9.4,4.7,3.0,3.0,4,0.0,0.0,2.0,4
163146,0,0,0.09876683808431076,5.0,131.2,26.24,3.8,6.0,11,0.0,0.0,4.0,4
163149,0,0,0.18591799551679034,4.0,80.8,20.2,3.0,6.0,16,0.0,0.0,2.0,3
163162,0,0,0.1726026505505565,8.0,81.5,10.1875,2.375,8.0,11,0.0,0.0,9.0,4
163164,0,0,0.2371372108462906,3.0,11.7,3.9,4.333333333333333,4.0,5,0.0,0.0,3.0,4
163169,0,0,0.311347199832868,1.0,1.8,1.8,1.0,2.0,2,0.0,0.0,0.0,3
163170,0,0,0.23050447581784947,2.0,25.1,12.55,4.5,4.0,18,0.0,0.0,1.0,1
163174,0,0,0.17455052161369675,4.0,49.0,12.25,5.0,5.0,10,0.0,0.0,4.0,4
163177,0,0,0.27719040262970146,2.0,17.799999999999997,8.899999999999999,3.5,3.0,11,0.0,0.0,0.0,2
163200,0,0,0.06644455845008745,5.0,131.9,26.380000000000003,3.6,6.0,11,0.0,0.0,8.0,4
163202,0,0,0.2395401843265293,3.0,28.8,9.6,5.666666666666667,4.0,4,0.0,0.0,0.0,1
163216,0,0,0.04934699782366917,8.0,211.79999999999998,26.474999999999998,4.25,10.0,18,0.0,0.0,6.0,3
163217,0,0,0.022997971680852988,3.0,264.8,88.26666666666667,4.666666666666667,6.0,18,0.0,0.0,3.0,4
163220,0,0,0.3429255951599879,2.0,7.300000000000001,3.6500000000000004,1.5,3.0,15,0.0,0.0,0.0,4
163234,0,0,0.1516312660086314,2.0,46.7,23.35,4.5,5.0,18,0.0,0.0,4.0,4
163237,0,0,0.24038564979978455,3.0,43.4,14.466666666666667,3.3333333333333335,4.0,13,0.0,0.0,1.0,2
163239,0,0,0.271192073706828,1.0,6.4,6.4,3.0,2.0,4,0.0,0.0,0.0,4
163247,0,0,0.24016476770845516,2.0,29.700000000000003,14.850000000000001,3.0,3.0,4,0.0,0.0,1.0,4
163256,0,0,0.2948165031979319,1.0,9.6,9.6,2.0,2.0,15,0.0,0.0,0.0,1
163260,0,0,0.21056834928601453,1.0,33.3,33.3,5.0,2.0,0,0.0,0.0,0.0,4
163265,0,0,0.2666670721776448,1.0,20.5,20.5,3.0,4.0,17,0.0,0.0,0.0,3
163297,0,0,0.2190967824384395,1.0,22.0,22.0,4.0,2.0,4,0.0,0.0,1.0,3
163298,0,0,0.32249512569294225,1.0,3.5,3.5,1.0,3.0,17,0.0,0.0,0.0,2
163323,1,0,0.21436024167050896,2.0,27.2,13.6,3.0,3.0,16,0.0,0.0,3.0,3
163333,0,0,0.025156435111608307,8.0,155.8,19.475,4.5,8.0,10,0.0,0.0,18.0,4
163350,0,0,0.08438437165679476,3.0,102.4,34.13333333333333,5.333333333333333,6.0,17,0.0,0.0,5.0,1
163352,1,0,0.2729515650661584,3.0,24.0,8.0,3.3333333333333335,4.0,7,0.0,0.0,1.0,2
163355,0,0,0.27949214570981457,3.0,18.2,6.066666666666666,2.3333333333333335,4.0,3,0.0,0.0,2.0,4
163358,0,0,0.27107669357019193,2.0,24.599999999999998,12.299999999999999,2.0,3.0,11,0.0,0.0,1.0,2
163364,0,0,0.2709169329216896,2.0,20.700000000000003,10.350000000000001,3.5,3.0,3,1.0,4.99,0.0,1
163365,0,0,0.2295352658520346,1.0,9.9,9.9,5.0,2.0,0,0.0,0.0,0.0,4
163366,0,0,0.26450390314321437,2.0,2.9,1.45,2.0,3.0,8,0.0,0.0,3.0,4
163383,0,0,0.24632716358650322,2.0,11.9,5.95,3.0,3.0,2,0.0,0.0,2.0,3
163392,0,0,0.18703483682329897,4.0,77.0,19.25,2.0,5.0,10,0.0,0.0,3.0,4
163396,0,0,0.19985100376302758,1.0,24.8,24.8,5.0,2.0,1,0.0,0.0,1.0,4
163401,0,0,0.1922344557279684,1.0,49.3,49.3,3.0,2.0,2,0.0,0.0,2.0,1
163406,0,0,0.1320460201446462,4.0,89.3,22.325,2.75,6.0,15,0.0,0.0,5.0,3
163407,0,0,0.16857395658116014,3.0,50.300000000000004,16.76666666666667,4.666666666666667,4.0,5,0.0,0.0,3.0,4
163414,0,0,0.23791159918582738,2.0,35.3,17.65,2.5,3.0,2,0.0,0.0,1.0,4
163416,0,0,0.05156993076686357,4.0,155.5,38.875,3.5,5.0,11,0.0,0.0,7.0,3
163419,0,0,0.01233060454635876,6.0,205.5,34.25,4.166666666666667,6.0,14,0.0,0.0,17.0,4
163420,0,0,0.27262634755529724,1.0,4.3,4.3,2.0,2.0,9,0.0,0.0,1.0,2
163421,0,0,0.18982434556327427,3.0,46.699999999999996,15.566666666666665,5.0,4.0,11,0.0,0.0,2.0,4
163432,0,0,0.18253658857401198,4.0,81.0,20.25,1.75,5.0,8,0.0,0.0,3.0,4
163435,0,0,0.17949510348506756,1.0,15.9,15.9,8.0,2.0,0,0.0,0.0,0.0,4
163437,0,0,0.22831062711968064,1.0,11.4,11.4,5.0,2.0,1,0.0,0.0,0.0,3
163438,0,0,0.14672975882468361,6.0,130.5,21.75,4.333333333333333,6.0,13,0.0,0.0,1.0,4
163448,0,0,0.2452229482862615,1.0,29.2,29.2,3.0,2.0,0,0.0,0.0,0.0,2
163452,0,0,0.01859967357824484,5.0,228.8,45.760000000000005,6.2,7.0,17,0.0,0.0,8.0,4
163453,0,0,0.015823846095347045,10.0,278.8,27.880000000000003,4.3,9.0,13,0.0,0.0,12.0,3
163458,0,0,0.09475257451062408,6.0,147.1,24.516666666666666,5.5,6.0,12,1.0,4.99,3.0,3
163461,0,0,0.13780048928302954,5.0,115.5,23.1,2.8,6.0,13,1.0,19.99,3.0,4
163469,0,0,0.026754309937959984,7.0,266.6,38.08571428571429,3.4285714285714284,7.0,11,0.0,0.0,5.0,2
163494,0,0,0.1967515151266968,3.0,40.699999999999996,13.566666666666665,2.6666666666666665,4.0,8,0.0,0.0,4.0,4
163502,0,0,0.27579099225259135,2.0,13.8,6.9,3.5,3.0,1,0.0,0.0,0.0,3
163517,0,0,0.04522414473279232,5.0,171.3,34.260000000000005,4.4,6.0,14,0.0,0.0,7.0,2
163519,0,0,0.22469233993051696,3.0,33.9,11.299999999999999,3.0,4.0,13,0.0,0.0,3.0,3
163521,0,0,0.12446349594732786,5.0,90.8,18.16,4.6,6.0,10,0.0,0.0,5.0,2
163525,0,0,0.16426490290332163,5.0,75.30000000000001,15.060000000000002,3.4,7.0,17,0.0,0.0,5.0,4
163532,0,0,0.052901152564366706,7.0,156.5,22.357142857142858,3.2857142857142856,7.0,13,1.0,4.99,11.0,4
163537,0,0,0.28357134467945905,1.0,8.5,8.5,1.0,2.0,3,0.0,0.0,1.0,4
163540,1,0,0.23031671955868516,4.0,34.8,8.7,2.0,6.0,16,0.0,0.0,5.0,4
163541,0,0,0.22960877849901232,3.0,35.7,11.9,3.3333333333333335,4.0,6,0.0,0.0,2.0,3
163554,0,0,0.1466203283713004,3.0,71.30000000000001,23.76666666666667,3.0,4.0,6,0.0,0.0,4.0,4
163556,0,0,0.2809688846312455,4.0,48.7,12.175,2.25,6.0,17,0.0,0.0,1.0,3
163558,0,0,0.15932510981943446,3.0,71.6,23.866666666666664,3.0,4.0,4,0.0,0.0,3.0,4
163565,0,0,0.12386519628051333,4.0,82.9,20.725,4.0,5.0,7,0.0,0.0,5.0,4
163577,0,0,0.2694357311658279,1.0,4.3,4.3,3.0,2.0,0,0.0,0.0,0.0,4
163581,0,0,0.11905796733269337,4.0,113.5,28.375,4.5,5.0,11,0.0,0.0,2.0,1
163586,1,0,0.24670346918409072,3.0,41.4,13.799999999999999,2.0,4.0,11,0.0,0.0,2.0,4
163588,0,0,0.1429166889861457,2.0,55.4,27.7,7.5,3.0,6,0.0,0.0,1.0,4
163590,0,0,0.1329451899532488,6.0,106.1,17.683333333333334,4.0,7.0,17,0.0,0.0,5.0,4
163591,0,0,0.2730547453480838,2.0,13.6,6.8,1.5,3.0,4,0.0,0.0,2.0,4
163595,0,0,0.21503618738219693,3.0,72.9,24.3,2.6666666666666665,4.0,8,0.0,0.0,0.0,4
163599,0,0,0.28790177332417877,2.0,19.2,9.6,3.0,3.0,13,0.0,0.0,0.0,4
163600,0,0,0.2716148533315057,1.0,9.9,9.9,1.0,4.0,18,0.0,0.0,2.0,4
163602,0,0,0.2722665827796205,4.0,28.2,7.05,2.75,6.0,16,0.0,0.0,3.0,4
163610,0,0,0.2079878510370477,2.0,44.3,22.15,4.0,3.0,13,0.0,0.0,1.0,3
163623,0,0,0.03637465347592712,4.0,183.1,45.775,5.25,5.0,8,0.0,0.0,6.0,4
163628,0,0,0.040077714407757425,5.0,173.9,34.78,4.4,6.0,16,0.0,0.0,8.0,3
163635,0,0,0.1253614070773608,4.0,85.5,21.375,3.75,5.0,11,0.0,0.0,5.0,4
163647,0,0,0.19312169554126357,2.0,64.2,32.1,3.0,3.0,10,0.0,0.0,1.0,4
163668,0,0,0.2320351877779818,3.0,26.2,8.733333333333333,3.0,4.0,7,0.0,0.0,3.0,1
163670,0,0,0.15536009294290082,1.0,10.4,10.4,9.0,2.0,1,0.0,0.0,1.0,4
163682,0,0,0.3049314983018822,4.0,31.599999999999998,7.8999999999999995,1.75,5.0,13,0.0,0.0,2.0,4
163692,0,0,0.008829536926797263,8.0,331.4,41.425,4.0,8.0,13,0.0,0.0,9.0,1
163699,0,0,0.22092194125630502,2.0,23.0,11.5,5.0,3.0,9,0.0,0.0,1.0,3
163708,0,0,0.29709344531252724,4.0,36.0,9.0,3.5,5.0,6,0.0,0.0,0.0,1
163712,0,0,0.23521541864656012,2.0,29.799999999999997,14.899999999999999,5.0,4.0,16,0.0,0.0,0.0,4
163727,0,0,0.25571107861813885,1.0,20.3,20.3,3.0,2.0,1,0.0,0.0,0.0,4
163741,0,0,0.041219449965501316,8.0,195.4,24.425,3.625,8.0,14,0.0,0.0,10.0,4
163745,0,0,0.17137840679941616,3.0,42.0,14.0,4.333333333333333,4.0,8,0.0,0.0,4.0,4
163759,0,0,0.26251531614836976,1.0,12.2,12.2,2.0,2.0,5,0.0,0.0,1.0,3
163767,0,0,0.16764818333876733,4.0,94.7,23.675,3.75,6.0,15,0.0,0.0,1.0,1
163779,0,0,0.2787262616523241,1.0,15.2,15.2,2.0,2.0,1,0.0,0.0,0.0,4
163787,0,0,0.21384327587359783,2.0,48.2,24.1,3.0,3.0,7,0.0,0.0,1.0,4
163797,0,0,0.19551074264887386,2.0,33.7,16.85,4.5,3.0,9,0.0,0.0,2.0,4
163822,0,0,0.06457139669102503,3.0,110.80000000000001,36.93333333333334,5.333333333333333,6.0,18,0.0,0.0,7.0,4
163832,1,0,0.2176143335867889,2.0,30.599999999999998,15.299999999999999,3.0,3.0,3,0.0,0.0,2.0,3
163833,0,0,0.239426920951551,2.0,17.7,8.85,3.0,3.0,4,0.0,0.0,2.0,4
163840,0,0,0.16301704030562186,3.0,77.9,25.96666666666667,4.333333333333333,4.0,4,0.0,0.0,1.0,3
163846,1,0,0.218548400355765,4.0,68.7,17.175,3.25,5.0,10,0.0,0.0,1.0,4
163854,0,0,0.24043708050430215,1.0,38.0,38.0,2.0,2.0,5,0.0,0.0,1.0,4
163860,0,0,0.22661304396654383,1.0,33.2,33.2,4.0,2.0,0,0.0,0.0,0.0,4
163867,0,0,0.20940035831728324,3.0,41.3,13.766666666666666,4.333333333333333,4.0,13,0.0,0.0,2.0,3
163872,0,0,0.2460121518810763,2.0,14.0,7.0,4.0,3.0,1,0.0,0.0,1.0,4
163873,1,0,0.1293327473571752,4.0,103.3,25.825,3.75,5.0,14,0.0,0.0,3.0,3
163875,0,0,0.2386601652457925,2.0,14.5,7.25,3.5,3.0,7,0.0,0.0,2.0,4
163879,0,0,0.14960462041344127,3.0,87.8,29.266666666666666,4.333333333333333,4.0,3,0.0,0.0,1.0,4
163929,0,0,0.27203583558751976,1.0,21.3,21.3,2.0,2.0,0,0.0,0.0,0.0,4
163932,0,0,0.08819931736826958,3.0,66.69999999999999,22.23333333333333,6.0,4.0,4,0.0,0.0,7.0,4
163935,0,0,0.3368012433142014,3.0,12.3,4.1000000000000005,2.6666666666666665,4.0,7,0.0,0.0,0.0,4
163937,0,0,0.2664122171196477,5.0,47.9,9.58,2.4,6.0,13,0.0,0.0,3.0,4
163938,0,0,0.2741140714922872,2.0,8.6,4.3,3.0,3.0,2,0.0,0.0,1.0,4
163939,0,0,0.22723472967784214,1.0,11.1,11.1,4.0,2.0,4,0.0,0.0,1.0,2
163945,0,0,0.19808778668404195,3.0,68.3,22.766666666666666,4.333333333333333,4.0,12,0.0,0.0,0.0,1
163946,0,0,0.2789482962304704,1.0,6.2,6.2,3.0,2.0,14,0.0,0.0,0.0,2
163969,0,0,0.17976813615517082,3.0,62.599999999999994,20.866666666666664,3.6666666666666665,4.0,5,0.0,0.0,2.0,4
163972,0,0,0.1838030966573556,2.0,73.5,36.75,3.5,3.0,2,0.0,0.0,0.0,3
163984,0,0,0.07170902000868418,6.0,189.2,31.53333333333333,3.1666666666666665,6.0,14,0.0,0.0,3.0,2
163985,0,0,0.14098410906836042,4.0,101.7,25.425,3.75,5.0,7,0.0,0.0,2.0,4
163988,0,0,0.2804775016997939,2.0,27.0,13.5,2.0,3.0,3,0.0,0.0,0.0,1
164002,0,0,0.27172050215682747,2.0,29.799999999999997,14.899999999999999,2.5,3.0,6,0.0,0.0,0.0,4
164009,0,0,0.23569159846931603,3.0,38.9,12.966666666666667,4.333333333333333,5.0,17,0.0,0.0,1.0,4
164014,0,0,0.15896327379128014,3.0,74.9,24.96666666666667,2.6666666666666665,4.0,4,0.0,0.0,3.0,4
164016,0,0,0.27916470495318846,4.0,58.5,14.625,2.0,5.0,10,0.0,0.0,0.0,1
164027,0,0,0.1860483692511713,2.0,52.0,26.0,4.5,3.0,7,0.0,0.0,1.0,4
164053,0,0,0.2312654770041841,5.0,71.7,14.34,2.4,6.0,7,0.0,0.0,2.0,4
164062,0,0,0.24007556890531712,3.0,19.4,6.466666666666666,2.6666666666666665,5.0,17,0.0,0.0,4.0,4
164069,0,0,0.16365721178684436,5.0,85.1,17.02,3.0,6.0,11,1.0,19.99,4.0,3
164070,0,0,0.3061393680715652,1.0,6.0,6.0,1.0,2.0,2,0.0,0.0,0.0,2
164076,0,0,0.11559365095372093,3.0,109.19999999999999,36.4,4.333333333333333,4.0,11,0.0,0.0,2.0,3
164080,0,0,0.2247465468443047,4.0,69.1,17.275,3.75,5.0,5,0.0,0.0,0.0,4
164084,0,0,0.041115499297563286,5.0,185.8,37.160000000000004,4.0,6.0,18,0.0,0.0,7.0,4
164089,0,0,0.15046958168925237,5.0,118.6,23.72,3.6,6.0,11,0.0,0.0,1.0,1
164105,0,0,0.09746604972610834,5.0,118.1,23.619999999999997,4.6,7.0,17,0.0,0.0,5.0,4
164111,0,0,0.34464673972799015,5.0,40.4,8.08,2.8,6.0,11,0.0,0.0,0.0,4
164112,0,0,0.14848469918594648,3.0,44.8,14.933333333333332,2.6666666666666665,6.0,18,0.0,0.0,7.0,4
164117,0,0,0.23074792978448158,1.0,87.6,87.6,1.0,2.0,0,0.0,0.0,0.0,4
164121,0,0,0.2637597225395764,6.0,79.4,13.233333333333334,2.5,6.0,8,0.0,0.0,1.0,2
164123,0,0,0.10733916855461688,7.0,147.3,21.042857142857144,2.857142857142857,7.0,11,0.0,0.0,5.0,4
164126,0,0,0.0820585509451344,2.0,93.0,46.5,7.0,3.0,6,0.0,0.0,4.0,3
164136,0,0,0.09294933025494603,4.0,135.89999999999998,33.974999999999994,3.75,5.0,11,0.0,0.0,3.0,3
164145,0,0,0.1987255144727288,5.0,84.2,16.84,3.2,6.0,14,0.0,0.0,2.0,2
164152,0,0,0.19814420735863572,2.0,5.1,2.55,6.0,6.0,17,0.0,0.0,3.0,3
164158,0,0,0.21573555649326248,2.0,27.5,13.75,5.0,3.0,12,0.0,0.0,1.0,2
164163,0,0,0.2615945085394345,1.0,15.2,15.2,2.0,2.0,7,0.0,0.0,1.0,3
164171,0,0,0.183246697226196,2.0,44.5,22.25,3.0,3.0,9,0.0,0.0,3.0,1
164173,0,0,0.1786720965003327,2.0,26.0,13.0,4.0,3.0,8,0.0,0.0,4.0,4
164184,0,0,0.27870420779062594,1.0,21.2,21.2,2.0,2.0,7,0.0,0.0,0.0,4
164197,0,0,0.24608505455355364,4.0,61.3,15.325,2.5,6.0,15,0.0,0.0,1.0,1
164219,0,0,0.2861714967005328,1.0,4.5,4.5,2.0,2.0,0,0.0,0.0,0.0,2
164220,0,0,0.15900583876905583,4.0,114.1,28.525,3.25,5.0,9,0.0,0.0,0.0,4
164230,0,0,0.06415539441479505,4.0,93.30000000000001,23.325000000000003,7.75,5.0,3,1.0,19.99,7.0,3
164231,0,0,0.2989649456816543,3.0,19.0,6.333333333333333,2.6666666666666665,4.0,8,0.0,0.0,1.0,4
164236,0,0,0.12089069791837184,6.0,63.400000000000006,10.566666666666668,4.5,8.0,17,0.0,0.0,10.0,4
164237,0,0,0.20717058491152393,3.0,40.6,13.533333333333333,5.333333333333333,4.0,4,0.0,0.0,1.0,4
164239,1,0,0.1166967519449942,4.0,102.2,25.55,3.75,5.0,11,0.0,0.0,4.0,2
164241,0,0,0.22784912456433049,2.0,25.900000000000002,12.950000000000001,4.0,3.0,5,0.0,0.0,1.0,1
164252,0,0,0.25712652314426443,1.0,16.8,16.8,3.0,2.0,1,0.0,0.0,0.0,2
164262,0,0,0.03183388713592986,5.0,219.8,43.96,5.8,6.0,9,0.0,0.0,4.0,4
164273,0,0,0.15193125278828373,1.0,77.0,77.0,7.0,2.0,0,0.0,0.0,0.0,3
164285,0,0,0.12148251490116177,6.0,146.0,24.333333333333332,2.1666666666666665,6.0,9,0.0,0.0,3.0,4
164305,1,0,0.26030399230464485,1.0,12.6,12.6,2.0,2.0,2,0.0,0.0,1.0,4
164312,0,0,0.15960161221946959,4.0,66.5,16.625,4.25,5.0,13,0.0,0.0,4.0,4
164314,0,0,0.23938408214505075,2.0,16.7,8.35,3.0,3.0,4,0.0,0.0,2.0,2
164316,0,0,0.26050635817820167,1.0,15.0,15.0,3.0,2.0,1,0.0,0.0,0.0,4
164332,0,0,0.14410759841162393,3.0,88.0,29.333333333333332,2.6666666666666665,4.0,8,0.0,0.0,3.0,4
164341,0,0,0.24194987909774487,2.0,32.1,16.05,2.0,5.0,17,0.0,0.0,2.0,4
164350,0,0,0.14499283046244443,3.0,104.2,34.733333333333334,3.3333333333333335,4.0,14,0.0,0.0,1.0,1
164364,0,0,0.2263430782933228,4.0,52.099999999999994,13.024999999999999,2.5,5.0,14,0.0,0.0,3.0,3
164367,0,0,0.2914443502405563,3.0,25.1,8.366666666666667,2.3333333333333335,4.0,7,0.0,0.0,1.0,4
164386,0,0,0.1863336741828707,4.0,64.9,16.225,3.75,6.0,17,0.0,0.0,3.0,4
164391,0,0,0.02204553789290298,7.0,249.89999999999998,35.699999999999996,4.428571428571429,9.0,18,0.0,0.0,8.0,4
164402,0,0,0.29706846897070643,5.0,48.7,9.74,2.8,6.0,11,0.0,0.0,1.0,1
164408,0,0,0.19002706168844952,2.0,61.2,30.6,3.0,3.0,3,0.0,0.0,1.0,1
164415,0,0,0.17994449671688661,4.0,60.3,15.075,2.25,5.0,14,0.0,0.0,5.0,3
164420,0,0,0.22050232838633688,3.0,39.9,13.299999999999999,3.3333333333333335,4.0,6,0.0,0.0,2.0,1
164422,0,0,0.06451079565913712,6.0,144.9,24.150000000000002,5.166666666666667,6.0,13,0.0,0.0,7.0,3
164425,0,0,0.24947484430868141,3.0,38.3,12.766666666666666,3.6666666666666665,4.0,10,1.0,1.99,1.0,1
164429,1,0,0.2036758328901248,6.0,99.0,16.5,2.8333333333333335,6.0,16,0.0,0.0,2.0,1
164430,1,0,0.22282638429022011,3.0,28.7,9.566666666666666,3.3333333333333335,4.0,6,0.0,0.0,3.0,3
164431,0,0,0.23787202239961916,2.0,26.1,13.05,2.5,3.0,11,0.0,0.0,2.0,1
164432,0,0,0.2738042898546563,2.0,26.0,13.0,2.5,3.0,3,0.0,0.0,0.0,2
164433,0,0,0.27782274586908673,3.0,18.299999999999997,6.099999999999999,4.0,4.0,13,0.0,0.0,1.0,2
164443,0,0,0.3357819883943408,4.0,31.200000000000003,7.800000000000001,2.5,5.0,13,0.0,0.0,0.0,1
164450,0,0,0.3109395401027072,3.0,13.5,4.5,4.0,4.0,11,0.0,0.0,0.0,4
164451,0,0,0.24868746519692828,1.0,31.6,31.6,2.0,2.0,10,0.0,0.0,1.0,2
164473,0,0,0.1578309813202674,2.0,81.19999999999999,40.599999999999994,3.5,3.0,1,0.0,0.0,1.0,3
164477,0,0,0.25444718262756816,1.0,23.7,23.7,3.0,2.0,3,0.0,0.0,0.0,4
164479,0,0,0.21018576265451097,4.0,65.0,16.25,2.0,5.0,13,0.0,0.0,3.0,4
164486,0,0,0.2470617535422988,3.0,20.7,6.8999999999999995,4.0,4.0,6,0.0,0.0,2.0,4
164491,0,0,0.23461487838198225,1.0,11.9,11.9,5.0,2.0,10,0.0,0.0,0.0,2
164494,1,0,0.22058953408246218,3.0,33.900000000000006,11.300000000000002,3.3333333333333335,5.0,15,0.0,0.0,3.0,4
164495,0,0,0.06851514737873482,5.0,140.9,28.18,5.4,6.0,5,0.0,0.0,5.0,4
164502,0,0,0.12022914019788089,8.0,112.5,14.0625,2.875,8.0,12,0.0,0.0,9.0,2
164503,0,0,0.1363680733108047,2.0,77.0,38.5,5.0,3.0,9,0.0,0.0,2.0,4
164508,0,0,0.23608014767360644,1.0,4.2,4.2,5.0,2.0,4,0.0,0.0,0.0,2
164515,0,0,0.0671295826455217,4.0,183.39999999999998,45.849999999999994,3.0,5.0,10,0.0,0.0,2.0,1
164524,0,0,0.2692440131418662,1.0,21.4,21.4,2.0,2.0,0,0.0,0.0,0.0,1
164533,0,0,0.07968339872341854,8.0,182.8,22.85,3.875,8.0,14,1.0,9.99,5.0,4
164537,0,0,0.24720808736232303,2.0,24.0,12.0,2.0,3.0,5,0.0,0.0,2.0,4
164549,1,0,0.19764315691642298,5.0,60.0,12.0,3.8,6.0,13,0.0,0.0,4.0,2
164550,0,0,0.09092961500153378,5.0,162.39999999999998,32.48,3.4,6.0,13,0.0,0.0,2.0,3
164561,0,0,0.16772053342109086,4.0,49.0,12.25,3.25,5.0,12,0.0,0.0,6.0,4
164597,0,0,0.18749073560520194,2.0,52.2,26.1,3.0,3.0,6,0.0,0.0,2.0,1
164604,0,0,0.11711592942848437,5.0,61.8,12.36,3.0,6.0,9,0.0,0.0,10.0,4
164607,0,0,0.2840804949745432,1.0,8.6,8.6,2.0,2.0,0,0.0,0.0,0.0,4
164611,0,0,0.2469705956978287,2.0,32.2,16.1,3.5,3.0,3,0.0,0.0,0.0,4
164614,0,0,0.2053768230310872,2.0,61.2,30.6,4.0,3.0,18,0.0,0.0,0.0,3
164619,0,0,0.12569288838638934,4.0,87.2,21.8,4.5,5.0,7,0.0,0.0,4.0,4
164641,0,0,0.28602684402305517,2.0,13.2,6.6,1.0,3.0,7,0.0,0.0,2.0,4
164642,0,0,0.23096314962932532,4.0,45.7,11.425,4.0,5.0,10,0.0,0.0,2.0,4
164644,0,0,0.24153408694464368,4.0,55.699999999999996,13.924999999999999,3.5,7.0,17,0.0,0.0,1.0,2
164663,0,0,0.12770964823815217,3.0,70.5,23.5,3.6666666666666665,4.0,7,0.0,0.0,5.0,4
164667,1,0,0.25341522024159485,2.0,12.2,6.1,4.0,3.0,6,0.0,0.0,1.0,4
164672,0,0,0.23793464039392315,1.0,42.6,42.6,3.0,2.0,5,0.0,0.0,0.0,2
164703,0,0,0.23483905564541185,3.0,42.7,14.233333333333334,3.3333333333333335,4.0,4,0.0,0.0,1.0,3
164720,0,0,0.1823805657274407,3.0,76.4,25.46666666666667,3.0,4.0,5,0.0,0.0,1.0,1
164723,0,0,0.1478429394764154,3.0,52.599999999999994,17.53333333333333,3.6666666666666665,4.0,5,0.0,0.0,5.0,3
164725,0,0,0.2451085893521815,2.0,24.6,12.3,3.0,3.0,3,0.0,0.0,1.0,1
164757,0,0,0.15687424256527444,2.0,35.9,17.95,3.5,3.0,8,0.0,0.0,5.0,3
164773,0,0,0.29388137163506256,2.0,8.6,4.3,3.5,3.0,12,0.0,0.0,0.0,1
164775,0,0,0.18941917074460754,3.0,58.5,19.5,3.3333333333333335,4.0,5,0.0,0.0,2.0,2
164791,0,0,0.31055463833229996,0.0,0.0,0.0,0.0,1.0,17,0.0,0.0,0.0,4
164796,0,0,0.21050387249580266,3.0,31.2,10.4,6.0,4.0,2,0.0,0.0,1.0,3
164798,0,0,0.11952166166660841,2.0,48.7,24.35,6.0,6.0,18,0.0,0.0,5.0,4
164801,0,0,0.20938366412019305,3.0,53.900000000000006,17.96666666666667,3.0,4.0,13,0.0,0.0,2.0,4
164818,0,0,0.24118323122882887,2.0,7.5,3.75,1.5,3.0,4,0.0,0.0,4.0,4
164830,0,0,0.2585748288250286,4.0,30.8,7.7,3.0,6.0,15,0.0,0.0,3.0,1
164832,0,0,0.32054330003769,3.0,12.2,4.066666666666666,2.3333333333333335,4.0,8,0.0,0.0,1.0,4
164839,0,0,0.18443531228731722,1.0,11.6,11.6,6.0,2.0,10,0.0,0.0,2.0,4
164840,0,0,0.13458160794649426,3.0,97.1,32.36666666666667,5.666666666666667,4.0,2,0.0,0.0,0.0,2
164852,0,0,0.21733078349670162,3.0,44.699999999999996,14.899999999999999,3.0,4.0,3,0.0,0.0,2.0,4
164855,0,0,0.04785706244982124,7.0,171.6,24.514285714285712,4.428571428571429,7.0,13,0.0,0.0,9.0,3
164860,0,0,0.24983255801668444,1.0,7.1,7.1,4.0,2.0,1,0.0,0.0,0.0,4
164903,0,0,0.04770464694644901,5.0,195.0,39.0,5.4,6.0,10,0.0,0.0,3.0,1
164904,1,0,0.22491913160782254,3.0,20.4,6.8,2.0,4.0,10,0.0,0.0,5.0,4
164918,0,0,0.24115919006149109,3.0,13.5,4.5,4.0,4.0,7,0.0,0.0,3.0,4
164921,0,0,0.16945126951358666,2.0,36.9,18.45,3.5,3.0,5,0.0,0.0,4.0,4
164934,0,0,0.058235261240764565,5.0,133.3,26.660000000000004,3.6,6.0,8,0.0,0.0,9.0,4
164942,0,0,0.07433860871430241,4.0,118.6,29.65,3.5,5.0,7,0.0,0.0,7.0,4
164943,0,0,0.2018035463886445,4.0,73.2,18.3,3.5,5.0,4,0.0,0.0,1.0,4
164949,0,0,0.2673579036010522,2.0,20.9,10.45,2.5,3.0,8,0.0,0.0,1.0,4
164952,0,0,0.08301388155703916,4.0,117.2,29.3,4.5,5.0,4,0.0,0.0,5.0,2
164954,0,0,0.19345020637745536,2.0,42.9,21.45,4.5,3.0,2,0.0,0.0,1.0,2
164956,0,0,0.18993249010707922,1.0,15.5,15.5,6.0,2.0,1,0.0,0.0,1.0,1
164958,0,0,0.21047724475634652,1.0,11.7,11.7,6.0,2.0,0,0.0,0.0,0.0,2
164961,0,0,0.16231434958338953,5.0,95.6,19.119999999999997,4.4,6.0,11,0.0,0.0,2.0,4
164964,0,0,0.2344078811314016,1.0,7.1,7.1,5.0,2.0,3,0.0,0.0,0.0,4
164965,0,0,0.23133152010990196,3.0,39.9,13.299999999999999,4.0,4.0,6,0.0,0.0,1.0,4
164971,0,0,0.234083549622915,2.0,14.899999999999999,7.449999999999999,2.5,3.0,6,0.0,0.0,3.0,4
164991,0,0,0.32588709519624076,2.0,14.799999999999999,7.3999999999999995,1.5,6.0,18,0.0,0.0,0.0,3
164999,0,0,0.10090230753320643,5.0,157.2,31.439999999999998,2.6,6.0,9,0.0,0.0,2.0,3
165014,0,0,0.1557983178942116,4.0,81.89999999999999,20.474999999999998,2.5,5.0,8,0.0,0.0,4.0,4
165015,0,0,0.16768014903698464,2.0,48.5,24.25,5.0,3.0,7,0.0,0.0,2.0,4
165019,1,0,0.31084315805135954,3.0,9.3,3.1,3.3333333333333335,4.0,12,0.0,0.0,1.0,4
165020,0,0,0.20511449424195252,3.0,67.19999999999999,22.399999999999995,2.0,5.0,18,0.0,0.0,2.0,4
165029,0,0,0.2701211332229011,2.0,32.3,16.15,2.0,3.0,1,0.0,0.0,0.0,2
165031,0,0,0.2700466534175177,1.0,13.7,13.7,3.0,2.0,13,0.0,0.0,0.0,1
165036,0,0,0.1182668349047718,4.0,111.3,27.825,3.5,5.0,5,0.0,0.0,3.0,4
165042,0,0,0.19105263640809944,4.0,71.2,17.8,2.5,5.0,12,0.0,0.0,3.0,4
165045,0,0,0.22270996951130734,3.0,55.8,18.599999999999998,2.0,4.0,14,0.0,0.0,2.0,4
165052,0,0,0.19596462332468834,3.0,54.400000000000006,18.133333333333336,3.3333333333333335,4.0,5,0.0,0.0,2.0,2
165069,0,0,0.18368427834622095,3.0,55.5,18.5,2.0,4.0,9,0.0,0.0,4.0,4
165072,0,0,0.15441569218145534,3.0,77.8,25.933333333333334,4.0,4.0,6,0.0,0.0,2.0,4
165073,0,0,0.2527662500587064,1.0,3.8,3.8,4.0,2.0,1,0.0,0.0,0.0,4
165082,0,0,0.22499294191820968,3.0,47.099999999999994,15.699999999999998,2.6666666666666665,4.0,13,0.0,0.0,2.0,2
165088,1,0,0.044785287881629506,7.0,161.3,23.042857142857144,4.142857142857143,8.0,15,0.0,0.0,11.0,3
165090,0,0,0.05167957182046317,4.0,132.4,33.1,5.0,5.0,11,0.0,0.0,8.0,3
165119,1,0,0.33788903997318276,4.0,24.9,6.225,2.0,5.0,11,0.0,0.0,1.0,4
165121,0,0,0.24314881520952714,3.0,27.799999999999997,9.266666666666666,2.6666666666666665,4.0,14,0.0,0.0,3.0,4
165124,0,0,0.15548341170760405,2.0,68.5,34.25,5.0,3.0,5,0.0,0.0,1.0,1
165126,0,0,0.29486639711516993,3.0,31.1,10.366666666666667,2.3333333333333335,4.0,3,0.0,0.0,0.0,1
165127,0,0,0.2867440131470385,1.0,31.6,31.6,1.0,2.0,6,0.0,0.0,0.0,4
165145,1,0,0.14960557213959227,4.0,68.5,17.125,3.5,5.0,10,0.0,0.0,5.0,4
165153,0,0,0.15104122531526182,3.0,63.199999999999996,21.066666666666666,4.0,5.0,17,0.0,0.0,4.0,4
165167,0,0,0.12582203205091433,4.0,115.1,28.775,2.25,5.0,4,0.0,0.0,3.0,4
165180,0,0,0.1216448179928637,4.0,105.4,26.35,3.75,5.0,4,0.0,0.0,3.0,3
165199,0,0,0.08038473054509272,3.0,134.6,44.86666666666667,4.666666666666667,4.0,12,0.0,0.0,3.0,2
165212,0,0,0.0595727901752197,5.0,147.2,29.439999999999998,5.2,6.0,8,0.0,0.0,6.0,4
165217,0,0,0.1759342570404747,2.0,41.1,20.55,4.0,3.0,9,0.0,0.0,3.0,4
165218,0,0,0.2291882684623808,3.0,45.5,15.166666666666666,2.3333333333333335,4.0,7,0.0,0.0,2.0,3
165231,0,0,0.19760776180938877,1.0,31.4,31.4,6.0,2.0,1,0.0,0.0,0.0,4
165235,0,0,0.20354082932935977,2.0,31.4,15.7,5.5,4.0,16,0.0,0.0,1.0,1
165243,0,0,0.22784215069211144,2.0,29.9,14.95,5.0,3.0,6,0.0,0.0,0.0,4
165253,0,0,0.12183985731623012,4.0,103.1,25.775,4.0,5.0,4,0.0,0.0,3.0,3
165256,0,0,0.2063822115385605,3.0,34.699999999999996,11.566666666666665,3.6666666666666665,4.0,4,0.0,0.0,3.0,4
165257,0,0,0.267146200687181,1.0,6.8,6.8,3.0,2.0,1,0.0,0.0,0.0,3
165268,1,0,0.2885989457831129,4.0,50.400000000000006,12.600000000000001,2.75,5.0,13,0.0,0.0,0.0,4
165281,0,0,0.04576888516484743,6.0,155.6,25.933333333333334,4.166666666666667,6.0,12,0.0,0.0,10.0,4
165288,0,0,0.2421475004896719,2.0,10.600000000000001,5.300000000000001,5.0,3.0,10,0.0,0.0,1.0,4
165292,1,0,0.2256309606901332,2.0,29.2,14.6,5.0,3.0,2,0.0,0.0,0.0,4
165302,0,0,0.2850424458293171,1.0,7.6,7.6,2.0,2.0,0,0.0,0.0,0.0,4
165304,0,0,0.2105263666867625,5.0,47.0,9.4,3.4,6.0,14,0.0,0.0,5.0,2
165306,0,0,0.19444557409881053,1.0,6.0,6.0,4.0,2.0,2,0.0,0.0,3.0,4
165308,0,0,0.26035324370522145,3.0,38.9,12.966666666666667,2.3333333333333335,4.0,4,0.0,0.0,1.0,4
165311,0,0,0.05721037396434958,5.0,146.0,29.2,3.6,6.0,9,1.0,9.99,8.0,2
165328,0,0,0.21645475927167113,1.0,61.9,61.9,2.0,2.0,2,0.0,0.0,1.0,2
165334,0,0,0.0376341518023618,6.0,174.60000000000002,29.100000000000005,4.0,8.0,18,0.0,0.0,10.0,1
165345,0,0,0.2852553052709212,3.0,22.0,7.333333333333333,4.333333333333333,4.0,12,0.0,0.0,0.0,2
165349,0,0,0.21841551583531715,2.0,31.5,15.75,4.0,3.0,4,0.0,0.0,1.0,1
165354,0,0,0.02394598296886237,8.0,244.0,30.5,4.375,8.0,12,0.0,0.0,9.0,2
165361,1,0,0.213316975647572,3.0,67.4,22.46666666666667,2.3333333333333335,5.0,15,0.0,0.0,1.0,1
165366,0,0,0.007336126546463929,9.0,317.5,35.27777777777778,3.5555555555555554,9.0,13,0.0,0.0,14.0,4
165367,0,0,0.050692089209061826,4.0,172.5,43.125,5.0,5.0,7,0.0,0.0,4.0,2
165378,0,0,0.28360535787878355,0.0,0.0,0.0,0.0,1.0,15,0.0,0.0,1.0,2
165386,0,0,0.21031927636054268,1.0,13.2,13.2,5.0,2.0,3,0.0,0.0,1.0,4
165408,0,0,0.28610285082715836,1.0,6.5,6.5,2.0,2.0,0,0.0,0.0,0.0,4
165413,1,0,0.16213863489142016,4.0,71.60000000000001,17.900000000000002,3.25,5.0,9,0.0,0.0,4.0,4
165418,0,0,0.28993180693054305,1.0,5.6,5.6,2.0,2.0,5,0.0,0.0,0.0,2
165421,0,0,0.30458684816331977,3.0,25.8,8.6,2.6666666666666665,4.0,5,0.0,0.0,0.0,4
165422,0,0,0.2881782603204026,2.0,23.8,11.9,2.5,3.0,13,0.0,0.0,0.0,3
165431,0,0,0.2339996630186258,1.0,1.7,1.7,5.0,2.0,0,0.0,0.0,0.0,1
165433,0,0,0.12022416773678435,5.0,82.2,16.44,3.8,6.0,10,0.0,0.0,7.0,4
165434,0,0,0.2225644634355958,2.0,22.6,11.3,3.5,3.0,3,0.0,0.0,2.0,4
165451,1,0,0.3192539900678218,2.0,20.4,10.2,1.0,3.0,9,0.0,0.0,0.0,2
165453,0,0,0.27015880909561074,1.0,9.5,9.5,3.0,2.0,6,0.0,0.0,0.0,4
165461,0,0,0.08209169726680195,8.0,137.5,17.1875,4.25,8.0,11,0.0,0.0,9.0,4
165466,0,0,0.10400256214316667,2.0,87.1,43.55,6.0,3.0,7,0.0,0.0,3.0,3
165473,1,0,0.20183432288686598,2.0,31.700000000000003,15.850000000000001,2.0,3.0,11,0.0,0.0,4.0,4
165481,0,0,0.06598622266928013,4.0,162.0,40.5,5.75,5.0,8,0.0,0.0,2.0,4
165493,0,0,0.20721780406216214,1.0,18.8,18.8,6.0,2.0,1,0.0,0.0,0.0,4
165507,1,0,0.17501542089656427,2.0,84.8,42.4,2.5,5.0,18,0.0,0.0,1.0,2
165519,0,0,0.2718058079084902,3.0,23.8,7.933333333333334,2.3333333333333335,4.0,8,0.0,0.0,2.0,3
165523,0,0,0.14255462625439808,4.0,109.5,27.375,3.0,5.0,13,0.0,0.0,2.0,4
165526,0,0,0.11690830683041913,3.0,87.6,29.2,6.666666666666667,4.0,12,0.0,0.0,2.0,4
165530,0,0,0.20543398602579785,2.0,29.5,14.75,4.5,5.0,17,0.0,0.0,2.0,4
165536,0,0,0.211075437445926,3.0,35.6,11.866666666666667,3.6666666666666665,4.0,12,0.0,0.0,3.0,4
165546,0,0,0.1494101066844569,4.0,70.2,17.55,4.25,5.0,6,0.0,0.0,4.0,3
165562,0,0,0.210801288017643,1.0,50.2,50.2,3.0,2.0,2,0.0,0.0,1.0,3
165566,0,0,0.17690114591351772,2.0,47.7,23.85,3.0,3.0,3,0.0,0.0,3.0,4
165569,0,0,0.24103772515909894,1.0,22.1,22.1,2.0,4.0,16,0.0,0.0,2.0,4
165574,0,0,0.09763150170852297,5.0,71.5,14.3,4.0,6.0,9,0.0,0.0,10.0,4
165578,0,0,0.2757072595272312,3.0,25.2,8.4,3.0,4.0,4,0.0,0.0,1.0,4
165583,0,0,0.22034413649673643,4.0,36.6,9.15,3.25,5.0,8,0.0,0.0,4.0,4
165592,0,0,0.3057747658632371,1.0,6.3,6.3,1.0,2.0,0,0.0,0.0,0.0,4
165597,0,0,0.06986327369749921,5.0,148.4,29.68,4.8,7.0,18,0.0,0.0,5.0,3
165599,0,0,0.310295133720399,1.0,4.8,4.8,1.0,2.0,3,0.0,0.0,0.0,4
165602,0,0,0.27585280443679866,2.0,21.7,10.85,3.5,3.0,15,0.0,0.0,0.0,4
165608,0,0,0.20934555691609041,3.0,40.7,13.566666666666668,4.0,4.0,5,0.0,0.0,2.0,3
165622,1,0,0.11127935130813982,5.0,86.60000000000001,17.32,4.2,6.0,10,0.0,0.0,7.0,4
165628,0,0,0.1454926997405205,5.0,75.60000000000001,15.120000000000001,4.8,7.0,16,0.0,0.0,5.0,3
165629,0,0,0.17555543267999235,3.0,66.8,22.266666666666666,3.6666666666666665,4.0,9,0.0,0.0,2.0,3
165630,0,0,0.20001223339837915,3.0,37.5,12.5,3.0,4.0,12,0.0,0.0,4.0,4
165637,0,0,0.27001887074101344,2.0,15.7,7.85,3.0,3.0,11,0.0,0.0,1.0,4
165646,0,0,0.26581201996610787,1.0,28.0,28.0,2.0,2.0,0,0.0,0.0,0.0,4
165648,0,0,0.11365451206059857,4.0,118.4,29.6,3.25,5.0,7,0.0,0.0,3.0,4
165652,0,0,0.25951517379558,1.0,5.3,5.3,4.0,2.0,11,0.0,0.0,0.0,3
165667,0,0,0.005922692421914103,9.0,264.9,29.43333333333333,4.444444444444445,9.0,15,0.0,0.0,21.0,3
165673,0,0,0.018792196492923595,6.0,220.1,36.68333333333333,4.666666666666667,6.0,10,0.0,0.0,11.0,4
165677,0,0,0.2553575961162072,2.0,30.4,15.2,2.5,4.0,17,0.0,0.0,1.0,1
165679,0,0,0.16151191166141007,3.0,61.5,20.5,4.333333333333333,4.0,2,1.0,1.99,3.0,4
165682,1,0,0.19582317033073843,2.0,8.9,4.45,5.5,3.0,6,0.0,0.0,3.0,4
165686,0,0,0.26494761521458426,1.0,4.6,4.6,2.0,2.0,1,0.0,0.0,1.0,2
165703,0,0,0.26544455301700676,5.0,55.2,11.040000000000001,2.8,6.0,15,0.0,0.0,2.0,3
165704,0,0,0.2003290696708737,2.0,48.0,24.0,3.5,3.0,1,0.0,0.0,1.0,2
165710,1,0,0.21834139271006103,1.0,23.9,23.9,4.0,2.0,4,0.0,0.0,1.0,4
165715,0,0,0.022317260720867076,7.0,163.20000000000002,23.314285714285717,4.571428571428571,7.0,14,0.0,0.0,17.0,4
165717,0,0,0.23865326997566258,2.0,35.9,17.95,2.5,3.0,4,0.0,0.0,1.0,4
165728,0,0,0.22503031031060453,1.0,13.4,13.4,5.0,2.0,0,0.0,0.0,0.0,2
165750,0,0,0.11252606387834163,2.0,82.4,41.2,5.5,3.0,6,0.0,0.0,3.0,4
165752,0,0,0.15906922868708714,6.0,104.1,17.349999999999998,3.1666666666666665,8.0,18,0.0,0.0,4.0,4
165755,1,0,0.2696264083029291,3.0,38.7,12.9,2.3333333333333335,5.0,17,0.0,0.0,1.0,2
165758,0,0,0.2960913327940751,1.0,9.3,9.3,2.0,2.0,16,0.0,0.0,0.0,1
165763,0,0,0.14278912709393943,5.0,80.7,16.14,3.4,6.0,17,0.0,0.0,6.0,4
165768,0,0,0.030358051334904136,7.0,244.4,34.91428571428572,3.7142857142857144,7.0,10,0.0,0.0,6.0,4
165772,0,0,0.2600959793420182,5.0,67.2,13.440000000000001,4.0,6.0,14,0.0,0.0,0.0,4
165781,0,0,0.246911550747172,2.0,26.3,13.15,2.0,3.0,9,0.0,0.0,2.0,4
165788,0,0,0.1244960284082034,3.0,72.0,24.0,5.0,4.0,9,0.0,0.0,4.0,2
165789,0,0,0.14036101765037412,2.0,20.4,10.2,7.5,3.0,6,0.0,0.0,4.0,4
165807,0,0,0.17809429138058183,6.0,60.5,10.083333333333334,3.3333333333333335,6.0,10,0.0,0.0,7.0,4
165811,0,0,0.25638848190060515,1.0,14.0,14.0,2.0,2.0,1,0.0,0.0,1.0,2
165818,0,0,0.0944606754326647,4.0,145.39999999999998,36.349999999999994,2.5,5.0,14,0.0,0.0,3.0,1
165820,0,0,0.06602679672444646,4.0,72.80000000000001,18.200000000000003,4.75,6.0,17,0.0,0.0,12.0,4
165821,0,0,0.2875662704980698,4.0,31.1,7.775,2.75,5.0,14,0.0,0.0,2.0,4
165826,0,0,0.20840672171713875,3.0,33.5,11.166666666666666,3.6666666666666665,4.0,4,0.0,0.0,3.0,4
165838,0,0,0.17902395751141215,4.0,61.0,15.25,4.75,5.0,16,0.0,0.0,3.0,4
165843,0,0,0.28491836424890454,1.0,5.8,5.8,2.0,2.0,0,0.0,0.0,0.0,2
165846,0,0,0.189627669639172,1.0,38.6,38.6,5.0,2.0,1,0.0,0.0,1.0,4
165888,0,0,0.15818323792486266,2.0,63.2,31.6,4.5,3.0,10,0.0,0.0,2.0,4
165891,0,0,0.20414047622766748,1.0,19.9,19.9,3.0,2.0,9,0.0,0.0,3.0,4
165898,0,0,0.25132957429966524,1.0,25.2,25.2,3.0,2.0,1,0.0,0.0,0.0,4
165901,0,0,0.0995323907096058,5.0,115.1,23.02,3.2,6.0,9,0.0,0.0,6.0,4
165904,1,0,0.14035022736206298,6.0,131.1,21.849999999999998,3.6666666666666665,7.0,18,0.0,0.0,2.0,1
165916,0,0,0.24715141292808074,1.0,69.5,69.5,1.0,2.0,1,0.0,0.0,0.0,4
165917,0,0,0.2708331227039841,1.0,2.8,2.8,3.0,2.0,0,0.0,0.0,0.0,4
165918,0,0,0.2185255585883029,3.0,42.4,14.133333333333333,3.3333333333333335,4.0,9,0.0,0.0,2.0,1
165924,1,0,0.18983924714937297,3.0,46.699999999999996,15.566666666666665,3.6666666666666665,4.0,9,0.0,0.0,3.0,3
165927,0,0,0.18831529519748758,7.0,126.6,18.085714285714285,3.2857142857142856,7.0,15,0.0,0.0,1.0,2
165931,0,0,0.18375294533915615,2.0,31.400000000000002,15.700000000000001,7.5,3.0,1,0.0,0.0,0.0,4
165962,0,0,0.123850878054939,2.0,109.80000000000001,54.900000000000006,4.0,3.0,4,0.0,0.0,1.0,4
165965,0,0,0.11571734122171692,4.0,90.4,22.6,4.25,5.0,13,0.0,0.0,5.0,4
165981,0,0,0.20557264232303166,2.0,74.80000000000001,37.400000000000006,2.0,3.0,2,1.0,9.99,0.0,1
165985,1,0,0.2733061920463074,1.0,6.5,6.5,2.0,2.0,10,0.0,0.0,1.0,4
165997,0,0,0.2900736047798093,2.0,16.4,8.2,2.5,3.0,1,0.0,0.0,0.0,3
166000,0,0,0.15082213384802093,4.0,92.4,23.1,4.25,5.0,14,0.0,0.0,2.0,2
166004,0,0,0.07781711991508054,5.0,131.6,26.32,3.0,6.0,12,0.0,0.0,7.0,3
166009,0,0,0.20393969810500093,2.0,29.700000000000003,14.850000000000001,5.0,3.0,2,0.0,0.0,1.0,1
166013,1,0,0.2876817740310789,2.0,11.6,5.8,2.5,3.0,12,0.0,0.0,1.0,4
166038,0,0,0.18224077286483642,4.0,52.3,13.075,3.75,5.0,4,0.0,0.0,4.0,4
166042,0,0,0.27541753074380426,2.0,19.1,9.55,2.5,5.0,17,0.0,0.0,1.0,3
166052,0,0,0.2844740003018635,1.0,5.6,5.6,1.0,2.0,2,0.0,0.0,1.0,3
166056,0,0,0.10157257486388555,3.0,86.4,28.8,5.0,6.0,16,0.0,0.0,5.0,4
166057,0,0,0.15749054071931198,3.0,67.5,22.5,4.0,4.0,12,0.0,0.0,3.0,4
166063,0,0,0.11635044130379116,3.0,116.2,38.733333333333334,3.3333333333333335,4.0,7,0.0,0.0,2.0,4
166068,0,0,0.17413997570686354,6.0,97.89999999999999,16.316666666666666,2.6666666666666665,6.0,14,0.0,0.0,4.0,3
166070,0,0,0.03479709128793574,5.0,190.9,38.18,3.8,6.0,13,0.0,0.0,8.0,4
166073,0,0,0.1977696125332592,2.0,27.0,13.5,3.5,3.0,4,0.0,0.0,3.0,3
166084,1,0,0.28368024269073855,2.0,32.2,16.1,2.0,5.0,17,0.0,0.0,0.0,3
166091,0,0,0.25657612667375385,2.0,24.9,12.45,3.5,3.0,2,0.0,0.0,0.0,2
166093,0,0,0.24708612235700456,1.0,30.0,30.0,3.0,2.0,1,0.0,0.0,0.0,4
166110,0,0,0.05405392094408253,6.0,176.4,29.400000000000002,4.333333333333333,6.0,10,0.0,0.0,6.0,4
166119,0,0,0.20606177570689801,2.0,40.7,20.35,4.5,4.0,16,0.0,0.0,1.0,2
166122,0,0,0.22104904888835156,3.0,60.2,20.066666666666666,2.6666666666666665,6.0,16,0.0,0.0,1.0,2
166137,0,0,0.22733525342893715,1.0,14.9,14.9,4.0,2.0,6,0.0,0.0,1.0,4
166145,0,0,0.2834586901220336,1.0,20.3,20.3,2.0,2.0,14,0.0,0.0,0.0,1
166149,0,0,0.13058986455228025,2.0,49.8,24.9,5.5,3.0,4,0.0,0.0,4.0,4
166154,0,0,0.29501784440070516,1.0,9.3,9.3,2.0,2.0,12,0.0,0.0,0.0,4
166164,0,0,0.09245865910411942,5.0,105.10000000000001,21.020000000000003,4.2,6.0,14,1.0,19.99,7.0,4
166172,0,0,0.2000749890721488,2.0,49.4,24.7,2.5,3.0,5,0.0,0.0,2.0,4
166182,0,0,0.04280994179049421,8.0,239.2,29.9,3.625,8.0,10,1.0,99.99,2.0,1
166187,1,0,0.30964309798980827,1.0,0.6,0.6,2.0,2.0,18,0.0,0.0,0.0,4
166204,0,0,0.28929444288328604,1.0,4.2,4.2,2.0,2.0,1,0.0,0.0,0.0,4
166213,1,0,0.19328768471501614,4.0,45.0,11.25,3.0,5.0,11,0.0,0.0,5.0,4
166217,0,0,0.08565104507075376,5.0,132.4,26.48,4.2,6.0,12,0.0,0.0,5.0,4
166219,1,0,0.28716571076502834,2.0,32.8,16.4,1.5,3.0,11,0.0,0.0,0.0,1
166243,0,0,0.21359104099141038,2.0,57.6,28.8,1.0,3.0,6,1.0,9.99,2.0,2
166244,0,0,0.18675186907062596,3.0,65.5,21.833333333333332,3.3333333333333335,5.0,16,0.0,0.0,2.0,4
166253,0,0,0.19541348059022287,4.0,54.7,13.675,2.75,5.0,8,0.0,0.0,4.0,4
166259,0,0,0.19396218747334576,2.0,65.5,32.75,3.5,3.0,1,0.0,0.0,0.0,3
166268,0,0,0.22994257724563869,1.0,29.2,29.2,4.0,2.0,0,0.0,0.0,0.0,4
166275,0,0,0.28639908257362534,2.0,12.8,6.4,2.0,3.0,3,0.0,0.0,1.0,4
166285,0,0,0.2858631612782927,4.0,31.3,7.825,3.75,5.0,11,0.0,0.0,1.0,2
166286,0,0,0.14290890136954013,5.0,86.5,17.3,4.6,6.0,10,0.0,0.0,4.0,2
166291,1,0,0.2527021423142828,1.0,5.6,5.6,2.0,2.0,10,0.0,0.0,2.0,4
166294,0,0,0.22283613654923934,2.0,42.6,21.3,4.0,3.0,4,0.0,0.0,0.0,4
166297,0,0,0.25190931863467525,2.0,41.4,20.7,2.5,3.0,9,0.0,0.0,0.0,1
166300,0,0,0.15522561152165348,3.0,34.1,11.366666666666667,5.333333333333333,4.0,9,0.0,0.0,5.0,4
166307,0,0,0.24795503636399896,1.0,31.1,31.1,3.0,2.0,6,0.0,0.0,0.0,1
166315,0,0,0.2852291196132325,1.0,24.3,24.3,1.0,2.0,0,0.0,0.0,0.0,1
166317,1,0,0.2711873353249974,3.0,36.7,12.233333333333334,2.3333333333333335,4.0,11,0.0,0.0,1.0,4
166318,0,0,0.24247385044213365,1.0,12.6,12.6,4.0,2.0,1,0.0,0.0,0.0,1
166323,0,0,0.22864056518662254,1.0,12.0,12.0,5.0,2.0,2,0.0,0.0,0.0,3
166326,0,0,0.13169913286476714,4.0,82.8,20.7,3.75,5.0,9,1.0,4.99,5.0,4
166333,0,0,0.27880645136294574,3.0,30.1,10.033333333333333,3.3333333333333335,4.0,4,0.0,0.0,0.0,1
166334,0,0,0.28769045273766625,4.0,24.5,6.125,4.5,5.0,11,0.0,0.0,1.0,3
166335,0,0,0.3024112947194832,3.0,27.3,9.1,1.3333333333333333,4.0,6,0.0,0.0,1.0,1
166347,0,0,0.1817415121241498,2.0,18.200000000000003,9.100000000000001,5.5,3.0,4,0.0,0.0,3.0,4
166361,0,0,0.20278908332541615,2.0,40.5,20.25,4.0,3.0,1,0.0,0.0,1.0,1
166365,0,0,0.30585589776976513,3.0,14.899999999999999,4.966666666666666,2.6666666666666665,4.0,6,0.0,0.0,1.0,4
166368,0,0,0.3000748336247218,2.0,28.900000000000002,14.450000000000001,1.0,3.0,5,0.0,0.0,0.0,3
166381,0,0,0.2659939234126491,2.0,14.3,7.15,3.0,3.0,4,0.0,0.0,1.0,4
166389,0,0,0.27061160528324524,2.0,15.9,7.95,2.0,4.0,18,0.0,0.0,2.0,3
166406,0,0,0.31137327959251254,1.0,12.7,12.7,1.0,2.0,12,0.0,0.0,0.0,4
166409,0,0,0.22565681261789397,3.0,35.8,11.933333333333332,3.6666666666666665,4.0,10,0.0,0.0,2.0,1
166411,0,0,0.08361169566430357,3.0,153.60000000000002,51.20000000000001,3.0,4.0,4,0.0,0.0,2.0,4
166412,1,0,0.26530566007444123,3.0,34.0,11.333333333333334,1.6666666666666667,4.0,9,0.0,0.0,2.0,4
166418,0,0,0.04594539503553622,5.0,125.1,25.02,5.2,9.0,18,0.0,0.0,11.0,4
166420,0,0,0.2131034118345074,2.0,33.8,16.9,3.5,5.0,18,0.0,0.0,2.0,1
166421,0,0,0.35294610480605915,2.0,6.0,3.0,1.0,3.0,12,0.0,0.0,0.0,4
166440,1,0,0.29218166193799006,1.0,10.8,10.8,1.0,4.0,17,0.0,0.0,1.0,4
166455,0,0,0.2390477259804447,3.0,55.599999999999994,18.53333333333333,1.6666666666666667,4.0,3,0.0,0.0,1.0,4
166462,0,0,0.03443237952985389,8.0,136.7,17.0875,4.875,8.0,14,0.0,0.0,17.0,4
166467,0,0,0.283874052383956,3.0,48.3,16.099999999999998,1.6666666666666667,4.0,13,0.0,0.0,0.0,4
166473,0,0,0.29095986480267094,2.0,21.2,10.6,2.5,3.0,10,0.0,0.0,0.0,4
166474,1,0,0.19714659823908884,3.0,68.4,22.8,3.0,4.0,7,0.0,0.0,1.0,2
166483,0,0,0.1807205444682285,1.0,33.1,33.1,4.0,2.0,12,0.0,0.0,3.0,2
166485,0,0,0.2149315046459659,2.0,38.0,19.0,3.5,3.0,1,0.0,0.0,1.0,2
166487,0,0,0.22851690037124026,1.0,32.9,32.9,4.0,2.0,2,0.0,0.0,0.0,4
166497,0,0,0.19749643319138344,3.0,40.7,13.566666666666668,2.6666666666666665,4.0,9,0.0,0.0,4.0,4
166500,0,0,0.24810040782835036,1.0,7.1,7.1,4.0,2.0,0,0.0,0.0,0.0,3
166507,0,0,0.2643572109298511,1.0,6.9,6.9,3.0,2.0,0,0.0,0.0,0.0,1
166511,0,0,0.16764024787593532,2.0,21.5,10.75,5.0,3.0,3,0.0,0.0,4.0,4
166516,0,0,0.24858297089196155,3.0,23.4,7.8,3.6666666666666665,4.0,7,0.0,0.0,2.0,4
166521,0,0,0.26143485630365865,2.0,23.8,11.9,2.5,3.0,7,0.0,0.0,1.0,4
166527,0,0,0.26102580480620635,1.0,5.6,5.6,4.0,2.0,12,0.0,0.0,0.0,4
166530,0,0,0.22237576514763074,3.0,48.400000000000006,16.133333333333336,3.6666666666666665,4.0,9,0.0,0.0,1.0,2
166534,0,0,0.26345133521202097,4.0,46.400000000000006,11.600000000000001,2.25,5.0,14,0.0,0.0,2.0,4
166539,0,0,0.23500364520601555,2.0,37.5,18.75,3.5,3.0,2,0.0,0.0,0.0,1
166542,0,0,0.09025005375036967,6.0,143.1,23.849999999999998,5.833333333333333,6.0,7,0.0,0.0,3.0,1
166543,0,0,0.24888385280699366,1.0,18.5,18.5,3.0,2.0,15,0.0,0.0,1.0,4
166553,0,0,0.19335602240478333,2.0,37.900000000000006,18.950000000000003,4.5,3.0,14,0.0,0.0,2.0,4
166556,0,0,0.2046592467414554,4.0,69.6,17.4,2.5,5.0,3,0.0,0.0,2.0,4
166557,0,0,0.1892164631472064,2.0,40.7,20.35,5.0,3.0,1,0.0,0.0,1.0,3
166561,0,0,0.281461743310379,1.0,10.4,10.4,2.0,2.0,1,0.0,0.0,0.0,2
166563,0,0,0.19666053101185726,2.0,63.599999999999994,31.799999999999997,3.5,3.0,3,0.0,0.0,0.0,1
166578,0,0,0.26508325886633743,1.0,10.0,10.0,3.0,2.0,1,0.0,0.0,0.0,4
166579,1,0,0.3115632999238951,0.0,0.0,0.0,0.0,1.0,18,0.0,0.0,0.0,4
166583,0,0,0.11747702035939214,7.0,138.7,19.814285714285713,4.142857142857143,7.0,13,0.0,0.0,4.0,4
166584,0,0,0.21400433897959714,1.0,24.4,24.4,4.0,2.0,1,0.0,0.0,1.0,2
166589,0,0,0.14840778298735666,2.0,89.9,44.95,3.5,3.0,1,0.0,0.0,1.0,4
166592,0,0,0.11094521125084561,3.0,90.6,30.2,5.333333333333333,4.0,3,0.0,0.0,3.0,4
166595,0,0,0.13064401852699375,2.0,67.3,33.65,5.5,4.0,15,0.0,0.0,3.0,4
166596,0,0,0.28850661754554796,1.0,8.0,8.0,2.0,2.0,4,0.0,0.0,0.0,4
166610,0,0,0.13458267822796072,5.0,126.3,25.259999999999998,4.0,6.0,7,0.0,0.0,1.0,4
166613,0,0,0.25186466563247023,5.0,66.6,13.319999999999999,3.0,6.0,7,0.0,0.0,1.0,4
166621,0,0,0.03290715710946775,6.0,145.9,24.316666666666666,5.5,6.0,13,0.0,0.0,13.0,3
166623,0,0,0.2027438553802193,2.0,15.8,7.9,3.5,3.0,12,0.0,0.0,4.0,4
166628,0,0,0.18025195106916816,3.0,87.8,29.266666666666666,3.3333333333333335,4.0,8,0.0,0.0,0.0,3
166633,0,0,0.1941008138748782,1.0,38.2,38.2,6.0,2.0,6,0.0,0.0,0.0,1
166640,0,0,0.2955634603786885,1.0,2.8,2.8,2.0,2.0,7,0.0,0.0,0.0,3
166643,0,0,0.2094573136220905,2.0,44.5,22.25,2.5,3.0,8,0.0,0.0,2.0,4
166651,1,0,0.1745950035239112,4.0,83.7,20.925,2.25,6.0,17,0.0,0.0,3.0,1
166658,0,0,0.18219840590364653,5.0,88.7,17.740000000000002,3.6,6.0,11,0.0,0.0,2.0,1
166673,0,0,0.1123722134610748,5.0,155.8,31.160000000000004,3.8,6.0,10,0.0,0.0,0.0,1
166678,1,0,0.09361760027155619,3.0,131.7,43.9,3.3333333333333335,5.0,17,0.0,0.0,3.0,1
166683,0,0,0.05641980105295883,6.0,145.6,24.266666666666666,3.0,9.0,17,0.0,0.0,10.0,2
166684,0,0,0.29375605624709195,1.0,5.7,5.7,2.0,2.0,10,0.0,0.0,0.0,1
166703,0,0,0.22344273960600713,3.0,33.5,11.166666666666666,4.0,4.0,6,0.0,0.0,2.0,4
166710,1,0,0.27869685674133843,1.0,23.2,23.2,2.0,2.0,9,0.0,0.0,0.0,4
166717,1,0,0.2721988380980119,1.0,11.3,11.3,3.0,2.0,10,0.0,0.0,0.0,4
166719,0,0,0.10260950949884419,5.0,87.6,17.52,4.2,7.0,18,0.0,0.0,8.0,4
166722,0,0,0.17742854778273418,2.0,34.5,17.25,5.5,3.0,6,0.0,0.0,2.0,3
166740,0,0,0.06669174728310387,5.0,107.7,21.54,6.4,6.0,9,0.0,0.0,8.0,4
166748,0,0,0.22277093159603387,3.0,32.4,10.799999999999999,3.3333333333333335,4.0,14,0.0,0.0,3.0,3
166758,0,0,0.151515888012595,2.0,58.4,29.2,4.5,4.0,15,0.0,0.0,3.0,4
166763,0,0,0.13074465852938968,4.0,112.8,28.2,2.25,5.0,8,0.0,0.0,3.0,4
166776,0,0,0.31070266437183114,2.0,14.299999999999999,7.1499999999999995,2.0,3.0,7,0.0,0.0,0.0,4
166781,0,0,0.19263724249545727,2.0,71.9,35.95,2.0,3.0,4,0.0,0.0,1.0,4
166782,0,0,0.23416342584765168,1.0,4.4,4.4,5.0,2.0,0,0.0,0.0,0.0,4
166785,0,0,0.19262704816754794,3.0,48.0,16.0,4.666666666666667,4.0,13,0.0,0.0,2.0,2
166793,1,0,0.3266871139806749,1.0,1.0,1.0,1.0,4.0,18,0.0,0.0,0.0,4
166794,0,0,0.3080352055544873,1.0,16.3,16.3,1.0,4.0,17,0.0,0.0,0.0,2
166797,0,0,0.20660051099822013,1.0,18.6,18.6,6.0,2.0,0,0.0,0.0,0.0,4
166819,0,0,0.2274858268164024,2.0,25.1,12.55,3.5,4.0,18,0.0,0.0,2.0,1
166822,0,0,0.2580275719473687,4.0,38.0,9.5,2.0,5.0,7,0.0,0.0,3.0,4
166825,0,0,0.25217103569919697,1.0,61.9,61.9,1.0,2.0,1,0.0,0.0,0.0,2
166842,0,0,0.1520112386834633,4.0,48.3,12.075,3.25,5.0,9,0.0,0.0,7.0,4
166848,0,0,0.11394396446911713,5.0,121.1,24.22,4.4,6.0,9,0.0,0.0,3.0,4
166856,0,0,0.08362232324570475,4.0,123.0,30.75,4.25,5.0,8,1.0,71.97,3.0,2
166860,0,0,0.26127809887229925,2.0,15.8,7.9,2.5,5.0,18,0.0,0.0,2.0,4
166861,0,0,0.023441708278353787,6.0,207.5,34.583333333333336,5.166666666666667,8.0,16,0.0,0.0,10.0,4
166864,0,0,0.2530470260412855,3.0,30.2,10.066666666666666,4.0,4.0,10,0.0,0.0,1.0,4
166866,0,0,0.13859198954692273,2.0,41.0,20.5,5.5,3.0,2,0.0,0.0,4.0,4
166873,0,0,0.11294806233290508,6.0,88.9,14.816666666666668,4.0,6.0,6,0.0,0.0,8.0,2
166877,0,0,0.07852348696771164,5.0,84.7,16.94,5.2,6.0,14,0.0,0.0,10.0,4
166885,0,0,0.15100527981399325,3.0,57.9,19.3,4.0,4.0,4,0.0,0.0,4.0,4
166887,1,0,0.2888356665570506,3.0,15.1,5.033333333333333,2.3333333333333335,4.0,6,0.0,0.0,2.0,4
166908,0,0,0.2091785499120917,1.0,37.4,37.4,2.0,4.0,16,0.0,0.0,3.0,4
166911,0,0,0.039954097956347,7.0,192.8,27.542857142857144,3.7142857142857144,7.0,14,0.0,0.0,9.0,1
166913,0,0,0.23702198492643484,1.0,11.6,11.6,4.0,4.0,17,0.0,0.0,1.0,4
166914,0,0,0.20537624064919768,2.0,54.599999999999994,27.299999999999997,3.0,3.0,7,1.0,9.99,1.0,1
166930,0,0,0.26573131319107074,3.0,21.4,7.133333333333333,3.3333333333333335,4.0,18,0.0,0.0,2.0,1
166938,0,0,0.06638372963569125,5.0,155.0,31.0,4.4,6.0,12,0.0,0.0,5.0,4
166942,0,0,0.27628279799251987,2.0,24.6,12.3,2.5,3.0,3,0.0,0.0,0.0,2
166947,1,0,0.034238788232737835,9.0,205.5,22.833333333333332,3.5555555555555554,9.0,11,0.0,0.0,12.0,4
166954,1,0,0.20524670375713555,2.0,50.0,25.0,2.0,3.0,3,0.0,0.0,2.0,4
166976,0,0,0.15335488666616442,2.0,21.3,10.65,4.0,3.0,6,1.0,9.99,6.0,1
166985,0,0,0.1757454752973555,5.0,89.8,17.96,3.0,6.0,13,0.0,0.0,3.0,4
166988,0,0,0.21249850684750232,6.0,61.7,10.283333333333333,4.5,8.0,16,0.0,0.0,4.0,3
166992,1,0,0.13743007072426947,3.0,60.6,20.2,4.0,4.0,10,0.0,0.0,5.0,4
166996,0,0,0.026041658862064013,6.0,149.3,24.883333333333336,4.166666666666667,8.0,16,0.0,0.0,16.0,4
166998,0,0,0.1646590731546642,2.0,48.5,24.25,4.0,3.0,6,0.0,0.0,3.0,4
167005,0,0,0.228829424109581,1.0,29.6,29.6,4.0,2.0,1,0.0,0.0,0.0,2
167010,0,0,0.04415913095007399,7.0,206.2,29.457142857142856,4.428571428571429,8.0,15,0.0,0.0,6.0,1
167012,0,0,0.23417175735768586,1.0,43.0,43.0,3.0,2.0,0,0.0,0.0,0.0,3
167015,1,0,0.09084215562567981,4.0,123.4,30.85,4.25,5.0,9,0.0,0.0,4.0,4
167019,0,0,0.22012857985658033,2.0,70.2,35.1,2.0,3.0,13,0.0,0.0,0.0,4
167029,0,0,0.19786915945234643,3.0,64.6,21.53333333333333,2.3333333333333335,4.0,8,0.0,0.0,2.0,4
167046,1,0,0.19541794521455938,3.0,44.099999999999994,14.699999999999998,2.6666666666666665,5.0,15,0.0,0.0,4.0,4
167047,0,0,0.07001368497809791,5.0,133.7,26.74,5.0,6.0,11,0.0,0.0,6.0,1
167048,0,0,0.1633291500320444,3.0,40.8,13.6,3.0,5.0,15,0.0,0.0,6.0,4
167054,1,0,0.16338102938371865,8.0,129.6,16.2,2.875,8.0,12,0.0,0.0,4.0,4
167079,0,0,0.25321714266152384,3.0,36.2,12.066666666666668,3.3333333333333335,4.0,11,0.0,0.0,1.0,3
167080,1,0,0.08629479816111588,5.0,149.5,29.9,4.4,6.0,13,0.0,0.0,3.0,3
167081,0,0,0.1589703286348686,3.0,62.0,20.666666666666668,3.0,4.0,6,0.0,0.0,4.0,4
167087,0,0,0.20202921176030608,1.0,20.0,20.0,5.0,2.0,1,0.0,0.0,1.0,2
167107,0,0,0.18189176277976127,1.0,14.8,14.8,5.0,4.0,16,0.0,0.0,3.0,4
167113,0,0,0.09725901124626163,3.0,121.5,40.5,6.333333333333333,4.0,13,0.0,0.0,1.0,3
167114,0,0,0.2884093612825042,3.0,28.400000000000002,9.466666666666667,2.3333333333333335,4.0,13,0.0,0.0,1.0,2
167121,0,0,0.1591446894226609,3.0,39.7,13.233333333333334,5.333333333333333,4.0,4,0.0,0.0,4.0,4
167126,0,0,0.17147267996954785,4.0,54.8,13.7,4.25,5.0,5,0.0,0.0,4.0,3
167127,0,0,0.33420159723551957,2.0,4.3,2.15,1.5,3.0,3,0.0,0.0,0.0,2
167128,0,0,0.2845575032873995,1.0,9.1,9.1,2.0,2.0,1,0.0,0.0,0.0,4
167129,1,0,0.27500722065184424,2.0,14.8,7.4,3.0,4.0,17,0.0,0.0,1.0,3
167134,0,0,0.26730192420545684,1.0,6.6,6.6,3.0,2.0,0,0.0,0.0,0.0,4
167148,0,0,0.2109714559356453,1.0,13.0,13.0,6.0,2.0,0,0.0,0.0,0.0,4
167154,0,0,0.30727182982603635,3.0,5.6000000000000005,1.866666666666667,3.6666666666666665,4.0,7,0.0,0.0,1.0,4
167157,0,0,0.24687596481201096,3.0,24.799999999999997,8.266666666666666,5.0,4.0,14,0.0,0.0,1.0,1
167163,0,0,0.22643337712473943,2.0,43.1,21.55,2.5,3.0,4,0.0,0.0,1.0,3
167164,0,0,0.2745542231750932,3.0,44.2,14.733333333333334,1.3333333333333333,4.0,14,0.0,0.0,1.0,1
167168,0,0,0.180123276575574,3.0,48.1,16.033333333333335,5.333333333333333,4.0,7,0.0,0.0,2.0,4
167175,0,0,0.1664725515852371,4.0,79.4,19.85,2.0,5.0,10,0.0,0.0,4.0,3
167181,0,0,0.16632863235999995,5.0,74.7,14.940000000000001,2.0,6.0,14,0.0,0.0,6.0,3
167182,0,0,0.29710244372636246,1.0,5.9,5.9,2.0,3.0,15,0.0,0.0,0.0,1
167186,0,0,0.1389023181901396,4.0,86.3,21.575,4.25,5.0,5,1.0,19.99,3.0,3
167199,0,0,0.23389319499063924,1.0,41.4,41.4,3.0,2.0,0,0.0,0.0,0.0,1
167206,0,0,0.16543981463071974,4.0,60.9,15.225,3.25,6.0,17,0.0,0.0,5.0,1
167212,0,0,0.026571898021573826,7.0,174.3,24.900000000000002,4.0,8.0,15,1.0,1.99,15.0,2
167213,0,0,0.1461649795504255,4.0,74.4,18.6,3.0,5.0,8,0.0,0.0,5.0,4
167220,0,0,0.256244341030614,1.0,37.9,37.9,1.0,2.0,4,0.0,0.0,1.0,3
167224,0,0,0.2593478180978369,2.0,12.899999999999999,6.449999999999999,3.5,3.0,4,0.0,0.0,1.0,4
167229,0,0,0.055673544277048376,3.0,170.1,56.699999999999996,2.6666666666666665,4.0,13,0.0,0.0,5.0,2
167234,0,0,0.18578167994116754,2.0,39.9,19.95,6.5,3.0,1,0.0,0.0,0.0,3
167237,0,0,0.2754612299275469,3.0,43.4,14.466666666666667,2.0,4.0,2,0.0,0.0,0.0,2
167238,1,0,0.07492357775975703,7.0,145.1,20.728571428571428,2.7142857142857144,8.0,15,0.0,0.0,9.0,3
167243,0,0,0.10721945999049723,3.0,50.2,16.733333333333334,4.666666666666667,4.0,11,0.0,0.0,8.0,4
167253,0,0,0.3539789334961911,5.0,48.7,9.74,1.8,6.0,10,1.0,1.99,0.0,4
167268,0,0,0.16023294556911397,3.0,62.0,20.666666666666668,3.0,4.0,8,0.0,0.0,4.0,4
167287,0,0,0.2441914452613853,4.0,40.6,10.15,4.0,6.0,16,0.0,0.0,2.0,3
167289,0,0,0.20070353001478444,5.0,75.1,15.02,5.2,6.0,14,1.0,19.99,1.0,2
167297,0,0,0.17153515180149218,4.0,62.3,15.575,4.0,6.0,18,0.0,0.0,4.0,4
167307,1,0,0.32715291323634493,3.0,28.700000000000003,9.566666666666668,1.3333333333333333,4.0,8,0.0,0.0,0.0,3
167310,0,0,0.2472531273755927,3.0,50.699999999999996,16.9,2.3333333333333335,4.0,16,0.0,0.0,1.0,3
167311,0,0,0.2477687424903016,1.0,2.2,2.2,2.0,2.0,1,0.0,0.0,2.0,4
167314,0,0,0.13706828251795744,5.0,108.7,21.740000000000002,3.8,6.0,12,0.0,0.0,3.0,4
167318,0,0,0.23431830650391516,4.0,60.5,15.125,2.25,6.0,17,0.0,0.0,2.0,2
167322,0,0,0.10385687857089569,3.0,48.8,16.266666666666666,5.0,4.0,7,0.0,0.0,8.0,4
167331,0,0,0.24361627231531963,2.0,36.2,18.1,2.5,5.0,16,0.0,0.0,1.0,1
167340,0,0,0.11571792623085542,4.0,100.6,25.15,3.0,8.0,18,0.0,0.0,5.0,2
167349,0,0,0.30832726051873005,4.0,37.7,9.425,1.75,5.0,10,0.0,0.0,1.0,1
167366,0,0,0.013093522129759106,6.0,179.4,29.900000000000002,5.333333333333333,6.0,9,0.0,0.0,18.0,4
167375,0,0,0.05035522926820976,9.0,221.7,24.633333333333333,4.333333333333333,10.0,16,0.0,0.0,6.0,2
167380,1,0,0.29792413242560445,1.0,5.3,5.3,2.0,5.0,18,0.0,0.0,0.0,1
167381,0,0,0.1657823428217254,3.0,29.799999999999997,9.933333333333332,4.666666666666667,4.0,4,0.0,0.0,5.0,3
167384,0,0,0.06826522442903088,5.0,133.6,26.72,5.6,6.0,14,0.0,0.0,6.0,4
167398,0,0,0.2230718982386345,2.0,12.8,6.4,4.5,3.0,5,0.0,0.0,2.0,4
167412,0,0,0.26600731069818595,2.0,31.5,15.75,2.5,3.0,4,0.0,0.0,0.0,3
167423,0,0,0.3494209362511155,4.0,24.8,6.2,2.75,5.0,14,0.0,0.0,0.0,3
167425,0,0,0.1740855443351303,1.0,15.9,15.9,5.0,2.0,3,0.0,0.0,3.0,4
167450,1,0,0.2945551200519866,4.0,43.5,10.875,3.0,5.0,9,0.0,0.0,0.0,3
167455,0,0,0.019483488274825548,6.0,235.8,39.300000000000004,4.333333333333333,6.0,5,0.0,0.0,9.0,2
167456,1,0,0.29627670910917814,4.0,22.7,5.675,2.0,5.0,12,0.0,0.0,3.0,4
167459,0,0,0.14391879866088694,3.0,85.9,28.633333333333336,2.6666666666666665,4.0,6,0.0,0.0,3.0,1
167464,0,0,0.2411119714672322,3.0,59.199999999999996,19.73333333333333,2.3333333333333335,4.0,3,0.0,0.0,0.0,4
167483,0,0,0.2188712165567512,2.0,36.8,18.4,4.5,3.0,1,0.0,0.0,0.0,1
167485,1,0,0.19691474011169163,1.0,30.7,30.7,5.0,2.0,3,0.0,0.0,1.0,4
167487,0,0,0.05116457021958344,6.0,143.0,23.833333333333332,5.666666666666667,6.0,12,0.0,0.0,9.0,4
167489,0,0,0.1369875400664202,5.0,80.6,16.119999999999997,2.6,6.0,10,1.0,9.99,7.0,4
167494,0,0,0.08469426670034957,3.0,105.5,35.166666666666664,5.666666666666667,4.0,4,0.0,0.0,4.0,2
167498,0,0,0.17444273758826997,3.0,56.3,18.766666666666666,4.0,5.0,15,0.0,0.0,3.0,4
167506,0,0,0.2701495723648272,2.0,9.299999999999999,4.6499999999999995,3.5,3.0,9,0.0,0.0,1.0,4
167509,0,0,0.24753721685863525,1.0,9.7,9.7,4.0,2.0,1,0.0,0.0,0.0,4
167512,0,0,0.10561748048003161,4.0,68.2,17.05,4.25,5.0,10,0.0,0.0,8.0,4
167529,0,0,0.08269660357025072,4.0,112.6,28.15,4.25,5.0,9,0.0,0.0,6.0,4
167532,0,0,0.28614160458204846,2.0,19.1,9.55,2.0,4.0,16,0.0,0.0,1.0,4
167538,0,0,0.14327294467075466,3.0,67.4,22.46666666666667,3.6666666666666665,4.0,5,0.0,0.0,4.0,4
167539,0,0,0.013894430763337616,6.0,297.8,49.63333333333333,5.5,7.0,15,0.0,0.0,5.0,3
167541,0,0,0.10974993156170304,2.0,104.7,52.35,2.5,3.0,6,0.0,0.0,4.0,4
167542,0,0,0.1783878639656248,4.0,82.3,20.575,2.0,5.0,11,0.0,0.0,3.0,3
167561,0,0,0.20375060782021318,2.0,47.2,23.6,3.5,3.0,4,0.0,0.0,1.0,2
167568,0,0,0.042493592120974345,6.0,238.5,39.75,3.0,6.0,13,0.0,0.0,3.0,4
167574,0,0,0.177024000020465,5.0,76.0,15.2,3.2,6.0,9,0.0,0.0,4.0,4
167575,0,0,0.23950956835161819,2.0,33.3,16.65,2.5,3.0,3,0.0,0.0,1.0,1
167584,0,0,0.007588185556261884,8.0,320.3,40.0375,5.875,8.0,13,0.0,0.0,10.0,1
167585,0,0,0.1879635076286307,3.0,28.9,9.633333333333333,2.0,4.0,4,0.0,0.0,6.0,4
167593,0,0,0.2719933661882826,1.0,7.0,7.0,2.0,2.0,12,0.0,0.0,1.0,1
167598,0,0,0.21112880703901854,1.0,12.8,12.8,6.0,2.0,0,0.0,0.0,0.0,4
167607,0,0,0.2504354561504978,5.0,67.7,13.540000000000001,2.2,7.0,18,0.0,0.0,2.0,3
167612,0,0,0.23971633883448237,1.0,14.1,14.1,3.0,2.0,1,0.0,0.0,1.0,3
167614,0,0,0.026240308298645793,6.0,201.1,33.516666666666666,5.833333333333333,7.0,16,0.0,0.0,9.0,1
167615,0,0,0.1829540568133284,3.0,35.8,11.933333333333332,2.0,4.0,12,0.0,0.0,6.0,4
167616,0,0,0.24479947093312865,1.0,10.2,10.2,3.0,2.0,2,0.0,0.0,1.0,4
167621,0,0,0.31107789761739507,3.0,25.4,8.466666666666667,1.6666666666666667,6.0,17,0.0,0.0,1.0,4
167632,0,0,0.11495646324579774,4.0,118.1,29.525,3.5,5.0,14,0.0,0.0,3.0,4
167638,0,0,0.16390865943475982,4.0,70.30000000000001,17.575000000000003,4.5,5.0,12,0.0,0.0,3.0,2
167641,0,0,0.06189508433333381,3.0,114.0,38.0,3.6666666666666665,4.0,3,0.0,0.0,8.0,4
167651,0,0,0.052790005862720035,8.0,227.9,28.4875,2.625,9.0,16,0.0,0.0,5.0,4
167665,0,0,0.2018087172592898,3.0,15.6,5.2,3.0,5.0,15,0.0,0.0,6.0,4
167670,0,0,0.09260836389622115,4.0,99.3,24.825,3.5,5.0,13,0.0,0.0,7.0,4
167672,0,0,0.15560293210139725,3.0,37.599999999999994,12.533333333333331,4.666666666666667,4.0,4,0.0,0.0,5.0,4
167678,0,0,0.33746101308270904,3.0,7.6,2.533333333333333,3.0,4.0,4,0.0,0.0,0.0,4
167680,1,0,0.21858985575757164,2.0,62.800000000000004,31.400000000000002,2.5,3.0,9,0.0,0.0,0.0,2
167681,0,0,0.09211793498849308,4.0,91.30000000000001,22.825000000000003,4.5,5.0,13,0.0,0.0,7.0,4
167687,0,0,0.2014872052288615,2.0,61.2,30.6,3.5,3.0,2,0.0,0.0,0.0,4
167701,1,0,0.21508742490329402,1.0,8.8,8.8,6.0,2.0,1,0.0,0.0,0.0,4
167759,0,0,0.18357961990446306,3.0,37.8,12.6,3.0,5.0,15,0.0,0.0,5.0,4
167767,0,0,0.10142566019920182,4.0,87.39999999999999,21.849999999999998,4.75,5.0,9,0.0,0.0,6.0,3
167775,0,0,0.23216443646189763,3.0,40.4,13.466666666666667,2.6666666666666665,4.0,8,0.0,0.0,2.0,1
167781,0,0,0.3061761185101703,1.0,5.9,5.9,1.0,2.0,0,0.0,0.0,0.0,4
167782,0,0,0.24825811600060088,2.0,34.599999999999994,17.299999999999997,3.0,3.0,1,0.0,0.0,0.0,2
167792,0,0,0.15802721800273845,5.0,65.69999999999999,13.139999999999997,4.2,6.0,15,1.0,1.99,6.0,1
167824,0,0,0.10115322481056287,5.0,134.1,26.82,4.4,6.0,14,0.0,0.0,3.0,2
167826,1,0,0.2925391555862254,2.0,22.6,11.3,2.5,5.0,18,0.0,0.0,0.0,3
167830,0,0,0.12621141146474635,5.0,99.5,19.9,4.4,6.0,5,0.0,0.0,4.0,4
167833,1,0,0.29470995537761063,1.0,3.7,3.7,2.0,2.0,8,0.0,0.0,0.0,2
167835,0,0,0.3492252812189875,2.0,8.200000000000001,4.1000000000000005,1.0,4.0,16,0.0,0.0,0.0,2
167842,0,0,0.04350726252995662,4.0,175.9,43.975,4.0,5.0,7,0.0,0.0,6.0,3
167844,0,0,0.1318980548800024,4.0,90.7,22.675,3.75,5.0,12,0.0,0.0,4.0,4
167846,1,0,0.22134815765220206,4.0,69.8,17.45,2.75,5.0,9,0.0,0.0,1.0,1
167848,0,0,0.1560735187085884,2.0,82.3,41.15,3.0,6.0,17,0.0,0.0,2.0,4
167851,0,0,0.2105496961958792,1.0,13.6,13.6,6.0,2.0,2,0.0,0.0,0.0,2
167858,0,0,0.06329635598095298,4.0,139.5,34.875,3.0,5.0,10,0.0,0.0,7.0,3
167875,0,0,0.31292661879281464,3.0,40.4,13.466666666666667,1.0,4.0,13,0.0,0.0,0.0,3
167879,0,0,0.28213285477094485,1.0,18.6,18.6,2.0,2.0,8,0.0,0.0,0.0,4
167889,1,0,0.18973928047481609,2.0,34.4,17.2,4.0,3.0,16,0.0,0.0,3.0,4
167892,0,0,0.1783665635574576,1.0,57.1,57.1,6.0,2.0,0,0.0,0.0,0.0,4
167901,0,0,0.24514858265564846,1.0,50.1,50.1,2.0,2.0,2,0.0,0.0,0.0,1
167904,0,0,0.21805391016875042,4.0,65.7,16.425,2.5,5.0,11,0.0,0.0,2.0,4
167919,0,0,0.13186044623710347,4.0,84.3,21.075,5.75,7.0,17,0.0,0.0,3.0,3
167928,0,0,0.080245923398097,4.0,126.4,31.6,5.5,5.0,12,0.0,0.0,4.0,4
167931,0,0,0.17611048153342088,3.0,55.0,18.333333333333332,4.0,6.0,16,0.0,0.0,3.0,4
167941,0,0,0.25266899026127093,1.0,22.7,22.7,3.0,2.0,0,0.0,0.0,0.0,4
167950,0,0,0.18078460392839793,4.0,92.9,23.225,3.0,5.0,12,0.0,0.0,1.0,3
167956,0,0,0.2609973128538757,2.0,27.2,13.6,2.0,3.0,3,0.0,0.0,1.0,4
167976,0,0,0.16122301931441793,4.0,77.6,19.4,3.5,5.0,3,0.0,0.0,3.0,4
167987,0,0,0.27089132463585336,3.0,31.4,10.466666666666667,2.0,4.0,16,0.0,0.0,2.0,4
168004,0,0,0.27269132566283383,1.0,20.6,20.6,2.0,2.0,0,0.0,0.0,0.0,4
168023,0,0,0.24488007249897206,1.0,12.1,12.1,3.0,2.0,4,0.0,0.0,1.0,4
168029,0,0,0.20414257964230473,5.0,71.9,14.38,3.2,6.0,13,0.0,0.0,3.0,4
168038,0,0,0.10769213285206798,5.0,76.7,15.34,4.8,7.0,17,0.0,0.0,8.0,2
168055,0,0,0.20498692616951633,4.0,68.6,17.15,3.0,5.0,12,0.0,0.0,2.0,3
168056,0,0,0.04549084190742931,4.0,103.8,25.95,4.75,5.0,4,0.0,0.0,12.0,4
168070,0,0,0.2609738240964381,4.0,61.5,15.375,1.5,5.0,9,0.0,0.0,1.0,3
168076,0,0,0.18290846571811187,3.0,36.7,12.233333333333334,5.0,4.0,3,0.0,0.0,3.0,4
168077,0,0,0.19983838977587656,4.0,85.7,21.425,3.25,6.0,17,1.0,1.99,1.0,4
168087,0,0,0.23951948053450078,1.0,21.9,21.9,4.0,2.0,4,0.0,0.0,0.0,4
168088,0,0,0.28292503323504264,1.0,10.8,10.8,2.0,2.0,1,0.0,0.0,0.0,4
168100,0,0,0.2094109536606418,4.0,54.3,13.575,4.5,7.0,17,0.0,0.0,2.0,3
168111,0,0,0.18089333611021902,4.0,65.80000000000001,16.450000000000003,3.75,5.0,10,0.0,0.0,3.0,4
168113,0,0,0.22938294873027865,2.0,35.4,17.7,3.0,3.0,2,0.0,0.0,1.0,4
168125,0,0,0.22492036311283,1.0,39.6,39.6,3.0,2.0,8,0.0,0.0,1.0,4
168149,0,0,0.22920119015876414,1.0,10.3,10.3,5.0,2.0,0,0.0,0.0,0.0,4
168156,0,0,0.17233562251455595,4.0,58.5,14.625,3.75,5.0,4,0.0,0.0,4.0,4
168161,0,0,0.14883574080289738,3.0,75.2,25.066666666666666,2.3333333333333335,4.0,5,0.0,0.0,4.0,4
168170,0,0,0.0466062637317274,6.0,179.9,29.983333333333334,4.666666666666667,7.0,17,0.0,0.0,7.0,4
168177,0,0,0.15178284996638552,4.0,96.1,24.025,2.5,5.0,11,0.0,0.0,3.0,4
168184,0,0,0.21598021468125475,3.0,35.2,11.733333333333334,3.3333333333333335,5.0,15,0.0,0.0,3.0,1
168186,0,0,0.2758881469421821,1.0,16.3,16.3,2.0,2.0,2,0.0,0.0,0.0,1
168191,0,0,0.12423868502819904,6.0,101.3,16.883333333333333,4.166666666666667,6.0,15,0.0,0.0,6.0,3
168195,0,0,0.21980370325540716,1.0,3.3,3.3,5.0,2.0,5,0.0,0.0,1.0,4
168215,0,0,0.10926925885449444,7.0,141.5,20.214285714285715,3.4285714285714284,7.0,12,0.0,0.0,5.0,4
168216,0,0,0.20818309865481238,3.0,50.8,16.933333333333334,4.0,4.0,3,0.0,0.0,1.0,2
168219,0,0,0.29258977510991013,5.0,54.7,10.940000000000001,2.2,6.0,9,0.0,0.0,1.0,1
168220,0,0,0.25282675106344105,1.0,28.5,28.5,3.0,2.0,6,0.0,0.0,0.0,4
168222,0,0,0.1440781237397496,5.0,87.7,17.54,3.6,7.0,18,0.0,0.0,5.0,4
168227,0,0,0.20302727931957967,4.0,28.3,7.075,3.25,6.0,15,0.0,0.0,6.0,4
168273,0,0,0.12573278848400252,4.0,70.4,17.6,4.25,5.0,10,0.0,0.0,6.0,4
168274,0,0,0.32177962290362006,5.0,32.1,6.42,2.6,6.0,15,0.0,0.0,2.0,1
168279,0,0,0.06057177228094001,6.0,155.6,25.933333333333334,4.333333333333333,6.0,10,1.0,49.99,6.0,3
168285,0,0,0.12297279509472578,4.0,82.1,20.525,2.25,6.0,17,0.0,0.0,7.0,4
168286,0,0,0.31141640570390206,1.0,1.7,1.7,1.0,2.0,1,0.0,0.0,0.0,4
168289,0,0,0.2633094691130467,5.0,61.2,12.24,3.4,7.0,16,0.0,0.0,1.0,4
168290,0,0,0.2725553026242593,2.0,23.0,11.5,3.0,3.0,4,0.0,0.0,0.0,4
168295,0,0,0.14457186081761927,3.0,50.9,16.966666666666665,4.333333333333333,4.0,8,0.0,0.0,5.0,4
168302,0,0,0.1573552150982747,2.0,67.4,33.7,1.5,3.0,4,0.0,0.0,4.0,4
168303,0,0,0.2390508789459332,2.0,57.099999999999994,28.549999999999997,1.5,3.0,4,0.0,0.0,0.0,1
168331,0,0,0.26573167892609767,1.0,8.3,8.3,3.0,2.0,0,0.0,0.0,0.0,4
168336,1,0,0.18909039080430362,7.0,111.5,15.928571428571429,2.857142857142857,8.0,16,0.0,0.0,3.0,4
168341,0,0,0.08489801306425217,7.0,91.2,13.028571428571428,4.571428571428571,9.0,16,0.0,0.0,12.0,4
168344,0,0,0.18007986473406812,4.0,71.7,17.925,4.25,5.0,9,0.0,0.0,2.0,4
168345,0,0,0.18323320177891025,2.0,45.2,22.6,5.5,3.0,12,0.0,0.0,1.0,2
168352,0,0,0.06654326829423221,3.0,112.69999999999999,37.56666666666666,2.3333333333333335,5.0,15,0.0,0.0,9.0,4
168356,0,0,0.24511641206880924,2.0,21.4,10.7,3.5,3.0,4,0.0,0.0,1.0,4
168368,0,0,0.21046953407147168,1.0,23.6,23.6,6.0,2.0,10,0.0,0.0,0.0,4
168381,0,0,0.13234944793342696,4.0,51.1,12.775,3.75,6.0,17,0.0,0.0,8.0,3
168390,0,0,0.18457750153640676,1.0,11.4,11.4,6.0,2.0,10,0.0,0.0,2.0,4
168404,0,0,0.19812119863209735,1.0,25.9,25.9,3.0,2.0,9,0.0,0.0,3.0,2
168407,0,0,0.2084759095201145,2.0,37.8,18.9,3.0,3.0,5,0.0,0.0,2.0,3
168416,0,0,0.154605042639906,3.0,81.0,27.0,4.666666666666667,4.0,4,0.0,0.0,1.0,3
168427,0,0,0.1982466771321729,3.0,48.1,16.033333333333335,5.0,4.0,2,0.0,0.0,1.0,4
168428,0,0,0.2183374048474309,6.0,105.6,17.599999999999998,2.0,6.0,11,0.0,0.0,1.0,1
168429,0,0,0.06448946606892302,3.0,132.7,44.23333333333333,3.6666666666666665,4.0,9,0.0,0.0,6.0,1
168439,0,0,0.07680586528972477,5.0,150.5,30.1,4.4,6.0,11,0.0,0.0,4.0,4
168467,0,0,0.2810494036029938,1.0,10.8,10.8,2.0,2.0,0,0.0,0.0,0.0,3
168468,0,0,0.12108226437473736,3.0,108.8,36.266666666666666,3.6666666666666665,4.0,10,0.0,0.0,2.0,1
168475,0,0,0.18855006127562346,4.0,66.7,16.675,3.0,5.0,8,0.0,0.0,3.0,4
168480,0,0,0.2718342574354399,1.0,25.5,25.5,2.0,2.0,4,0.0,0.0,0.0,4
168483,0,0,0.07169744045895719,6.0,165.0,27.5,3.6666666666666665,6.0,11,0.0,0.0,5.0,2
168485,0,0,0.1583291409081876,2.0,65.0,32.5,5.0,3.0,2,0.0,0.0,1.0,2
168491,1,0,0.19289388743416241,1.0,42.1,42.1,5.0,2.0,9,0.0,0.0,1.0,4
168493,0,0,0.24750199403350132,4.0,30.6,7.65,4.75,5.0,11,0.0,0.0,2.0,2
168512,0,0,0.08116678334912834,7.0,159.5,22.785714285714285,3.4285714285714284,7.0,12,0.0,0.0,6.0,3
168522,0,0,0.2603137889080524,1.0,18.2,18.2,3.0,2.0,4,0.0,0.0,0.0,4
168528,0,0,0.1207363876987871,5.0,131.8,26.360000000000003,2.6,6.0,14,0.0,0.0,3.0,3
168532,0,0,0.13910564799666544,5.0,74.3,14.86,4.6,6.0,9,1.0,1.99,6.0,4
168537,0,0,0.1321849270424654,3.0,123.4,41.13333333333333,2.6666666666666665,4.0,7,1.0,1.99,1.0,4
168542,0,0,0.24610333653639987,2.0,10.8,5.4,4.5,3.0,5,0.0,0.0,1.0,4
168559,0,0,0.3019479032938949,1.0,8.2,8.2,1.0,2.0,0,0.0,0.0,0.0,2
168560,0,0,0.05426929366188033,5.0,172.2,34.44,4.2,6.0,5,0.0,0.0,5.0,3
168561,0,0,0.13555056462145823,3.0,66.9,22.3,4.666666666666667,4.0,13,0.0,0.0,4.0,1
168571,0,0,0.22288982785258182,1.0,1.2,1.2,6.0,2.0,5,0.0,0.0,0.0,2
168575,0,0,0.24870394426251466,4.0,33.4,8.35,3.5,6.0,17,0.0,0.0,3.0,4
168580,0,0,0.058554800812257335,6.0,171.4,28.566666666666666,5.333333333333333,6.0,12,0.0,0.0,5.0,4
168585,0,0,0.19421738374881542,4.0,70.5,17.625,3.25,5.0,9,0.0,0.0,2.0,1
168593,0,0,0.31603019253815107,3.0,23.8,7.933333333333334,2.6666666666666665,4.0,12,0.0,0.0,0.0,4
168616,0,0,0.014884428725552182,7.0,231.2,33.028571428571425,5.0,7.0,12,0.0,0.0,13.0,4
168637,0,0,0.20581279103210484,5.0,71.3,14.26,4.2,6.0,13,0.0,0.0,2.0,1
168639,0,0,0.26690408121274156,1.0,6.4,6.4,2.0,2.0,3,0.0,0.0,1.0,4
168652,0,0,0.2752402329251166,2.0,33.6,16.8,2.0,3.0,7,0.0,0.0,0.0,4
168653,0,0,0.17261579255280562,3.0,36.3,12.1,6.333333333333333,5.0,16,0.0,0.0,3.0,3
168666,0,0,0.17759826828401493,7.0,92.89999999999999,13.27142857142857,3.2857142857142856,7.0,7,0.0,0.0,5.0,4
168669,0,0,0.09977926344460038,5.0,116.8,23.36,4.4,6.0,15,0.0,0.0,5.0,3
168674,0,0,0.08725546553984537,4.0,117.9,29.475,2.75,5.0,4,0.0,0.0,6.0,4
168675,0,0,0.19171364464793855,3.0,64.2,21.400000000000002,3.0,4.0,13,0.0,0.0,2.0,3
168695,0,0,0.25685860043034286,1.0,9.2,9.2,4.0,2.0,11,0.0,0.0,0.0,4
168708,1,0,0.2575100126138922,3.0,30.5,10.166666666666666,2.3333333333333335,4.0,7,0.0,0.0,2.0,3
168716,0,0,0.30957978049877843,0.0,0.0,0.0,0.0,1.0,17,0.0,0.0,0.0,3
168720,0,0,0.09457948584169358,6.0,134.1,22.349999999999998,3.0,6.0,7,0.0,0.0,6.0,4
168725,0,0,0.17416412459264394,2.0,49.3,24.65,3.0,3.0,2,0.0,0.0,3.0,4
168731,0,0,0.11095003534081786,3.0,103.19999999999999,34.4,4.0,4.0,4,0.0,0.0,3.0,4
168737,0,0,0.29798478794427186,1.0,20.1,20.1,1.0,2.0,6,0.0,0.0,0.0,4
168738,0,0,0.13451142971694466,4.0,92.9,23.225,3.0,5.0,8,0.0,0.0,4.0,3
168754,0,0,0.2513962558166129,1.0,22.2,22.2,3.0,2.0,0,0.0,0.0,0.0,2
168781,0,0,0.26150887159243213,1.0,13.9,13.9,3.0,2.0,1,0.0,0.0,0.0,4
168784,0,0,0.16736356020298088,2.0,53.7,26.85,3.0,3.0,3,0.0,0.0,3.0,1
168793,0,0,0.1135794027904091,6.0,106.7,17.783333333333335,2.1666666666666665,6.0,14,0.0,0.0,8.0,3
168830,0,0,0.06461610245426985,5.0,147.4,29.48,4.4,6.0,11,0.0,0.0,6.0,4
168831,0,0,0.19026270142532273,3.0,49.3,16.433333333333334,4.333333333333333,4.0,5,0.0,0.0,2.0,3
168836,0,0,0.12239044117520442,7.0,50.300000000000004,7.185714285714286,2.7142857142857144,7.0,7,0.0,0.0,14.0,4
168843,0,0,0.03818259117783753,4.0,178.5,44.625,5.0,5.0,4,0.0,0.0,6.0,3
168853,0,0,0.26717570373108157,2.0,26.8,13.4,2.0,3.0,9,0.0,0.0,1.0,4
168861,0,0,0.09300425602059359,7.0,137.2,19.599999999999998,5.0,7.0,12,1.0,4.99,6.0,2
168868,0,0,0.32439020954003084,2.0,20.4,10.2,1.0,3.0,14,0.0,0.0,0.0,2
168883,0,0,0.1785170655011614,3.0,62.7,20.900000000000002,4.0,4.0,11,0.0,0.0,2.0,3
168889,0,0,0.19567367880107264,3.0,52.6,17.533333333333335,2.6666666666666665,4.0,9,0.0,0.0,3.0,4
168905,0,0,0.21853014040479493,1.0,23.3,23.3,5.0,2.0,0,0.0,0.0,0.0,4
168926,0,0,0.28349656561355674,2.0,15.8,7.9,3.0,3.0,2,0.0,0.0,0.0,4
168938,0,0,0.20891197412211795,3.0,22.6,7.533333333333334,4.0,4.0,11,0.0,0.0,4.0,4
168940,0,0,0.1274586598249619,4.0,67.4,16.85,3.0,5.0,5,0.0,0.0,7.0,4
168948,0,0,0.13969019084659184,4.0,86.9,21.725,2.0,5.0,6,0.0,0.0,5.0,4
168956,0,0,0.16063389727314892,2.0,66.6,33.3,3.0,3.0,14,0.0,0.0,3.0,4
168962,0,0,0.2636166213411738,1.0,10.6,10.6,3.0,2.0,0,0.0,0.0,0.0,4
168963,0,0,0.28048541752043704,3.0,52.2,17.400000000000002,1.3333333333333333,6.0,17,0.0,0.0,0.0,1
168972,0,0,0.24219771006638263,1.0,18.8,18.8,4.0,2.0,4,0.0,0.0,0.0,4
168974,0,0,0.05976553579691428,4.0,115.2,28.8,6.5,5.0,9,0.0,0.0,7.0,4
168975,0,0,0.2537566314775408,3.0,52.8,17.599999999999998,2.6666666666666665,4.0,13,0.0,0.0,0.0,1
168982,0,0,0.20369781429439524,5.0,83.5,16.7,2.8,6.0,9,0.0,0.0,2.0,4
169008,0,0,0.2435110243366373,1.0,14.3,14.3,4.0,2.0,1,0.0,0.0,0.0,4
169009,0,0,0.27085892598006267,2.0,13.100000000000001,6.550000000000001,3.0,3.0,7,0.0,0.0,1.0,4
169010,0,0,0.22016287567843065,3.0,37.5,12.5,3.6666666666666665,4.0,6,0.0,0.0,2.0,2
169011,0,0,0.2936861845170636,2.0,11.8,5.9,3.0,3.0,5,0.0,0.0,0.0,4
169016,0,0,0.04118585726948054,4.0,141.3,35.325,5.5,6.0,15,0.0,0.0,9.0,4
169029,0,0,0.24633494105140727,1.0,11.1,11.1,4.0,2.0,2,0.0,0.0,0.0,3
169033,0,0,0.2591674133221047,1.0,34.3,34.3,2.0,2.0,0,0.0,0.0,0.0,3
169034,0,0,0.05245221788528713,4.0,137.20000000000002,34.300000000000004,5.25,5.0,6,0.0,0.0,7.0,4
169036,0,0,0.18688418597614787,3.0,78.8,26.266666666666666,2.6666666666666665,4.0,9,0.0,0.0,1.0,2
169039,0,0,0.11816610852655535,4.0,73.0,18.25,4.5,5.0,6,0.0,0.0,6.0,4
169045,1,0,0.23913317738232842,5.0,64.6,12.919999999999998,3.2,6.0,16,0.0,0.0,2.0,3
169047,0,0,0.1912405142105061,2.0,41.199999999999996,20.599999999999998,3.0,3.0,12,0.0,0.0,3.0,3
169059,0,0,0.25589097652508286,1.0,20.1,20.1,3.0,2.0,1,0.0,0.0,0.0,4
169061,0,0,0.12562923183890934,4.0,115.0,28.75,4.5,5.0,4,0.0,0.0,1.0,1
169062,0,0,0.2575383025813288,3.0,34.3,11.433333333333332,3.0,4.0,7,0.0,0.0,1.0,1
169063,0,0,0.2850716851146325,3.0,32.1,10.700000000000001,3.3333333333333335,4.0,13,0.0,0.0,0.0,3
169066,1,0,0.2508436381259754,4.0,51.0,12.75,2.5,6.0,18,0.0,0.0,2.0,3
169073,1,0,0.16946691616434095,3.0,56.7,18.900000000000002,4.0,4.0,9,0.0,0.0,3.0,2
169085,0,0,0.17787145461231316,3.0,32.0,10.666666666666666,2.3333333333333335,4.0,4,0.0,0.0,6.0,3
169093,0,0,0.3081973064831518,4.0,34.6,8.65,2.5,6.0,17,0.0,0.0,1.0,3
169098,0,0,0.269718678070324,2.0,24.5,12.25,3.5,4.0,18,0.0,0.0,0.0,1
169118,0,0,0.2791880462399232,2.0,8.2,4.1,4.0,3.0,3,0.0,0.0,0.0,4
169119,1,0,0.2978015450184521,3.0,15.8,5.266666666666667,2.0,4.0,13,0.0,0.0,2.0,1
169131,0,0,0.19357886747270703,1.0,32.3,32.3,5.0,2.0,3,0.0,0.0,1.0,1
169139,0,0,0.20995200441702488,1.0,13.7,13.7,5.0,2.0,4,0.0,0.0,1.0,3
169147,0,0,0.15042723623521292,4.0,57.1,14.275,3.75,7.0,18,0.0,0.0,6.0,2
169154,0,0,0.19614484301109025,4.0,59.3,14.825,3.5,5.0,14,0.0,0.0,3.0,1
169157,0,0,0.050316901086471987,6.0,184.70000000000002,30.783333333333335,3.0,7.0,16,1.0,19.99,7.0,4
169162,0,0,0.03550707353034186,5.0,186.29999999999998,37.26,5.2,6.0,12,1.0,49.99,6.0,4
169163,0,0,0.2505912153513355,1.0,12.3,12.3,3.0,3.0,15,0.0,0.0,1.0,1
169166,0,0,0.10703078050759016,2.0,109.6,54.8,4.5,3.0,2,0.0,0.0,2.0,4
169167,0,0,0.22462214852047457,3.0,38.0,12.666666666666666,4.666666666666667,4.0,7,0.0,0.0,1.0,4
169176,0,0,0.28588583269991447,5.0,35.900000000000006,7.1800000000000015,4.0,6.0,13,0.0,0.0,2.0,4
169186,0,0,0.1793439249129582,4.0,72.7,18.175,4.5,7.0,18,0.0,0.0,2.0,4
169188,0,0,0.20406436595059402,1.0,11.4,11.4,2.0,2.0,4,0.0,0.0,4.0,4
169190,0,0,0.19271329426911962,4.0,57.7,14.425,4.0,6.0,15,0.0,0.0,3.0,3
169192,0,0,0.2535092091178807,1.0,3.0,3.0,4.0,2.0,2,0.0,0.0,0.0,3
169194,0,0,0.22269728473928996,2.0,33.0,16.5,3.0,6.0,17,0.0,0.0,2.0,4
169201,0,0,0.22142778187234816,1.0,34.9,34.9,5.0,4.0,18,0.0,0.0,0.0,4
169223,0,0,0.2330450501613525,1.0,19.3,19.3,2.0,2.0,2,0.0,0.0,2.0,3
169225,0,0,0.1195110289053511,4.0,84.5,21.125,4.5,5.0,12,0.0,0.0,5.0,4
169234,0,0,0.27387669474783843,3.0,27.5,9.166666666666666,3.0,4.0,9,0.0,0.0,1.0,2
169235,0,0,0.26139964248613123,2.0,11.7,5.85,3.5,3.0,4,0.0,0.0,1.0,4
169245,0,0,0.26808977734045136,2.0,22.6,11.3,2.5,3.0,12,0.0,0.0,1.0,4
169247,0,0,0.281488973084394,3.0,18.700000000000003,6.233333333333334,4.0,4.0,10,1.0,4.99,1.0,2
169248,0,0,0.2778147247575278,1.0,14.2,14.2,2.0,2.0,0,0.0,0.0,0.0,3
169255,0,0,0.1932842634264004,4.0,50.400000000000006,12.600000000000001,3.5,5.0,10,0.0,0.0,4.0,4
169256,0,0,0.17705678261034866,3.0,90.9,30.3,2.6666666666666665,5.0,15,1.0,4.99,1.0,2
169271,1,0,0.23495210974881361,4.0,63.0,15.75,3.25,6.0,18,0.0,0.0,1.0,4
169274,0,0,0.20125088700104712,2.0,47.9,23.95,3.5,3.0,3,0.0,0.0,1.0,1
169275,0,0,0.036786468493533196,8.0,197.5,24.6875,4.375,8.0,12,0.0,0.0,10.0,1
169276,0,0,0.29103492073350096,1.0,5.4,5.4,2.0,2.0,4,0.0,0.0,0.0,4
169280,1,0,0.29585364886168786,2.0,8.7,4.35,2.0,3.0,5,0.0,0.0,1.0,4
169283,0,0,0.17393814304700247,5.0,92.7,18.54,4.0,7.0,18,0.0,0.0,2.0,1
169285,0,0,0.15545130308240204,3.0,58.1,19.366666666666667,3.6666666666666665,4.0,8,0.0,0.0,4.0,1
169303,0,0,0.16401323744966265,1.0,16.6,16.6,8.0,2.0,3,0.0,0.0,1.0,2
169307,0,0,0.18197536102583128,3.0,38.1,12.700000000000001,1.6666666666666667,4.0,9,0.0,0.0,6.0,4
169327,0,0,0.28407688366806605,3.0,27.7,9.233333333333333,2.3333333333333335,4.0,6,0.0,0.0,1.0,3
169332,0,0,0.24577105849648379,1.0,14.7,14.7,4.0,2.0,4,0.0,0.0,0.0,4
169333,0,0,0.22462420473084155,5.0,39.7,7.94,3.6,6.0,16,0.0,0.0,5.0,4
169334,0,0,0.3114319197991612,3.0,24.5,8.166666666666666,1.3333333333333333,4.0,6,0.0,0.0,1.0,4
169343,0,0,0.2968485192039862,1.0,8.5,8.5,2.0,2.0,15,0.0,0.0,0.0,2
169344,0,0,0.09220388468450944,3.0,138.3,46.1,4.666666666666667,4.0,4,0.0,0.0,1.0,3
169348,0,0,0.2630023640589957,1.0,3.5,3.5,4.0,2.0,14,0.0,0.0,0.0,2
169349,0,0,0.22641459162163446,2.0,37.3,18.65,3.0,3.0,2,0.0,0.0,1.0,4
169351,0,0,0.009583424462674473,7.0,236.7,33.81428571428571,5.571428571428571,7.0,13,0.0,0.0,16.0,4
169355,0,0,0.252286532947756,1.0,21.2,21.2,3.0,2.0,0,0.0,0.0,0.0,2
169370,0,0,0.08074375892920213,4.0,162.9,40.725,4.75,5.0,13,0.0,0.0,1.0,4
169374,0,0,0.10786205605365753,5.0,109.1,21.82,3.4,6.0,11,1.0,99.99,3.0,1
169378,0,0,0.24674357225911114,5.0,49.0,9.8,4.2,6.0,6,0.0,0.0,2.0,4
169390,0,0,0.26350084005185026,1.0,9.1,9.1,2.0,2.0,2,0.0,0.0,1.0,4
169401,0,0,0.1861024267608517,2.0,56.5,28.25,5.0,3.0,2,0.0,0.0,0.0,4
169403,0,0,0.10844731219425162,3.0,62.6,20.866666666666667,5.333333333333333,4.0,7,0.0,0.0,6.0,4
169406,1,0,0.024942824805902174,8.0,235.5,29.4375,2.75,8.0,12,0.0,0.0,11.0,4
169407,0,0,0.2137155971483596,2.0,40.9,20.45,3.5,3.0,3,0.0,0.0,1.0,4
169418,1,0,0.3003704221216124,2.0,9.5,4.75,2.0,3.0,14,0.0,0.0,1.0,1
169426,0,0,0.24952895536930117,1.0,26.6,26.6,2.0,2.0,4,0.0,0.0,1.0,4
169431,0,0,0.25088598531249434,2.0,40.6,20.3,1.5,3.0,9,0.0,0.0,1.0,2
169432,0,0,0.3563088258457892,4.0,26.3,6.575,2.25,5.0,13,0.0,0.0,0.0,4
169442,0,0,0.21016174505404397,2.0,22.8,11.4,5.5,3.0,6,0.0,0.0,1.0,2
169443,0,0,0.17892562707636117,3.0,47.4,15.799999999999999,4.666666666666667,4.0,14,0.0,0.0,3.0,4
169445,0,0,0.21861357093480555,2.0,47.5,23.75,3.5,3.0,1,0.0,0.0,0.0,1
169449,0,0,0.10699426521845697,3.0,53.0,17.666666666666668,3.3333333333333335,5.0,15,0.0,0.0,9.0,4
169452,0,0,0.19665404624622884,4.0,55.7,13.925,2.75,5.0,12,0.0,0.0,4.0,4
169459,0,0,0.05651970099732099,4.0,115.5,28.875,3.5,5.0,8,0.0,0.0,10.0,4
169463,0,0,0.2076685414446489,2.0,33.6,16.8,3.5,3.0,5,0.0,0.0,2.0,4
169466,0,0,0.14190411842975773,4.0,98.2,24.55,2.75,5.0,7,0.0,0.0,3.0,1
169471,0,0,0.21409717088814728,2.0,35.5,17.75,2.0,4.0,15,1.0,19.99,3.0,4
169478,0,0,0.28234260997696387,2.0,6.3,3.15,2.0,3.0,10,0.0,0.0,2.0,4
169487,0,0,0.09434673643356373,4.0,86.5,21.625,3.25,5.0,9,0.0,0.0,8.0,1
169492,0,0,0.07467646155265784,7.0,198.39999999999998,28.342857142857138,4.0,7.0,10,0.0,0.0,2.0,1
169494,1,0,0.11638333745774516,4.0,83.4,20.85,4.0,6.0,18,0.0,0.0,6.0,4
169510,0,0,0.08798389160296195,5.0,117.2,23.44,4.4,6.0,9,0.0,0.0,6.0,4
169518,0,0,0.2333485251078128,2.0,23.1,11.55,3.0,3.0,8,0.0,0.0,2.0,3
169524,0,0,0.20907384602117535,1.0,37.2,37.2,5.0,2.0,2,0.0,0.0,0.0,4
169535,0,0,0.2980288320318763,1.0,0.3,0.3,2.0,2.0,7,0.0,0.0,0.0,3
169539,0,0,0.23563529858873813,1.0,2.1,2.1,4.0,2.0,5,0.0,0.0,1.0,2
169545,0,0,0.18138191153688218,2.0,48.7,24.35,5.0,3.0,7,0.0,0.0,1.0,1
169550,0,0,0.05953330993798617,5.0,143.7,28.74,4.4,6.0,7,0.0,0.0,7.0,4
169564,0,0,0.23696919511427306,3.0,46.7,15.566666666666668,3.3333333333333335,6.0,18,0.0,0.0,1.0,3
169569,0,0,0.27672067187444815,2.0,21.9,10.95,2.0,3.0,10,0.0,0.0,1.0,4
169571,0,0,0.30380796809688954,1.0,7.3,7.3,1.0,2.0,0,0.0,0.0,0.0,3
169572,0,0,0.170708946725887,6.0,82.3,13.716666666666667,2.5,6.0,13,0.0,0.0,6.0,4
169573,0,0,0.37195241731405165,6.0,34.5,5.75,1.8333333333333333,6.0,12,0.0,0.0,2.0,4
169587,0,0,0.217471437020831,4.0,54.5,13.625,4.0,5.0,14,0.0,0.0,2.0,4
169589,0,0,0.1778057212120116,3.0,52.2,17.400000000000002,3.0,6.0,16,0.0,0.0,4.0,4
169594,0,0,0.0031064075608153753,11.0,367.5,33.40909090909091,4.818181818181818,10.0,15,0.0,0.0,18.0,1
169606,0,0,0.11962495546982604,3.0,106.8,35.6,3.0,4.0,12,0.0,0.0,3.0,2
169613,0,0,0.15754465432339035,1.0,39.6,39.6,4.0,2.0,5,0.0,0.0,4.0,4
169617,0,0,0.3067786989118305,1.0,5.3,5.3,1.0,2.0,0,0.0,0.0,0.0,4
169624,0,0,0.1856935538672566,5.0,105.4,21.080000000000002,2.8,6.0,14,0.0,0.0,1.0,4
169625,0,0,0.2589386942899015,2.0,26.0,13.0,1.0,3.0,5,0.0,0.0,2.0,1
169628,0,0,0.1586789339922686,3.0,61.6,20.533333333333335,4.0,4.0,2,0.0,0.0,3.0,3
169629,0,0,0.13983950931116576,3.0,31.299999999999997,10.433333333333332,5.666666666666667,4.0,7,0.0,0.0,6.0,4
169630,0,0,0.18312132971853182,1.0,51.3,51.3,6.0,2.0,1,0.0,0.0,0.0,4
169639,0,0,0.0295065656026508,6.0,135.5,22.583333333333332,4.5,6.0,13,0.0,0.0,16.0,4
169640,0,0,0.10699917126858559,4.0,125.9,31.475,2.25,6.0,17,0.0,0.0,4.0,2
169643,0,0,0.20387293586408975,1.0,10.4,10.4,6.0,3.0,16,0.0,0.0,1.0,1
169645,0,0,0.21365391808884923,3.0,17.4,5.8,4.333333333333333,6.0,18,0.0,0.0,4.0,1
169646,0,0,0.048078191423660994,8.0,220.3,27.5375,5.875,8.0,12,1.0,6.98,4.0,1
169649,0,0,0.1446868704690227,5.0,109.6,21.919999999999998,4.2,6.0,12,0.0,0.0,2.0,4
169652,0,0,0.06845098633608472,6.0,160.3,26.71666666666667,3.5,6.0,8,0.0,0.0,6.0,3
169655,0,0,0.23827619941364997,3.0,23.4,7.8,2.3333333333333335,5.0,17,0.0,0.0,4.0,4
169663,0,0,0.15394587360919687,5.0,78.4,15.680000000000001,5.0,6.0,15,0.0,0.0,4.0,4
169666,0,0,0.23062337148521705,1.0,8.6,8.6,5.0,2.0,0,0.0,0.0,0.0,4
169677,0,0,0.2056877360771542,2.0,28.299999999999997,14.149999999999999,3.0,3.0,6,0.0,0.0,3.0,4
169679,0,0,0.18782866014206648,2.0,37.5,18.75,5.5,3.0,2,0.0,0.0,1.0,4
169683,0,0,0.1459098580616078,5.0,78.1,15.62,5.0,6.0,4,1.0,19.99,4.0,4
169685,0,0,0.26972946956654875,2.0,12.4,6.2,2.0,3.0,11,0.0,0.0,2.0,1
169689,0,0,0.24223004666314132,2.0,23.200000000000003,11.600000000000001,4.0,3.0,14,0.0,0.0,1.0,4
169697,0,0,0.1726959497452404,2.0,50.1,25.05,5.5,3.0,4,0.0,0.0,1.0,4
169710,0,0,0.003946065357621865,7.0,291.1,41.58571428571429,4.714285714285714,8.0,16,0.0,0.0,19.0,3
169714,0,0,0.15691585563797786,5.0,92.3,18.46,4.2,6.0,14,0.0,0.0,3.0,4
169717,0,0,0.17537053330781946,2.0,59.4,29.7,5.5,3.0,2,0.0,0.0,0.0,4
169718,0,0,0.20206021492222617,4.0,74.1,18.525,2.75,5.0,16,0.0,0.0,2.0,3
169730,0,0,0.21842394482167152,2.0,38.0,19.0,3.0,3.0,17,0.0,0.0,2.0,4
169734,0,0,0.1836281048675454,3.0,61.0,20.333333333333332,4.0,5.0,16,0.0,0.0,2.0,3
169739,1,0,0.2485590902576462,4.0,67.9,16.975,1.75,5.0,14,0.0,0.0,1.0,4
169740,0,0,0.20523140892988914,2.0,42.5,21.25,4.0,3.0,7,0.0,0.0,1.0,2
169742,0,0,0.2703966754504704,1.0,4.0,4.0,1.0,2.0,8,0.0,0.0,2.0,4
169749,0,0,0.14255354943180998,4.0,65.7,16.425,3.25,5.0,10,0.0,0.0,6.0,4
169769,0,0,0.13879385856457913,4.0,89.0,22.25,4.25,5.0,7,0.0,0.0,3.0,4
169775,0,0,0.28096453915637715,1.0,17.2,17.2,1.0,2.0,9,0.0,0.0,1.0,4
169792,0,0,0.0662436535709679,5.0,145.20000000000002,29.040000000000003,3.2,6.0,11,0.0,0.0,7.0,4
169800,0,0,0.2213611864629559,1.0,21.8,21.8,5.0,2.0,2,0.0,0.0,0.0,4
169801,1,0,0.22589245044736886,6.0,74.3,12.383333333333333,3.1666666666666665,6.0,13,0.0,0.0,3.0,1
169803,0,0,0.20475108699910005,3.0,45.7,15.233333333333334,2.6666666666666665,4.0,6,0.0,0.0,3.0,4
169828,0,0,0.25000178287358504,3.0,26.9,8.966666666666667,3.0,4.0,3,0.0,0.0,2.0,4
169835,0,0,0.18528416273777917,3.0,76.8,25.599999999999998,2.0,5.0,15,0.0,0.0,2.0,1
169839,0,0,0.1924837393823538,4.0,64.4,16.1,3.25,5.0,14,0.0,0.0,3.0,3
169850,0,0,0.21406061798922726,1.0,6.2,6.2,6.0,2.0,0,0.0,0.0,0.0,1
169859,0,0,0.17336337589650455,3.0,60.1,20.033333333333335,3.3333333333333335,4.0,9,0.0,0.0,3.0,2
169860,0,0,0.23410277886131498,2.0,20.700000000000003,10.350000000000001,2.0,3.0,8,0.0,0.0,3.0,3
169878,1,0,0.29365527725675145,1.0,7.7,7.7,2.0,2.0,9,0.0,0.0,0.0,4
169882,0,0,0.19796958302407486,4.0,68.3,17.075,3.25,5.0,7,0.0,0.0,2.0,3
169892,0,0,0.2268050406840575,2.0,35.300000000000004,17.650000000000002,4.5,3.0,5,0.0,0.0,0.0,4
169897,0,0,0.0653704428964993,5.0,121.10000000000001,24.220000000000002,4.2,7.0,18,0.0,0.0,9.0,4
169905,0,0,0.15338581256282455,4.0,84.30000000000001,21.075000000000003,3.5,5.0,7,0.0,0.0,3.0,3
169915,0,0,0.21809011210489956,1.0,15.0,15.0,5.0,3.0,16,0.0,0.0,1.0,4
169922,0,0,0.18329270438478593,5.0,77.5,15.5,3.8,6.0,12,0.0,0.0,3.0,2
169926,0,0,0.029130191174010677,3.0,230.1,76.7,4.333333333333333,4.0,8,0.0,0.0,4.0,4
169927,0,0,0.20446548953783372,2.0,58.1,29.05,3.5,3.0,2,0.0,0.0,0.0,2
169935,0,0,0.2325864851665688,2.0,39.199999999999996,19.599999999999998,3.0,3.0,13,0.0,0.0,1.0,4
169936,0,0,0.128717123114465,3.0,62.8,20.933333333333334,3.3333333333333335,4.0,9,0.0,0.0,6.0,4
169944,1,0,0.36931671768640784,6.0,48.3,8.049999999999999,2.5,6.0,10,0.0,0.0,0.0,4
169957,0,0,0.243128324367974,4.0,61.2,15.3,1.5,6.0,15,0.0,0.0,2.0,1
169971,0,0,0.2440862890010824,2.0,15.2,7.6,3.5,4.0,16,0.0,0.0,2.0,4
169975,0,0,0.21306058896853194,2.0,28.0,14.0,6.0,3.0,4,0.0,0.0,0.0,4
169981,0,0,0.26554711437525075,2.0,10.899999999999999,5.449999999999999,3.5,3.0,8,0.0,0.0,1.0,3
169984,0,0,0.27158700611210057,1.0,24.8,24.8,2.0,2.0,4,0.0,0.0,0.0,3
169992,0,0,0.26295555039495017,3.0,35.0,11.666666666666666,2.0,6.0,18,0.0,0.0,2.0,4
170006,0,0,0.08128209996997905,4.0,98.7,24.675,4.0,6.0,18,0.0,0.0,8.0,2
170009,0,0,0.25288121636636823,4.0,47.6,11.9,2.5,5.0,11,0.0,0.0,2.0,3
170013,0,0,0.007742336957672209,6.0,252.1,42.016666666666666,5.666666666666667,8.0,16,0.0,0.0,15.0,3
170023,0,0,0.29438809395599363,1.0,3.0,3.0,2.0,2.0,6,0.0,0.0,0.0,3
170029,0,0,0.014684280456710407,8.0,210.9,26.3625,4.75,10.0,18,0.0,0.0,17.0,4
170033,0,0,0.22786830602470748,1.0,11.9,11.9,5.0,2.0,0,0.0,0.0,0.0,4
170035,0,0,0.26344176459070445,4.0,28.9,7.225,3.25,6.0,18,0.0,0.0,3.0,4
170041,0,0,0.0954100231438128,5.0,155.8,31.160000000000004,3.6,8.0,17,0.0,0.0,2.0,1
170049,0,0,0.27272771669502965,3.0,42.3,14.1,1.3333333333333333,4.0,5,0.0,0.0,1.0,4
170050,0,0,0.25815862923702704,1.0,14.0,14.0,2.0,2.0,2,0.0,0.0,1.0,3
170060,0,0,0.22659702233180232,1.0,38.2,38.2,4.0,2.0,5,0.0,0.0,0.0,4
170061,1,0,0.2557633775614278,1.0,10.4,10.4,3.0,3.0,16,0.0,0.0,1.0,4
170070,0,0,0.2630609891360766,1.0,28.1,28.1,2.0,2.0,0,0.0,0.0,0.0,1
170073,0,0,0.09308298403452302,5.0,83.0,16.6,4.6,6.0,14,0.0,0.0,9.0,4
170083,0,0,0.15389485181141488,4.0,103.3,25.825,3.5,5.0,7,0.0,0.0,1.0,1
170089,0,0,0.18265419765605403,3.0,57.2,19.066666666666666,3.3333333333333335,6.0,17,0.0,0.0,3.0,4
170090,0,0,0.2514116101634832,1.0,27.1,27.1,3.0,2.0,3,0.0,0.0,0.0,4
170092,0,0,0.20679522832471517,6.0,81.1,13.516666666666666,2.5,8.0,16,0.0,0.0,4.0,4
170101,0,0,0.07760411233310856,3.0,103.4,34.46666666666667,3.6666666666666665,4.0,9,0.0,0.0,7.0,3
170105,0,0,0.23859334367600923,3.0,55.099999999999994,18.366666666666664,2.0,4.0,8,0.0,0.0,1.0,4
170123,1,0,0.2370282801215269,3.0,37.9,12.633333333333333,1.6666666666666667,4.0,10,0.0,0.0,3.0,3
170137,0,0,0.2182981673376173,3.0,28.700000000000003,9.566666666666668,2.0,4.0,11,1.0,1.99,5.0,3
170152,0,0,0.18058168841404576,3.0,46.6,15.533333333333333,3.0,4.0,6,0.0,0.0,4.0,3
170153,0,0,0.17123466752662475,4.0,93.5,23.375,2.5,5.0,12,0.0,0.0,2.0,4
170159,0,0,0.182718349775765,3.0,27.6,9.200000000000001,3.0,5.0,16,0.0,0.0,6.0,3
170165,0,0,0.23557850629539162,1.0,44.3,44.3,3.0,2.0,2,0.0,0.0,0.0,4
170167,1,0,0.2453373986434221,2.0,10.399999999999999,5.199999999999999,3.5,3.0,7,0.0,0.0,2.0,4
170168,0,0,0.31055463833229996,0.0,0.0,0.0,0.0,1.0,17,0.0,0.0,0.0,4
170171,0,0,0.28005439477022454,1.0,14.8,14.8,2.0,2.0,2,0.0,0.0,0.0,4
170172,0,0,0.17458015415694036,5.0,66.8,13.36,4.6,6.0,11,0.0,0.0,4.0,4
170177,0,0,0.22032600945199887,1.0,7.7,7.7,5.0,2.0,12,0.0,0.0,1.0,2
170189,0,0,0.11452038915586334,3.0,100.8,33.6,6.666666666666667,6.0,18,0.0,0.0,1.0,1
170212,0,0,0.23085991414352897,3.0,39.7,13.233333333333334,4.0,4.0,5,0.0,0.0,1.0,4
170215,0,0,0.2775666202893452,3.0,31.0,10.333333333333334,2.6666666666666665,4.0,12,0.0,0.0,1.0,4
170243,1,0,0.21341242308682792,2.0,33.1,16.55,2.5,3.0,16,0.0,0.0,3.0,3
170258,0,0,0.2420437785179818,3.0,47.2,15.733333333333334,2.6666666666666665,4.0,9,0.0,0.0,1.0,3
170260,0,0,0.14928396039173727,4.0,66.2,16.55,4.25,5.0,12,1.0,1.99,5.0,1
170266,0,0,0.1613374771169212,4.0,73.7,18.425,4.25,5.0,9,0.0,0.0,3.0,4
170268,0,0,0.08331622025962683,6.0,162.0,27.0,4.666666666666667,6.0,12,0.0,0.0,3.0,1
170281,0,0,0.17919877343680982,5.0,92.1,18.419999999999998,3.4,6.0,9,0.0,0.0,2.0,3
170282,0,0,0.2714425711773914,2.0,30.7,15.35,1.5,3.0,12,0.0,0.0,1.0,3
170285,0,0,0.04504471974175097,5.0,161.5,32.3,4.4,6.0,11,0.0,0.0,8.0,4
170286,0,0,0.12277079241219384,6.0,121.7,20.283333333333335,2.5,6.0,6,0.0,0.0,5.0,3
170306,0,0,0.21191151604803427,6.0,83.3,13.883333333333333,3.0,7.0,15,0.0,0.0,3.0,2
170310,0,0,0.15983590758305335,5.0,80.0,16.0,3.0,6.0,15,0.0,0.0,5.0,1
170317,0,0,0.030761314862872903,5.0,206.5,41.3,4.4,6.0,13,0.0,0.0,7.0,3
170318,0,0,0.2587806177252432,1.0,16.9,16.9,3.0,2.0,1,0.0,0.0,0.0,4
170323,0,0,0.1243045839268029,3.0,94.6,31.53333333333333,2.3333333333333335,4.0,3,0.0,0.0,4.0,4
170339,1,0,0.29894357603603355,2.0,17.9,8.95,2.0,3.0,2,0.0,0.0,0.0,4
170344,0,0,0.049360625147005066,4.0,199.5,49.875,4.5,5.0,6,0.0,0.0,2.0,3
170347,0,0,0.2708903303706832,1.0,12.7,12.7,3.0,2.0,10,0.0,0.0,0.0,4
170352,0,0,0.12150617059477044,4.0,132.0,33.0,3.5,6.0,17,0.0,0.0,1.0,1
170354,0,0,0.22229370230520704,1.0,17.7,17.7,5.0,2.0,0,0.0,0.0,0.0,3
170358,1,0,0.10795980631739625,6.0,152.9,25.483333333333334,2.8333333333333335,6.0,11,0.0,0.0,3.0,4
170365,0,0,0.17982836479940806,4.0,48.699999999999996,12.174999999999999,4.25,5.0,5,0.0,0.0,4.0,1
170374,0,0,0.08615136334295369,3.0,93.5,31.166666666666668,3.3333333333333335,4.0,4,0.0,0.0,7.0,4
170376,0,0,0.05418798577276583,6.0,147.3,24.55,4.333333333333333,6.0,10,0.0,0.0,9.0,3
170384,0,0,0.1313440482140003,5.0,71.8,14.36,2.6,6.0,7,0.0,0.0,8.0,3
170387,0,0,0.23811126495224244,4.0,57.3,14.325,3.5,5.0,13,0.0,0.0,1.0,3
170390,0,0,0.207415825849722,2.0,23.1,11.55,2.0,3.0,4,0.0,0.0,4.0,2
170393,0,0,0.03242749198139314,4.0,238.2,59.55,4.5,5.0,5,0.0,0.0,2.0,1
170401,0,0,0.2830209037928284,1.0,10.7,10.7,2.0,2.0,1,0.0,0.0,0.0,4
170404,0,0,0.22337234412524518,2.0,5.8,2.9,5.0,3.0,5,0.0,0.0,2.0,1
170408,0,0,0.26494761521458426,1.0,4.6,4.6,2.0,2.0,1,0.0,0.0,1.0,2
170419,0,0,0.05178021714144912,5.0,137.1,27.419999999999998,5.6,6.0,7,0.0,0.0,8.0,4
170425,0,0,0.21756562813358923,4.0,51.6,12.9,3.0,5.0,11,0.0,0.0,3.0,4
170432,0,0,0.2445367730185923,1.0,19.1,19.1,4.0,2.0,7,0.0,0.0,0.0,4
170434,0,0,0.17968574254739542,2.0,29.8,14.9,5.0,3.0,13,0.0,0.0,3.0,4
170437,0,0,0.08522101351027357,5.0,157.7,31.54,3.2,6.0,8,0.0,0.0,3.0,1
170442,0,0,0.23135802663021038,3.0,51.6,17.2,3.0,5.0,15,0.0,0.0,1.0,2
170450,0,0,0.14187128138614497,3.0,80.5,26.833333333333332,4.666666666666667,4.0,4,0.0,0.0,2.0,4
170459,0,0,0.16300379604015486,3.0,52.1,17.366666666666667,3.6666666666666665,4.0,4,0.0,0.0,4.0,4
170508,0,0,0.17753368353963178,4.0,56.1,14.025,4.0,5.0,12,0.0,0.0,4.0,3
170517,0,0,0.08872529176433205,5.0,102.69999999999999,20.54,3.8,6.0,11,0.0,0.0,8.0,4
170519,0,0,0.17767827324898325,2.0,57.1,28.55,2.0,3.0,2,0.0,0.0,3.0,4
170524,0,0,0.2855025839569939,4.0,35.7,8.925,3.0,5.0,5,0.0,0.0,1.0,3
170540,0,0,0.18154944496061903,1.0,69.7,69.7,4.0,2.0,1,0.0,0.0,1.0,4
170548,0,0,0.21509051167491325,1.0,7.8,7.8,6.0,2.0,0,0.0,0.0,0.0,4
170550,0,0,0.17013735203320088,4.0,85.7,21.425,3.25,5.0,10,0.0,0.0,2.0,1
170552,0,0,0.26785394784908884,1.0,7.0,7.0,3.0,2.0,1,0.0,0.0,0.0,4
170553,0,0,0.11725697563161311,4.0,112.5,28.125,4.5,5.0,5,0.0,0.0,2.0,1
170557,0,0,0.14868599787151712,2.0,76.7,38.35,3.5,3.0,2,0.0,0.0,2.0,2
170562,0,0,0.26895595032943803,4.0,50.5,12.625,2.5,5.0,11,0.0,0.0,1.0,4
170563,0,0,0.4013567727063428,4.0,16.5,4.125,1.5,5.0,16,0.0,0.0,0.0,4
170565,0,0,0.3070724560343784,1.0,7.0,7.0,1.0,2.0,2,0.0,0.0,0.0,4
170578,0,0,0.2634332149335015,1.0,10.8,10.8,3.0,2.0,0,0.0,0.0,0.0,4
170579,0,0,0.05619912760821329,4.0,156.3,39.075,5.0,5.0,14,0.0,0.0,5.0,4
170581,0,0,0.1951466022221613,7.0,76.0,10.857142857142858,4.142857142857143,7.0,9,0.0,0.0,5.0,1
170587,0,0,0.13222252079693653,4.0,73.1,18.275,4.25,5.0,7,0.0,0.0,5.0,2
170596,0,0,0.2397186165110879,4.0,34.3,8.575,2.5,5.0,11,0.0,0.0,4.0,4
170600,0,0,0.2469069023346066,2.0,25.4,12.7,4.0,3.0,1,0.0,0.0,0.0,3
170604,0,0,0.20765455585651277,2.0,45.2,22.6,2.5,3.0,7,0.0,0.0,2.0,4
170608,0,0,0.22406536533323126,4.0,63.199999999999996,15.799999999999999,3.25,5.0,4,0.0,0.0,1.0,4
170613,0,0,0.29089143859205524,3.0,33.1,11.033333333333333,2.6666666666666665,4.0,7,0.0,0.0,0.0,4
170617,0,0,0.09345255698758757,3.0,97.39999999999999,32.46666666666666,3.6666666666666665,5.0,16,0.0,0.0,6.0,4
170619,0,0,0.05139196903826836,5.0,155.9,31.18,3.4,6.0,8,0.0,0.0,8.0,3
170622,1,0,0.0508016388554142,7.0,216.0,30.857142857142858,5.142857142857143,9.0,16,0.0,0.0,3.0,1
170624,0,0,0.0535914268470655,8.0,204.9,25.6125,4.125,9.0,16,0.0,0.0,6.0,2
170626,0,0,0.23530422958838484,2.0,15.0,7.5,3.5,3.0,4,0.0,0.0,2.0,4
170639,0,0,0.25823222903876986,2.0,22.9,11.45,4.0,3.0,10,0.0,0.0,0.0,2
170652,0,0,0.10337141209775204,5.0,93.6,18.72,3.2,6.0,13,0.0,0.0,8.0,4
170656,0,0,0.16988869925700334,6.0,97.79999999999998,16.299999999999997,3.0,6.0,15,0.0,0.0,4.0,2
170673,0,0,0.2050857360762109,3.0,51.4,17.133333333333333,3.6666666666666665,6.0,18,0.0,0.0,2.0,4
170683,0,0,0.2498245922106169,1.0,25.9,25.9,3.0,2.0,0,0.0,0.0,0.0,4
170699,0,0,0.2298539968063513,2.0,25.099999999999998,12.549999999999999,4.0,3.0,3,0.0,0.0,1.0,4
170702,0,0,0.21793739458329658,2.0,26.5,13.25,4.5,3.0,1,0.0,0.0,1.0,4
170703,0,0,0.2199495408641928,5.0,69.6,13.919999999999998,3.6,6.0,12,0.0,0.0,2.0,4
170722,1,0,0.2546830432728028,4.0,26.4,6.6,4.0,5.0,16,0.0,0.0,3.0,4
170733,0,0,0.26140074747832115,1.0,10.4,10.4,2.0,2.0,1,0.0,0.0,1.0,4
170738,0,0,0.09105171309298142,6.0,168.9,28.150000000000002,4.0,6.0,13,0.0,0.0,2.0,1
170742,0,0,0.06836271685847918,5.0,142.9,28.580000000000002,5.6,8.0,18,0.0,0.0,5.0,2
170743,0,0,0.2860842354843802,1.0,18.8,18.8,2.0,4.0,18,0.0,0.0,0.0,1
170746,0,0,0.2628099487966459,3.0,23.1,7.7,1.6666666666666667,4.0,6,0.0,0.0,3.0,4
170761,0,0,0.03164644464297318,6.0,197.1,32.85,4.333333333333333,6.0,13,0.0,0.0,9.0,4
170763,0,0,0.15773886995051517,6.0,116.9,19.483333333333334,4.666666666666667,6.0,7,0.0,0.0,1.0,1
170768,0,0,0.14586338827726192,5.0,81.0,16.2,2.8,6.0,14,0.0,0.0,6.0,1
170769,0,0,0.08807699527581811,5.0,148.9,29.78,3.2,6.0,15,0.0,0.0,4.0,4
170776,0,0,0.09581695881132708,7.0,127.2,18.17142857142857,4.142857142857143,7.0,9,0.0,0.0,7.0,1
170783,0,0,0.21417920667428403,4.0,61.7,15.425,4.25,5.0,11,0.0,0.0,1.0,1
170790,0,0,0.1820439767766756,4.0,71.2,17.8,4.5,6.0,17,0.0,0.0,2.0,4
170794,0,0,0.29304459547921435,2.0,11.3,5.65,2.0,3.0,8,0.0,0.0,1.0,3
170808,0,0,0.127577097938423,2.0,67.2,33.6,6.5,3.0,4,0.0,0.0,2.0,4
170822,0,0,0.030924365286615102,7.0,188.5,26.928571428571427,4.714285714285714,8.0,15,0.0,0.0,11.0,1
170823,0,0,0.06856235075841022,5.0,125.5,25.1,5.0,6.0,7,0.0,0.0,7.0,4
170825,0,0,0.20518263422161168,4.0,44.3,11.075,3.75,6.0,18,0.0,0.0,4.0,4
170838,0,0,0.29144417646853177,4.0,30.1,7.525,2.5,6.0,15,0.0,0.0,2.0,1
170845,1,0,0.26536788912176845,5.0,59.599999999999994,11.919999999999998,3.4,6.0,13,0.0,0.0,1.0,4
170846,0,0,0.2576303547655675,2.0,18.5,9.25,4.0,3.0,2,0.0,0.0,0.0,1
170850,0,0,0.23033637714427102,1.0,69.3,69.3,2.0,2.0,1,0.0,0.0,0.0,4
170855,0,0,0.17070401794368273,2.0,42.4,21.2,5.0,3.0,2,0.0,0.0,2.0,2
170861,0,0,0.25615004838498184,4.0,36.9,9.225,3.75,6.0,15,0.0,0.0,2.0,4
170862,0,0,0.1692504051858256,7.0,111.5,15.928571428571429,3.0,9.0,16,0.0,0.0,4.0,3
170864,0,0,0.18834605441041755,1.0,23.3,23.3,7.0,2.0,3,0.0,0.0,0.0,1
170867,0,0,0.25599045670183385,1.0,16.1,16.1,3.0,2.0,0,0.0,0.0,0.0,1
170869,0,0,0.16195805202299948,2.0,37.9,18.95,4.5,5.0,18,0.0,0.0,4.0,4
170873,0,0,0.23313965779198204,1.0,23.5,23.5,4.0,2.0,1,0.0,0.0,0.0,1
170879,0,0,0.2440788828002203,3.0,52.5,17.5,3.0,4.0,7,0.0,0.0,0.0,2
170886,0,0,0.07686375221785637,6.0,116.0,19.333333333333332,4.333333333333333,6.0,11,0.0,0.0,9.0,4
170902,0,0,0.10831565348375669,5.0,103.1,20.619999999999997,3.4,6.0,5,0.0,0.0,6.0,3
170919,0,0,0.28706890382566697,1.0,5.5,5.5,2.0,2.0,0,0.0,0.0,0.0,4
170928,1,0,0.28170394208395755,4.0,34.6,8.65,2.5,5.0,13,0.0,0.0,2.0,2
170943,1,0,0.254624932053483,6.0,71.7,11.950000000000001,3.0,8.0,16,0.0,0.0,2.0,1
170949,0,0,0.26268624421010656,1.0,15.6,15.6,3.0,2.0,4,0.0,0.0,0.0,4
170966,0,0,0.16046905680826562,3.0,80.8,26.933333333333334,3.6666666666666665,5.0,17,0.0,0.0,2.0,4
170969,0,0,0.24377856907123213,2.0,21.2,10.6,3.0,4.0,18,0.0,0.0,2.0,3
170971,0,0,0.059382771418328456,4.0,99.2,24.8,5.0,5.0,11,0.0,0.0,10.0,4
170976,0,0,0.22484817933146373,2.0,29.9,14.95,4.0,3.0,6,0.0,0.0,1.0,4
170984,0,0,0.16406105374133206,6.0,70.2,11.700000000000001,4.5,7.0,15,0.0,0.0,6.0,3
170986,0,0,0.050697439678773965,5.0,145.8,29.160000000000004,4.0,6.0,15,0.0,0.0,9.0,4
170991,0,0,0.2010232494490056,3.0,42.5,14.166666666666666,2.3333333333333335,4.0,11,0.0,0.0,4.0,4
170997,0,0,0.2366044069602547,1.0,42.1,42.1,3.0,2.0,1,0.0,0.0,0.0,4
170998,0,0,0.2300249513551584,1.0,37.5,37.5,3.0,2.0,14,0.0,0.0,1.0,2
170999,0,0,0.13625880184016184,4.0,113.3,28.325,3.75,5.0,5,0.0,0.0,1.0,1
171010,0,0,0.0459614385107382,5.0,174.79999999999998,34.959999999999994,6.2,9.0,18,0.0,0.0,5.0,3
171018,0,0,0.20874422732064285,2.0,27.6,13.8,4.0,3.0,5,0.0,0.0,2.0,4
171024,0,0,0.13991369923204058,4.0,74.4,18.6,3.5,5.0,10,0.0,0.0,5.0,1
171031,0,0,0.05005353729038429,5.0,187.8,37.56,3.8,7.0,18,0.0,0.0,5.0,3
171032,0,0,0.06979422552557153,5.0,121.9,24.380000000000003,4.0,6.0,6,0.0,0.0,8.0,4
171034,0,0,0.0670266784870352,8.0,196.6,24.575,4.875,8.0,10,0.0,0.0,4.0,4
171036,1,0,0.27174699300687516,1.0,22.7,22.7,2.0,2.0,4,0.0,0.0,0.0,1
171038,1,0,0.17156904966964603,4.0,44.400000000000006,11.100000000000001,3.5,5.0,14,0.0,0.0,6.0,2
171039,1,0,0.29767968823952073,2.0,5.1,2.55,2.5,3.0,10,0.0,0.0,1.0,4
171041,0,0,0.11037182104338655,6.0,116.7,19.45,4.666666666666667,6.0,13,0.0,0.0,5.0,1
171046,0,0,0.23285228771160416,5.0,85.9,17.18,3.2,6.0,15,0.0,0.0,0.0,1
171064,0,0,0.1939631578137635,1.0,10.0,10.0,6.0,2.0,1,0.0,0.0,1.0,1
171067,0,0,0.0366820264471754,4.0,143.9,35.975,6.0,5.0,4,0.0,0.0,9.0,4
171082,0,0,0.10836233879319648,6.0,138.1,23.016666666666666,3.5,6.0,12,0.0,0.0,4.0,4
171084,0,0,0.23377747928862955,2.0,22.3,11.15,3.0,3.0,7,0.0,0.0,2.0,3
171087,0,0,0.21711717321819948,4.0,66.1,16.525,3.75,5.0,15,0.0,0.0,1.0,1
171088,0,0,0.16336778755503084,2.0,45.0,22.5,6.5,3.0,2,0.0,0.0,1.0,2
171089,1,0,0.32945805037261877,2.0,8.3,4.15,1.5,3.0,6,0.0,0.0,0.0,2
171103,0,0,0.23279539013417755,1.0,25.9,25.9,4.0,2.0,3,0.0,0.0,0.0,1
171112,0,0,0.20387163304514191,3.0,58.5,19.5,4.666666666666667,4.0,2,0.0,0.0,0.0,4
171125,0,0,0.15793872951966612,4.0,70.9,17.725,4.75,5.0,8,0.0,0.0,3.0,3
171126,0,0,0.059189204092222926,4.0,176.6,44.15,3.25,6.0,18,0.0,0.0,4.0,2
171127,0,0,0.027908555792040907,5.0,170.1,34.019999999999996,6.0,6.0,7,0.0,0.0,10.0,2
171135,0,0,0.2563782554184433,2.0,25.0,12.5,3.5,3.0,1,0.0,0.0,0.0,3
171140,0,0,0.18591528129488402,5.0,55.400000000000006,11.080000000000002,2.8,6.0,11,0.0,0.0,6.0,4
171146,0,0,0.028241875643245946,6.0,184.7,30.78333333333333,4.666666666666667,6.0,11,0.0,0.0,11.0,4
171148,0,0,0.27062849541318074,1.0,8.0,8.0,3.0,2.0,5,0.0,0.0,0.0,4
171152,0,0,0.266928347239431,1.0,8.0,8.0,3.0,2.0,1,0.0,0.0,0.0,4
171163,0,0,0.14805420579344022,3.0,66.1,22.03333333333333,5.666666666666667,4.0,5,0.0,0.0,2.0,2
171175,0,0,0.23917538437995164,1.0,22.3,22.3,4.0,2.0,4,0.0,0.0,0.0,4
171178,0,0,0.22776536032786693,4.0,63.3,15.825,4.25,5.0,8,0.0,0.0,0.0,1
171192,0,0,0.2869183129167855,2.0,25.5,12.75,2.0,3.0,4,0.0,0.0,0.0,4
171193,1,0,0.25585728797870333,3.0,43.8,14.6,3.3333333333333335,4.0,8,0.0,0.0,0.0,2
171195,0,0,0.3177446910638041,2.0,23.8,11.9,1.0,3.0,12,0.0,0.0,0.0,4
171207,0,0,0.19776335873173026,2.0,28.4,14.2,4.5,3.0,3,0.0,0.0,2.0,3
171213,0,0,0.24157486947787482,3.0,28.9,9.633333333333333,3.6666666666666665,7.0,18,0.0,0.0,2.0,1
171216,0,0,0.19986697900456232,4.0,73.9,18.475,3.75,5.0,9,0.0,0.0,1.0,3
171221,1,0,0.3144673029490993,3.0,33.9,11.299999999999999,1.3333333333333333,4.0,6,0.0,0.0,0.0,4
171225,0,0,0.28613932560484606,3.0,29.5,9.833333333333334,3.6666666666666665,4.0,17,0.0,0.0,0.0,1
171228,0,0,0.06120255602978085,6.0,187.9,31.316666666666666,5.333333333333333,6.0,11,1.0,4.99,3.0,1
171229,0,0,0.10168582448907365,2.0,80.6,40.3,5.5,3.0,2,0.0,0.0,4.0,4
171231,0,0,0.284252920815912,1.0,30.2,30.2,1.0,2.0,2,0.0,0.0,0.0,4
171236,0,0,0.2802523463002635,1.0,12.6,12.6,2.0,2.0,0,0.0,0.0,0.0,4
171241,0,0,0.08957764400801636,5.0,143.3,28.660000000000004,5.8,6.0,12,0.0,0.0,2.0,2
171246,0,0,0.15782540506266332,6.0,101.3,16.883333333333333,4.333333333333333,6.0,6,0.0,0.0,3.0,4
171248,0,0,0.15088347166156252,4.0,67.3,16.825,2.25,5.0,8,0.0,0.0,6.0,4
171254,0,0,0.19929480909291106,3.0,61.3,20.433333333333334,4.666666666666667,4.0,4,0.0,0.0,0.0,2
171255,1,0,0.28233966858225495,3.0,19.4,6.466666666666666,2.6666666666666665,6.0,18,0.0,0.0,2.0,4
171261,0,0,0.03450807608486419,5.0,160.3,32.06,4.8,6.0,7,0.0,0.0,10.0,1
171275,0,0,0.26389054487538105,4.0,30.999999999999996,7.749999999999999,2.75,5.0,14,0.0,0.0,3.0,2
171287,0,0,0.22827508055839954,3.0,28.9,9.633333333333333,3.3333333333333335,4.0,15,0.0,0.0,3.0,1
171292,0,0,0.2120724061305689,2.0,43.400000000000006,21.700000000000003,4.5,3.0,2,0.0,0.0,0.0,4
171302,0,0,0.2015086961606739,3.0,72.1,24.03333333333333,3.3333333333333335,4.0,4,0.0,0.0,0.0,2
171328,0,0,0.1926903621785781,1.0,36.4,36.4,5.0,2.0,3,0.0,0.0,1.0,4
171329,0,0,0.02475111812693876,7.0,187.5,26.785714285714285,3.857142857142857,7.0,13,0.0,0.0,14.0,4
171330,0,0,0.10121721447175124,6.0,167.0,27.833333333333332,2.8333333333333335,6.0,10,0.0,0.0,2.0,1
171335,0,0,0.16349778184815134,2.0,83.5,41.75,2.0,3.0,7,0.0,0.0,2.0,4
171344,0,0,0.20926624345874315,2.0,51.5,25.75,1.5,3.0,4,0.0,0.0,2.0,1
171346,0,0,0.2273149765482419,2.0,7.8,3.9,2.5,3.0,8,0.0,0.0,4.0,4
171367,0,0,0.07014172706575478,7.0,140.3,20.042857142857144,4.0,7.0,11,0.0,0.0,9.0,4
171372,0,0,0.18864279009752197,2.0,46.900000000000006,23.450000000000003,4.5,3.0,1,0.0,0.0,1.0,4
171396,0,0,0.21793594555248624,4.0,57.5,14.375,4.25,5.0,4,0.0,0.0,1.0,3
171403,0,0,0.06264178712652575,5.0,118.0,23.6,3.8,6.0,15,0.0,0.0,10.0,4
171408,0,0,0.1637495870859003,2.0,15.2,7.6,6.0,3.0,5,0.0,0.0,4.0,4
171424,0,0,0.2577040594526349,1.0,14.2,14.2,3.0,2.0,0,0.0,0.0,0.0,1
171425,0,0,0.12332317570183211,4.0,83.5,20.875,2.75,5.0,6,0.0,0.0,6.0,4
171426,1,0,0.23382898318327439,3.0,38.7,12.9,1.6666666666666667,4.0,7,0.0,0.0,3.0,4
171434,0,0,0.010125738040300005,6.0,201.20000000000002,33.53333333333334,6.833333333333333,6.0,14,0.0,0.0,17.0,4
171447,0,0,0.24341296841293497,2.0,26.5,13.25,4.0,3.0,1,0.0,0.0,0.0,1
171457,0,0,0.32330739690472976,1.0,2.3,2.3,1.0,4.0,17,0.0,0.0,0.0,3
171459,0,0,0.0993283591802284,4.0,118.1,29.525,5.0,5.0,10,0.0,0.0,3.0,3
171468,0,0,0.30570513936792904,3.0,30.0,10.0,1.6666666666666667,4.0,9,1.0,1.99,1.0,4
171480,0,0,0.3290251686535762,4.0,30.1,7.525,2.75,5.0,7,0.0,0.0,0.0,3
171487,0,0,0.13886380770635673,4.0,106.30000000000001,26.575000000000003,3.25,5.0,5,0.0,0.0,2.0,3
171498,0,0,0.2388426781138903,1.0,2.9,2.9,5.0,2.0,4,0.0,0.0,0.0,4
171502,0,0,0.17997371860872455,2.0,52.0,26.0,3.5,3.0,2,0.0,0.0,2.0,4
171508,0,0,0.24160701158193998,1.0,13.6,13.6,4.0,2.0,1,0.0,0.0,0.0,1
171521,0,0,0.16270348106733246,7.0,127.4,18.2,3.857142857142857,9.0,16,0.0,0.0,2.0,3
171523,0,0,0.2440653777504464,3.0,37.0,12.333333333333334,2.3333333333333335,4.0,5,0.0,0.0,2.0,4
171527,0,0,0.22514518766981081,3.0,41.7,13.9,3.0,4.0,9,0.0,0.0,2.0,1
171529,0,0,0.16709606919845826,3.0,61.7,20.566666666666666,3.0,4.0,18,0.0,0.0,4.0,4
171542,0,0,0.06261779782539717,5.0,173.5,34.7,5.2,8.0,18,0.0,0.0,3.0,1
171549,0,0,0.17689274350127682,3.0,59.8,19.933333333333334,2.3333333333333335,6.0,18,0.0,0.0,4.0,4
171550,1,0,0.18474820240945727,2.0,40.7,20.35,2.5,4.0,16,0.0,0.0,4.0,4
171552,0,0,0.17812222487424206,4.0,92.0,23.0,3.0,5.0,8,0.0,0.0,1.0,1
171563,1,0,0.30071541974195704,2.0,17.0,8.5,2.0,3.0,5,0.0,0.0,0.0,1
171567,0,0,0.19305847048355093,2.0,65.8,32.9,2.5,3.0,3,0.0,0.0,1.0,4
171572,0,0,0.23376632454383092,4.0,59.2,14.8,2.25,5.0,10,0.0,0.0,2.0,4
171576,0,0,0.2773798107336277,1.0,12.1,12.1,1.0,2.0,3,0.0,0.0,1.0,1
171588,0,0,0.20961887030421852,5.0,71.3,14.26,3.8,6.0,9,0.0,0.0,2.0,2
171599,0,0,0.2631700717084653,2.0,16.8,8.4,4.0,3.0,2,0.0,0.0,0.0,4
171610,0,0,0.21279174103389317,1.0,8.5,8.5,4.0,2.0,7,0.0,0.0,2.0,2
171612,0,0,0.24723455914532458,1.0,28.3,28.3,2.0,2.0,6,0.0,0.0,1.0,1
171617,1,0,0.30348167681137705,4.0,40.2,10.05,2.0,5.0,14,0.0,0.0,1.0,3
171621,0,0,0.21800041329846154,5.0,69.4,13.88,3.6,6.0,12,0.0,0.0,2.0,1
171623,0,0,0.2218502175467769,1.0,21.2,21.2,5.0,2.0,2,0.0,0.0,0.0,4
171627,0,0,0.254829201205656,2.0,15.9,7.95,4.5,3.0,1,0.0,0.0,0.0,4
171660,0,0,0.22334638035580082,3.0,55.1,18.366666666666667,2.6666666666666665,4.0,3,0.0,0.0,1.0,4
171664,0,0,0.26729118162100285,1.0,9.6,9.6,3.0,2.0,3,0.0,0.0,0.0,4
171665,0,0,0.19109594375074965,1.0,56.1,56.1,5.0,2.0,0,0.0,0.0,0.0,1
171669,0,0,0.20289990800926455,1.0,41.3,41.3,5.0,2.0,1,0.0,0.0,0.0,1
171673,0,0,0.0785899445192067,6.0,115.8,19.3,4.0,6.0,9,0.0,0.0,9.0,4
171686,0,0,0.14107940048977782,3.0,91.3,30.433333333333334,3.3333333333333335,4.0,2,1.0,49.99,1.0,3
171688,1,0,0.1906847493305375,5.0,61.9,12.379999999999999,4.2,6.0,11,1.0,9.99,4.0,3
171697,0,0,0.26815426919285607,3.0,36.699999999999996,12.233333333333333,3.3333333333333335,4.0,7,0.0,0.0,0.0,1
171704,0,0,0.19225346330741236,3.0,56.099999999999994,18.7,1.6666666666666667,5.0,17,0.0,0.0,4.0,4
171707,1,0,0.2920080771428004,3.0,22.299999999999997,7.433333333333333,2.6666666666666665,4.0,11,0.0,0.0,1.0,1
171714,0,0,0.18698449274528298,2.0,58.9,29.45,2.5,3.0,8,0.0,0.0,2.0,1
171715,0,0,0.02402107071085968,7.0,231.9,33.128571428571426,5.571428571428571,9.0,16,0.0,0.0,8.0,2
171721,0,0,0.15812107018735447,4.0,75.3,18.825,5.25,5.0,4,0.0,0.0,2.0,4
171723,0,0,0.18248032913579038,1.0,4.2,4.2,4.0,2.0,9,0.0,0.0,4.0,2
171726,0,0,0.028007254634854015,6.0,150.8,25.133333333333336,4.333333333333333,7.0,15,0.0,0.0,15.0,3
171735,0,0,0.23167744129117168,1.0,2.1,2.1,3.0,2.0,2,0.0,0.0,2.0,4
171736,1,0,0.23817665155474593,2.0,24.799999999999997,12.399999999999999,2.5,3.0,6,0.0,0.0,2.0,4
171743,0,0,0.23390894792338354,3.0,50.5,16.833333333333332,3.6666666666666665,4.0,4,0.0,0.0,0.0,2
171759,0,0,0.21921490532062518,3.0,28.900000000000002,9.633333333333335,4.666666666666667,4.0,4,0.0,0.0,2.0,4
171761,0,0,0.11611623550192902,3.0,81.6,27.2,6.333333333333333,4.0,11,1.0,9.98,3.0,3
171762,0,0,0.26270292679265844,2.0,17.3,8.65,3.0,3.0,8,0.0,0.0,1.0,2
171785,0,0,0.23295750574998164,1.0,45.4,45.4,3.0,2.0,0,0.0,0.0,0.0,4
171788,0,0,0.2064560063897916,1.0,40.9,40.9,2.0,4.0,16,0.0,0.0,3.0,4
171804,0,0,0.2912299458103678,1.0,5.2,5.2,2.0,2.0,4,0.0,0.0,0.0,4
171805,0,0,0.27774787762108555,2.0,24.3,12.15,2.0,4.0,17,0.0,0.0,1.0,4
171832,0,0,0.2749210287193698,4.0,51.9,12.975,3.0,5.0,10,0.0,0.0,0.0,1
171836,1,0,0.2584047477419253,2.0,47.5,23.75,1.5,3.0,5,0.0,0.0,0.0,4
171841,0,0,0.22038692432621412,2.0,40.7,20.35,3.0,3.0,2,0.0,0.0,1.0,3
171853,0,0,0.009408920527232006,11.0,283.5,25.772727272727273,6.181818181818182,10.0,13,1.0,19.99,16.0,4
171859,0,0,0.3339670502448292,2.0,11.4,5.7,1.5,5.0,17,0.0,0.0,0.0,4
171861,0,0,0.15169820952462512,3.0,90.6,30.2,2.6666666666666665,4.0,9,1.0,19.99,2.0,1
171862,0,0,0.2000432979448756,1.0,27.9,27.9,4.0,2.0,8,0.0,0.0,2.0,4
171865,0,0,0.1565874995300313,2.0,34.9,17.45,4.0,4.0,16,0.0,0.0,5.0,4
171866,0,0,0.2606195156604195,3.0,31.199999999999996,10.399999999999999,2.3333333333333335,4.0,11,0.0,0.0,2.0,4
171867,0,0,0.31376144526020566,3.0,37.0,12.333333333333334,1.3333333333333333,4.0,14,0.0,0.0,0.0,2
171876,0,0,0.257698015278997,1.0,17.1,17.1,3.0,2.0,0,0.0,0.0,0.0,4
171886,0,0,0.18462719419737206,1.0,26.2,26.2,5.0,2.0,7,0.0,0.0,2.0,2
171890,0,0,0.21067025344234297,2.0,35.6,17.8,4.0,3.0,1,0.0,0.0,1.0,2
171891,0,0,0.2159737028698204,4.0,46.9,11.725,3.5,5.0,8,0.0,0.0,3.0,4
171894,0,0,0.2616216224889967,2.0,33.0,16.5,2.5,3.0,3,0.0,0.0,0.0,2
171895,0,0,0.2508188088228641,2.0,15.5,7.75,2.5,3.0,3,0.0,0.0,2.0,4
171902,0,0,0.3020421674278437,2.0,27.3,13.65,1.0,3.0,3,0.0,0.0,0.0,4
171906,0,0,0.11593678580984056,3.0,88.80000000000001,29.600000000000005,5.0,4.0,3,0.0,0.0,3.0,4
171907,0,0,0.2561530642868944,1.0,20.9,20.9,3.0,2.0,5,0.0,0.0,0.0,1
171908,0,0,0.08875947272655867,5.0,114.0,22.8,5.0,8.0,18,0.0,0.0,6.0,4
171911,0,0,0.055105258328338604,5.0,192.70000000000002,38.540000000000006,4.2,6.0,10,0.0,0.0,3.0,4
171914,0,0,0.027401413589052976,7.0,228.0,32.57142857142857,4.571428571428571,8.0,15,1.0,49.99,7.0,2
171921,0,0,0.16336307678311096,2.0,59.9,29.95,4.0,3.0,2,0.0,0.0,2.0,4
171928,1,0,0.2586604958709111,3.0,53.3,17.766666666666666,2.3333333333333335,4.0,11,0.0,0.0,0.0,3
171931,1,0,0.23593297792868567,4.0,46.300000000000004,11.575000000000001,2.25,5.0,7,0.0,0.0,3.0,3
171933,0,0,0.2659949171561866,5.0,58.099999999999994,11.62,3.6,6.0,15,0.0,0.0,1.0,3
171934,0,0,0.1936264015145467,1.0,33.2,33.2,5.0,2.0,3,0.0,0.0,1.0,2
171947,0,0,0.003238188198421356,7.0,284.9,40.699999999999996,5.285714285714286,9.0,17,0.0,0.0,21.0,4
171957,0,0,0.24072006536617374,1.0,54.2,54.2,2.0,2.0,1,0.0,0.0,0.0,1
171960,0,0,0.24229786951066418,1.0,14.7,14.7,4.0,2.0,0,0.0,0.0,0.0,4
171962,0,0,0.25537955618191227,2.0,10.3,5.15,2.0,6.0,17,0.0,0.0,3.0,3
171964,0,0,0.06529119831958105,6.0,123.6,20.599999999999998,3.0,6.0,13,0.0,0.0,11.0,4
171965,0,0,0.1337486719971131,5.0,109.5,21.9,3.8,6.0,12,1.0,19.99,3.0,3
171974,0,0,0.21691018560474182,2.0,21.1,10.55,4.0,3.0,6,0.0,0.0,2.0,1
171979,0,0,0.2414896635358829,1.0,14.7,14.7,4.0,2.0,1,0.0,0.0,0.0,2
171987,0,0,0.2293526797674577,2.0,36.0,18.0,3.0,3.0,6,0.0,0.0,1.0,1
171992,0,0,0.2936616309134846,1.0,22.5,22.5,1.0,2.0,4,0.0,0.0,0.0,4
172012,0,0,0.19419763602255355,1.0,14.6,14.6,6.0,2.0,4,0.0,0.0,1.0,3
172017,0,0,0.20550493740021214,2.0,74.6,37.3,2.5,4.0,16,0.0,0.0,0.0,2
172019,0,0,0.12369284510539297,3.0,128.89999999999998,42.96666666666666,3.6666666666666665,4.0,12,0.0,0.0,0.0,1
172021,0,0,0.1605811640167214,5.0,69.6,13.919999999999998,3.2,7.0,17,0.0,0.0,6.0,4
172025,0,0,0.201469932048916,3.0,40.4,13.466666666666667,3.6666666666666665,4.0,10,0.0,0.0,3.0,4
172030,0,0,0.13974854933054948,3.0,52.8,17.599999999999998,6.666666666666667,4.0,6,0.0,0.0,3.0,1
172031,0,0,0.12031360360963667,4.0,100.30000000000001,25.075000000000003,3.5,5.0,8,0.0,0.0,4.0,3
172034,0,0,0.03220607104128552,4.0,121.1,30.275,3.5,6.0,15,0.0,0.0,15.0,4
172038,0,0,0.11495387623845398,6.0,125.60000000000001,20.933333333333334,3.1666666666666665,6.0,14,0.0,0.0,5.0,2
172047,0,0,0.2232486464025344,1.0,15.6,15.6,5.0,2.0,1,0.0,0.0,0.0,1
172052,0,0,0.17778539214753408,2.0,54.1,27.05,5.0,3.0,12,0.0,0.0,1.0,1
172055,0,0,0.21278534912185543,1.0,9.8,9.8,6.0,2.0,2,0.0,0.0,0.0,1
172063,0,0,0.2131719951333851,1.0,30.0,30.0,5.0,2.0,0,0.0,0.0,0.0,4
172066,0,0,0.14041878469688515,3.0,60.0,20.0,4.0,4.0,14,0.0,0.0,5.0,4
172070,0,0,0.2451482083452106,1.0,6.2,6.2,5.0,3.0,16,0.0,0.0,0.0,4
172081,1,0,0.28846517195003013,2.0,19.099999999999998,9.549999999999999,1.5,3.0,10,0.0,0.0,1.0,1
172092,0,0,0.16331998678523527,6.0,72.7,12.116666666666667,4.166666666666667,6.0,13,0.0,0.0,6.0,2
172094,0,0,0.2582914851485352,3.0,18.4,6.133333333333333,3.6666666666666665,4.0,7,0.0,0.0,2.0,4
172099,0,0,0.10515271661441686,2.0,115.69999999999999,57.849999999999994,3.0,3.0,3,0.0,0.0,3.0,4
172134,0,0,0.1459850438706665,4.0,98.0,24.5,4.0,5.0,12,0.0,0.0,2.0,4
172136,0,0,0.27410044807041034,1.0,2.3,2.3,3.0,2.0,3,0.0,0.0,0.0,4
172140,0,0,0.09650397050987329,5.0,143.9,28.78,4.8,6.0,12,0.0,0.0,2.0,1
172143,0,0,0.24306979993182176,3.0,24.2,8.066666666666666,3.0,5.0,16,0.0,0.0,3.0,2
172146,0,0,0.26097651351806544,1.0,18.5,18.5,3.0,2.0,6,0.0,0.0,0.0,3
172151,0,0,0.26212337536740715,1.0,20.2,20.2,3.0,2.0,8,0.0,0.0,0.0,4
172154,0,0,0.0993044180805519,5.0,122.6,24.52,3.8,6.0,15,0.0,0.0,5.0,4
172156,0,0,0.17329916254510733,3.0,54.5,18.166666666666668,4.0,4.0,8,0.0,0.0,3.0,4
172157,0,0,0.18004307801063632,2.0,26.7,13.35,2.5,3.0,5,0.0,0.0,5.0,4
172166,1,0,0.23228598935619393,3.0,43.5,14.5,2.6666666666666665,4.0,12,0.0,0.0,2.0,4
172170,0,0,0.12023285717614494,2.0,82.4,41.2,4.5,3.0,4,0.0,0.0,3.0,2
172173,0,0,0.08683886245949961,4.0,122.4,30.6,4.75,5.0,9,0.0,0.0,4.0,1
172179,0,0,0.19558604600169416,1.0,52.9,52.9,5.0,2.0,0,0.0,0.0,0.0,4
172190,0,0,0.23297923049078556,1.0,5.8,5.8,5.0,2.0,0,0.0,0.0,0.0,4
172198,0,0,0.2266981992075585,1.0,31.2,31.2,4.0,2.0,1,0.0,0.0,0.0,1
172203,0,0,0.32017760946283097,3.0,8.7,2.9,3.6666666666666665,4.0,3,0.0,0.0,0.0,4
172216,0,0,0.25504923229810983,1.0,5.6,5.6,3.0,2.0,9,0.0,0.0,1.0,4
172217,0,0,0.1504347537110879,3.0,61.4,20.466666666666665,3.6666666666666665,4.0,6,0.0,0.0,4.0,2
172223,0,0,0.13595787764699374,2.0,53.699999999999996,26.849999999999998,3.5,3.0,5,0.0,0.0,5.0,4
172226,0,0,0.14631352547753557,4.0,90.5,22.625,4.75,5.0,10,0.0,0.0,2.0,4
172227,0,0,0.0552445935853714,7.0,191.6,27.37142857142857,3.857142857142857,8.0,16,0.0,0.0,6.0,2
172232,0,0,0.09908662579490796,4.0,91.2,22.8,3.75,5.0,15,0.0,0.0,7.0,4
172233,0,0,0.2080313226434911,3.0,55.9,18.633333333333333,2.6666666666666665,4.0,9,0.0,0.0,2.0,4
172245,0,0,0.24530640105479398,2.0,16.599999999999998,8.299999999999999,4.0,3.0,8,0.0,0.0,1.0,1
172255,0,0,0.13889198803972036,4.0,84.4,21.1,3.75,5.0,11,0.0,0.0,4.0,3
172268,1,0,0.12150160848141983,3.0,91.1,30.366666666666664,5.666666666666667,4.0,11,0.0,0.0,2.0,2
172270,0,0,0.22788714183929032,2.0,32.0,16.0,4.0,4.0,16,0.0,0.0,1.0,3
172280,0,0,0.22273714509270032,1.0,7.3,7.3,6.0,2.0,9,0.0,0.0,0.0,4
172293,0,0,0.20742807492757723,2.0,34.1,17.05,4.5,3.0,2,0.0,0.0,1.0,4
172298,0,0,0.21294816859179436,1.0,17.5,17.5,6.0,2.0,8,0.0,0.0,0.0,3
172312,1,0,0.30907907961148195,1.0,7.0,7.0,1.0,2.0,4,0.0,0.0,0.0,4
172314,0,0,0.27789215330316547,3.0,21.1,7.033333333333334,3.3333333333333335,4.0,4,0.0,0.0,1.0,4
172328,0,0,0.22266979463210254,2.0,7.300000000000001,3.6500000000000004,5.0,3.0,6,0.0,0.0,2.0,2
172330,0,0,0.3076760182284238,1.0,6.4,6.4,1.0,2.0,2,0.0,0.0,0.0,4
172343,0,0,0.14186783062940872,2.0,49.0,24.5,4.5,3.0,3,0.0,0.0,4.0,4
172345,0,0,0.15836130746553612,4.0,97.2,24.3,4.0,5.0,8,0.0,0.0,1.0,3
172358,0,0,0.214562972697716,3.0,63.6,21.2,2.3333333333333335,4.0,4,0.0,0.0,1.0,4
172363,0,0,0.22894937604619128,1.0,52.2,52.2,3.0,2.0,3,0.0,0.0,0.0,3
172366,0,0,0.2058864213801722,3.0,81.5,27.166666666666668,1.3333333333333333,4.0,14,0.0,0.0,1.0,2
172386,0,0,0.24271672978848505,2.0,12.0,6.0,3.5,3.0,7,0.0,0.0,2.0,4
172393,0,0,0.19814178269174781,2.0,47.3,23.65,1.5,3.0,5,0.0,0.0,3.0,1
172396,0,0,0.19913962889916606,5.0,73.0,14.6,3.6,6.0,17,0.0,0.0,3.0,4
172406,0,0,0.2348281044952946,2.0,43.6,21.8,2.0,3.0,7,0.0,0.0,1.0,1
172410,0,0,0.19111755967754773,3.0,33.9,11.299999999999999,4.0,4.0,12,0.0,0.0,4.0,4
172415,0,0,0.16521369831514757,4.0,61.6,15.4,6.25,5.0,6,0.0,0.0,2.0,1
172416,0,0,0.29213795632204387,3.0,39.5,13.166666666666666,2.3333333333333335,5.0,17,0.0,0.0,0.0,4
172421,0,0,0.031342287971600095,8.0,209.2,26.15,4.875,9.0,15,0.0,0.0,10.0,4
172427,0,0,0.23244604541848757,2.0,45.4,22.7,3.0,3.0,2,0.0,0.0,0.0,3
172429,1,0,0.29891268155503453,2.0,30.4,15.2,1.5,4.0,17,0.0,0.0,0.0,4
172439,0,0,0.1980118451870362,2.0,28.099999999999998,14.049999999999999,2.5,3.0,11,0.0,0.0,4.0,2
172442,0,0,0.02346435103352551,7.0,211.4,30.2,4.714285714285714,7.0,10,0.0,0.0,11.0,2
172452,1,0,0.18597023892554743,3.0,44.0,14.666666666666666,4.333333333333333,4.0,10,0.0,0.0,3.0,4
172453,0,0,0.261855071837739,2.0,22.299999999999997,11.149999999999999,3.5,3.0,1,0.0,0.0,0.0,4
172457,0,0,0.22806097952724547,1.0,11.7,11.7,5.0,2.0,1,0.0,0.0,0.0,3
172460,0,0,0.28749028879264227,1.0,4.1,4.1,2.0,2.0,0,0.0,0.0,0.0,3
172485,0,0,0.2882269845503059,1.0,5.3,5.3,2.0,2.0,1,0.0,0.0,0.0,4
172488,0,0,0.28346974369535366,2.0,17.6,8.8,2.0,3.0,9,0.0,0.0,1.0,4
172495,0,0,0.048492752420262616,9.0,178.8,19.866666666666667,3.3333333333333335,9.0,15,0.0,0.0,12.0,4
172500,0,0,0.17191887208193543,2.0,44.6,22.3,5.0,3.0,7,0.0,0.0,2.0,3
172509,0,0,0.02982101763714477,5.0,163.7,32.739999999999995,3.0,6.0,15,0.0,0.0,13.0,4
172515,0,0,0.15746431806187797,3.0,36.4,12.133333333333333,5.0,4.0,11,0.0,0.0,5.0,4
172522,0,0,0.21819216934972294,2.0,25.5,12.75,3.5,3.0,5,0.0,0.0,2.0,2
172527,0,0,0.23883603031092426,1.0,4.9,4.9,5.0,2.0,6,0.0,0.0,0.0,4
172549,0,0,0.28118674809474037,1.0,33.4,33.4,1.0,2.0,2,0.0,0.0,0.0,4
172551,0,0,0.06521789979958374,4.0,150.2,37.55,4.75,5.0,5,0.0,0.0,4.0,4
172567,0,0,0.10814475048474223,5.0,144.5,28.9,4.8,6.0,14,0.0,0.0,1.0,4
172570,0,0,0.1746982858752481,3.0,99.39999999999999,33.13333333333333,2.6666666666666665,4.0,11,0.0,0.0,0.0,4
172581,0,0,0.10207587114880502,6.0,82.6,13.766666666666666,3.8333333333333335,6.0,10,0.0,0.0,10.0,2
172584,0,0,0.12438546730324918,5.0,112.1,22.419999999999998,3.2,6.0,10,0.0,0.0,4.0,2
172593,0,0,0.22033252074230703,2.0,59.5,29.75,2.5,3.0,3,0.0,0.0,0.0,4
172601,0,0,0.2711723353475418,1.0,2.5,2.5,3.0,2.0,2,0.0,0.0,0.0,2
172604,0,0,0.14610828254701805,5.0,56.0,11.2,3.6,6.0,14,0.0,0.0,8.0,4
172605,0,0,0.3134561783681481,2.0,6.0,3.0,2.5,3.0,4,0.0,0.0,0.0,4
172609,0,0,0.2439183988394446,3.0,48.5,16.166666666666668,2.6666666666666665,4.0,14,0.0,0.0,1.0,3
172616,0,0,0.2433709886019483,2.0,24.6,12.3,3.0,3.0,1,0.0,0.0,1.0,1
172621,0,0,0.1293549160222451,2.0,60.5,30.25,4.5,3.0,2,0.0,0.0,4.0,4
172629,0,0,0.24258791618532322,2.0,39.8,19.9,2.0,3.0,6,0.0,0.0,1.0,4
172632,0,0,0.018698759815076575,8.0,267.6,33.45,4.0,8.0,11,0.0,0.0,9.0,2
172634,0,0,0.3050920734931017,2.0,16.4,8.2,1.0,3.0,9,0.0,0.0,1.0,4
172636,0,0,0.11638801571280702,5.0,102.0,20.4,4.0,6.0,7,0.0,0.0,5.0,4
172639,0,0,0.046521939261434705,4.0,133.5,33.375,5.75,5.0,4,0.0,0.0,8.0,4
172641,0,0,0.19586766394264563,2.0,44.0,22.0,2.5,4.0,16,0.0,0.0,3.0,2
172645,0,0,0.1119074583447856,4.0,104.2,26.05,5.0,5.0,5,0.0,0.0,3.0,4
172646,0,0,0.27775051246356164,2.0,18.299999999999997,9.149999999999999,2.5,5.0,17,0.0,0.0,1.0,4
172647,0,0,0.29263205554817645,1.0,2.8,2.8,2.0,2.0,4,0.0,0.0,0.0,3
172655,0,0,0.29191828212841886,4.0,45.5,11.375,2.0,6.0,15,0.0,0.0,1.0,4
172656,1,0,0.1797158230190469,4.0,89.30000000000001,22.325000000000003,2.5,6.0,18,0.0,0.0,2.0,2
172659,0,0,0.14522049611372118,5.0,128.4,25.68,3.0,6.0,11,0.0,0.0,1.0,4
172667,1,0,0.21783221312999188,4.0,58.6,14.65,3.25,5.0,12,0.0,0.0,2.0,1
172669,0,0,0.2487605773843148,3.0,51.1,17.033333333333335,2.0,4.0,11,0.0,0.0,1.0,4
172672,0,0,0.2360324919348354,3.0,58.0,19.333333333333332,2.6666666666666665,4.0,3,0.0,0.0,0.0,2
172677,0,0,0.11799265295858408,4.0,97.2,24.3,3.25,6.0,16,0.0,0.0,5.0,3
172679,0,0,0.1281594171281299,4.0,93.30000000000001,23.325000000000003,3.5,5.0,8,0.0,0.0,4.0,2
172688,0,0,0.1838094374891449,4.0,73.39999999999999,18.349999999999998,5.25,6.0,17,0.0,0.0,1.0,3
172690,1,0,0.3308495044860463,3.0,18.6,6.2,1.6666666666666667,7.0,18,1.0,4.99,1.0,1
172697,0,0,0.24560102646739004,2.0,21.3,10.65,2.5,3.0,8,0.0,0.0,2.0,4
172705,0,0,0.22884234353078395,1.0,10.1,10.1,4.0,2.0,3,0.0,0.0,1.0,4
172707,0,0,0.19020847848325778,5.0,95.80000000000001,19.160000000000004,2.6,7.0,18,0.0,0.0,2.0,4
172710,0,0,0.0034301843418898816,6.0,271.3,45.21666666666667,6.0,6.0,10,0.0,0.0,20.0,4
172711,0,0,0.0438622730132027,5.0,157.5,31.5,3.8,6.0,7,0.0,0.0,9.0,4
172712,0,0,0.19685347919880322,6.0,72.5,12.083333333333334,3.0,8.0,16,0.0,0.0,5.0,3
172714,1,0,0.172369899862191,2.0,67.6,33.8,1.5,3.0,6,0.0,0.0,3.0,2
172715,0,0,0.2046180719276947,4.0,54.3,13.575,4.25,5.0,5,0.0,0.0,2.0,1
172725,1,0,0.1323525603099055,5.0,87.6,17.52,3.2,6.0,11,0.0,0.0,6.0,4
172730,0,0,0.009399583449352312,8.0,240.0,30.0,4.5,8.0,12,0.0,0.0,18.0,4
172740,0,0,0.22902031856238617,1.0,31.3,31.3,4.0,2.0,1,0.0,0.0,0.0,4
172741,0,0,0.2510382927572714,1.0,16.3,16.3,3.0,4.0,18,0.0,0.0,1.0,4
172750,0,0,0.30907907961148195,1.0,7.0,7.0,1.0,2.0,4,0.0,0.0,0.0,4
172751,0,0,0.27643055764167845,2.0,34.5,17.25,1.5,3.0,1,0.0,0.0,0.0,3
172775,1,0,0.1475728884948072,4.0,94.3,23.575,3.25,6.0,18,0.0,0.0,3.0,2
172795,0,0,0.31809020606212174,2.0,11.5,5.75,2.0,3.0,9,0.0,0.0,0.0,4
172803,0,0,0.11125177056499827,4.0,68.7,17.175,3.75,6.0,15,0.0,0.0,8.0,4
172804,0,0,0.2259946236431363,2.0,42.5,21.25,1.5,3.0,5,0.0,0.0,2.0,4
172808,0,0,0.25505766081969466,1.0,15.8,15.8,4.0,3.0,17,0.0,0.0,0.0,4
172823,0,0,0.25332491942891944,3.0,36.0,12.0,3.0,4.0,6,0.0,0.0,1.0,1
172824,0,0,0.17136751573656253,3.0,47.0,15.666666666666666,6.0,4.0,5,0.0,0.0,2.0,4
172847,0,0,0.21284739612455417,3.0,22.7,7.566666666666666,3.3333333333333335,4.0,3,0.0,0.0,4.0,4
172854,0,0,0.2038038414742316,2.0,56.300000000000004,28.150000000000002,2.0,3.0,13,0.0,0.0,2.0,4
172858,0,0,0.19128208539525401,4.0,93.4,23.35,2.0,5.0,9,0.0,0.0,1.0,2
172867,0,0,0.1798922244031691,3.0,61.300000000000004,20.433333333333334,4.666666666666667,6.0,17,1.0,1.99,2.0,2
172877,0,0,0.2195845840573417,5.0,65.8,13.16,2.6,6.0,6,0.0,0.0,3.0,4
172887,0,0,0.047324652153531044,7.0,209.3,29.900000000000002,3.4285714285714284,7.0,16,0.0,0.0,6.0,2
172890,0,0,0.22362601790236009,5.0,45.4,9.08,4.0,6.0,13,0.0,0.0,4.0,4
172900,0,0,0.17395255516370003,7.0,107.5,15.357142857142858,3.142857142857143,7.0,14,0.0,0.0,4.0,2
172902,1,0,0.20373838310572107,2.0,43.5,21.75,4.0,3.0,5,0.0,0.0,1.0,4
172904,0,0,0.3320475385099315,4.0,37.4,9.35,1.5,5.0,4,0.0,0.0,0.0,1
172914,0,0,0.31055463833229996,0.0,0.0,0.0,0.0,1.0,17,0.0,0.0,0.0,4
172918,0,0,0.2448108619866407,3.0,42.4,14.133333333333333,3.3333333333333335,4.0,14,0.0,0.0,1.0,4
172924,0,0,0.16096019773451598,2.0,85.3,42.65,4.5,3.0,12,0.0,0.0,0.0,1
172927,0,0,0.17073459188703785,3.0,95.89999999999999,31.966666666666665,3.0,4.0,7,0.0,0.0,0.0,1
172931,0,0,0.28540046022769644,1.0,31.0,31.0,1.0,2.0,4,0.0,0.0,0.0,4
172937,0,0,0.08749024909474333,4.0,79.7,19.925,3.75,5.0,8,0.0,0.0,9.0,2
172945,1,0,0.21413091733920067,2.0,11.7,5.85,3.0,3.0,9,0.0,0.0,4.0,4
172952,0,0,0.27575711170318606,3.0,28.700000000000003,9.566666666666668,2.6666666666666665,4.0,7,0.0,0.0,1.0,2
172963,0,0,0.18168872005838116,3.0,56.8,18.933333333333334,2.3333333333333335,5.0,17,0.0,0.0,4.0,4
172965,0,0,0.1757296161989035,2.0,17.6,8.8,2.5,3.0,7,0.0,0.0,6.0,2
172990,0,0,0.1972105256676006,3.0,35.300000000000004,11.766666666666667,2.0,4.0,10,0.0,0.0,5.0,1
172996,0,0,0.052061693338660765,5.0,155.1,31.02,3.4,6.0,8,0.0,0.0,8.0,4
173000,0,0,0.17306160081199148,3.0,77.0,25.666666666666668,3.6666666666666665,4.0,6,0.0,0.0,1.0,1
173001,0,0,0.05853040392609875,5.0,172.7,34.54,2.4,6.0,10,0.0,0.0,6.0,4
173002,1,0,0.3181713061875676,5.0,31.500000000000004,6.300000000000001,2.8,6.0,14,0.0,0.0,2.0,1
173006,0,0,0.16977137466697342,2.0,16.3,8.15,3.5,4.0,15,0.0,0.0,6.0,4
173023,0,0,0.2006931925132737,1.0,3.9,3.9,6.0,2.0,1,0.0,0.0,1.0,4
173025,0,0,0.07229394746488839,4.0,97.6,24.4,4.25,6.0,15,0.0,0.0,9.0,4
173026,0,0,0.19273010790362893,1.0,39.0,39.0,6.0,2.0,3,0.0,0.0,0.0,3
173027,0,0,0.10611907987462134,3.0,97.0,32.333333333333336,3.0,4.0,7,0.0,0.0,5.0,4
173033,0,0,0.06969403039375233,5.0,134.8,26.96,2.8,6.0,13,0.0,0.0,8.0,4
173036,0,0,0.20843527651603977,3.0,52.5,17.5,4.0,4.0,8,0.0,0.0,1.0,1
173043,0,0,0.23181829117433528,4.0,37.3,9.325,3.75,5.0,10,0.0,0.0,3.0,4
173045,1,0,0.313391891923064,2.0,24.0,12.0,1.0,3.0,11,0.0,0.0,0.0,1
173047,0,0,0.23598486993160464,4.0,51.699999999999996,12.924999999999999,3.0,5.0,12,0.0,0.0,2.0,2
173048,0,0,0.20230997301917125,2.0,45.2,22.6,2.5,3.0,1,0.0,0.0,2.0,3
173049,0,0,0.16783188001885424,3.0,58.3,19.433333333333334,5.333333333333333,4.0,13,0.0,0.0,2.0,2
173054,0,0,0.2161898252524721,5.0,70.7,14.14,3.4,6.0,6,0.0,0.0,2.0,4
173058,1,0,0.21966558241182016,3.0,44.0,14.666666666666666,3.3333333333333335,4.0,11,0.0,0.0,2.0,4
173060,0,0,0.17432311785071558,3.0,82.80000000000001,27.600000000000005,2.0,4.0,8,0.0,0.0,2.0,4
173061,0,0,0.30576700348361635,1.0,8.3,8.3,1.0,2.0,2,0.0,0.0,0.0,4
173073,0,0,0.1436264224955022,3.0,59.7,19.900000000000002,4.333333333333333,4.0,4,0.0,0.0,4.0,2
173074,0,0,0.2173564691284381,3.0,49.6,16.533333333333335,2.6666666666666665,4.0,10,0.0,0.0,2.0,1
173079,0,0,0.14091388743360217,3.0,73.1,24.366666666666664,4.333333333333333,4.0,5,0.0,0.0,3.0,2
173085,1,0,0.055851284808849364,8.0,191.2,23.9,4.25,8.0,14,0.0,0.0,7.0,3
173092,0,0,0.04808631813071545,5.0,152.6,30.52,4.6,6.0,9,0.0,0.0,8.0,3
173097,0,0,0.12157139509003657,3.0,60.1,20.033333333333335,3.3333333333333335,4.0,5,1.0,4.99,7.0,4
173119,0,0,0.28399626859951654,1.0,13.7,13.7,2.0,2.0,6,0.0,0.0,0.0,3
173126,0,0,0.24037361892088044,1.0,22.0,22.0,4.0,2.0,8,0.0,0.0,0.0,1
173137,0,0,0.12308245396716588,2.0,93.6,46.8,6.5,3.0,1,0.0,0.0,0.0,1
173141,0,0,0.12008378966817447,2.0,47.1,23.55,5.5,3.0,3,0.0,0.0,5.0,3
173147,0,0,0.3166082469312713,2.0,19.3,9.65,1.5,5.0,18,0.0,0.0,0.0,1
173161,0,0,0.20606472135437578,4.0,37.699999999999996,9.424999999999999,3.0,5.0,11,0.0,0.0,5.0,4
173163,0,0,0.1149039554785087,3.0,133.1,44.36666666666667,4.0,4.0,10,0.0,0.0,0.0,1
173167,0,0,0.23329550823136114,3.0,61.0,20.333333333333332,1.6666666666666667,4.0,8,0.0,0.0,1.0,4
173180,0,0,0.09749549408895807,6.0,122.0,20.333333333333332,3.1666666666666665,6.0,11,0.0,0.0,7.0,4
173183,0,0,0.21661600728068073,2.0,28.1,14.05,3.5,3.0,6,0.0,0.0,2.0,4
173191,0,0,0.10454812143267268,4.0,84.3,21.075,4.5,5.0,4,0.0,0.0,6.0,3
173205,0,0,0.3061167128847786,2.0,19.9,9.95,1.5,3.0,5,0.0,0.0,0.0,2
173207,0,0,0.3058701391315789,1.0,6.3,6.3,1.0,2.0,3,0.0,0.0,0.0,1
173209,0,0,0.2911274252959121,1.0,23.1,23.1,1.0,2.0,2,0.0,0.0,0.0,4
173216,0,0,0.18085341873441066,4.0,36.4,9.1,3.75,5.0,12,0.0,0.0,6.0,4
173236,0,0,0.1525745262617394,3.0,81.3,27.099999999999998,3.6666666666666665,4.0,4,0.0,0.0,2.0,4
173242,1,0,0.19148227784314492,4.0,70.4,17.6,3.5,5.0,10,0.0,0.0,2.0,1
173243,0,0,0.1380483555208856,3.0,57.1,19.033333333333335,4.333333333333333,4.0,13,0.0,0.0,5.0,1
173247,0,0,0.28544953362281145,3.0,18.1,6.033333333333334,2.6666666666666665,5.0,18,0.0,0.0,2.0,3
173251,0,0,0.1300363486225309,2.0,73.9,36.95,4.5,3.0,7,0.0,0.0,3.0,2
173264,0,0,0.29323703425744874,3.0,38.7,12.9,2.3333333333333335,4.0,15,0.0,0.0,0.0,4
173273,0,0,0.052130844895841175,5.0,170.6,34.12,4.8,6.0,5,0.0,0.0,5.0,2
173275,0,0,0.07607288832100526,5.0,163.6,32.72,4.0,6.0,9,0.0,0.0,3.0,4
173278,0,0,0.15538265865949868,3.0,66.6,22.2,6.333333333333333,4.0,6,0.0,0.0,1.0,4
173284,0,0,0.09212749558083731,5.0,84.0,16.8,4.6,6.0,14,0.0,0.0,9.0,4
173305,0,0,0.2311159885533765,1.0,27.8,27.8,4.0,2.0,0,0.0,0.0,0.0,4
173312,0,0,0.20998891944092618,2.0,76.4,38.2,1.5,3.0,2,0.0,0.0,0.0,4
173313,0,0,0.1997951675823767,3.0,60.4,20.133333333333333,2.6666666666666665,4.0,9,0.0,0.0,2.0,3
173319,0,0,0.22799104094975087,2.0,45.6,22.8,3.5,3.0,6,0.0,0.0,0.0,4
173321,0,0,0.15665505696979695,2.0,36.6,18.3,3.5,3.0,8,0.0,0.0,5.0,4
173328,0,0,0.24087698704836125,4.0,50.1,12.525,3.0,5.0,14,0.0,0.0,2.0,2
173345,0,0,0.22853757062716407,2.0,42.599999999999994,21.299999999999997,3.5,3.0,1,0.0,0.0,0.0,4
173346,0,0,0.25849829975372635,1.0,20.2,20.2,3.0,2.0,4,0.0,0.0,0.0,4
173348,0,0,0.12379297602844568,5.0,93.0,18.6,4.4,6.0,11,0.0,0.0,5.0,1
173349,0,0,0.16689594690298415,2.0,65.6,32.8,5.5,3.0,1,0.0,0.0,0.0,4
173350,0,0,0.11427426166023766,3.0,99.5,33.166666666666664,4.0,4.0,3,0.0,0.0,3.0,4
173363,0,0,0.31431501613429386,1.0,10.8,10.8,1.0,2.0,13,0.0,0.0,0.0,4
173365,0,0,0.1821104429169664,2.0,20.2,10.1,4.0,3.0,2,0.0,0.0,4.0,4
173372,0,0,0.21373999753957837,2.0,25.3,12.65,4.0,3.0,8,0.0,0.0,2.0,3
173374,0,0,0.27129416003941004,1.0,19.2,19.2,2.0,2.0,0,0.0,0.0,0.0,1
173376,0,0,0.24174682182367693,2.0,16.8,8.4,3.0,3.0,5,0.0,0.0,2.0,4
173379,0,0,0.06797749538394658,4.0,134.3,33.575,4.5,6.0,16,1.0,4.99,6.0,1
173381,0,0,0.30444991171751673,1.0,21.6,21.6,1.0,2.0,15,0.0,0.0,0.0,3
173382,0,0,0.1437218740884548,3.0,85.10000000000001,28.36666666666667,4.0,4.0,4,0.0,0.0,2.0,4
173384,0,0,0.24569097627090417,3.0,29.799999999999997,9.933333333333332,3.3333333333333335,4.0,12,0.0,0.0,2.0,3
173385,0,0,0.30544291290812253,1.0,14.6,14.6,1.0,2.0,8,0.0,0.0,0.0,4
173387,0,0,0.2656394950802939,1.0,8.4,8.4,3.0,2.0,0,0.0,0.0,0.0,4
173393,0,0,0.21385220321069504,2.0,34.5,17.25,4.0,3.0,2,0.0,0.0,1.0,3
173396,0,0,0.21486129546835495,3.0,45.8,15.266666666666666,4.666666666666667,4.0,2,1.0,1.99,1.0,4
173397,0,0,0.3046813011131041,1.0,1.4,1.4,2.0,5.0,18,0.0,0.0,0.0,4
173407,0,0,0.21922789235388596,1.0,23.2,23.2,3.0,2.0,9,0.0,0.0,2.0,3
173410,0,0,0.21241413173471085,2.0,53.7,26.85,3.5,3.0,2,0.0,0.0,0.0,4
173432,0,0,0.26973427115996834,2.0,18.0,9.0,3.0,3.0,16,0.0,0.0,1.0,3
173434,0,0,0.28699056404038925,2.0,24.400000000000002,12.200000000000001,2.0,3.0,2,0.0,0.0,0.0,4
173441,1,0,0.1737029457050189,5.0,63.400000000000006,12.680000000000001,3.8,6.0,12,0.0,0.0,5.0,1
173445,0,0,0.1389239991923031,3.0,47.400000000000006,15.800000000000002,4.333333333333333,4.0,14,0.0,0.0,6.0,4
173449,1,0,0.24640389256890938,1.0,19.9,19.9,4.0,5.0,17,0.0,0.0,0.0,1
173451,0,0,0.11725712337619758,3.0,76.5,25.5,4.0,4.0,7,0.0,0.0,5.0,3
173460,0,0,0.20801867225181814,3.0,48.0,16.0,3.3333333333333335,4.0,5,0.0,0.0,2.0,4
173468,0,0,0.2401247173818193,1.0,37.0,37.0,3.0,2.0,0,0.0,0.0,0.0,4
173471,0,0,0.08067893582085212,4.0,50.5,12.625,5.0,6.0,16,0.0,0.0,12.0,4
173475,0,0,0.2581240711033065,1.0,14.7,14.7,3.0,2.0,0,0.0,0.0,0.0,2
173478,0,0,0.2631332891245533,2.0,32.5,16.25,3.0,4.0,16,0.0,0.0,0.0,1
173501,0,0,0.28362512835218573,3.0,18.5,6.166666666666667,2.6666666666666665,5.0,16,0.0,0.0,2.0,4
173520,0,0,0.10660908138423768,3.0,98.2,32.733333333333334,3.0,5.0,15,0.0,0.0,5.0,1
173521,1,0,0.12533660470609417,5.0,66.1,13.219999999999999,5.2,6.0,9,0.0,0.0,7.0,4
173533,0,0,0.2686607663517292,3.0,34.3,11.433333333333332,1.6666666666666667,6.0,18,0.0,0.0,2.0,2
173534,0,0,0.18661790258703026,3.0,68.5,22.833333333333332,3.6666666666666665,4.0,7,0.0,0.0,1.0,1
173537,0,0,0.14476345752204595,3.0,102.5,34.166666666666664,3.6666666666666665,5.0,15,0.0,0.0,1.0,4
173538,0,0,0.1280395573379258,3.0,59.9,19.966666666666665,5.0,4.0,11,0.0,0.0,5.0,4
173544,0,0,0.24795447141789123,2.0,17.4,8.7,5.0,3.0,6,0.0,0.0,0.0,4
173547,0,0,0.24331023054540965,1.0,4.8,4.8,5.0,2.0,14,0.0,0.0,0.0,1
173552,0,0,0.27075422534359733,2.0,27.7,13.85,2.5,3.0,1,0.0,0.0,0.0,4
173553,0,0,0.26464173025680415,1.0,13.5,13.5,3.0,2.0,5,0.0,0.0,0.0,3
173558,0,0,0.1635683491753004,4.0,55.0,13.75,3.0,6.0,16,0.0,0.0,6.0,4
173559,0,0,0.25997297539936437,2.0,20.5,10.25,3.0,3.0,12,0.0,0.0,1.0,1
173560,0,0,0.1782661773669137,5.0,68.3,13.66,4.0,6.0,11,0.0,0.0,4.0,1
173561,0,0,0.1601762608651263,7.0,107.4,15.342857142857143,3.142857142857143,9.0,18,0.0,0.0,5.0,3
173569,0,0,0.17716123359587052,1.0,12.4,12.4,5.0,2.0,4,0.0,0.0,3.0,4
173575,0,0,0.22627132987238494,1.0,53.4,53.4,3.0,2.0,0,0.0,0.0,0.0,4
173581,0,0,0.11962573041560426,3.0,60.8,20.266666666666666,2.3333333333333335,4.0,14,0.0,0.0,8.0,4
173584,0,0,0.09047786477925585,4.0,110.0,27.5,3.25,5.0,4,0.0,0.0,6.0,4
173605,0,0,0.3094164784471607,3.0,28.3,9.433333333333334,2.0,4.0,3,0.0,0.0,0.0,3
173607,0,0,0.18479778568997396,3.0,45.5,15.166666666666666,4.0,4.0,5,0.0,0.0,3.0,4
173617,0,0,0.2976692316475839,1.0,25.4,25.4,1.0,2.0,11,0.0,0.0,0.0,4
173619,0,0,0.2838878475987666,2.0,15.6,7.8,3.0,3.0,3,0.0,0.0,0.0,3
173628,0,0,0.29335577388420386,2.0,24.099999999999998,12.049999999999999,2.0,3.0,8,0.0,0.0,0.0,4
173629,0,0,0.04407845614926062,4.0,169.1,42.275,4.75,5.0,8,0.0,0.0,6.0,4
173641,0,0,0.30817559165030944,1.0,6.9,6.9,1.0,2.0,3,0.0,0.0,0.0,4
173642,0,0,0.23577961953986315,1.0,0.6,0.6,5.0,2.0,1,0.0,0.0,0.0,1
173645,0,0,0.16645665182311956,2.0,57.900000000000006,28.950000000000003,4.0,3.0,3,0.0,0.0,2.0,4
173663,0,0,0.25619477945123503,2.0,16.7,8.35,1.0,3.0,5,0.0,0.0,3.0,4
173672,0,0,0.19566996339862835,1.0,33.0,33.0,6.0,2.0,0,0.0,0.0,0.0,4
173674,0,0,0.2251976013963434,2.0,31.599999999999998,15.799999999999999,5.0,3.0,6,0.0,0.0,0.0,4
173676,0,0,0.22481077318808051,1.0,22.6,22.6,5.0,2.0,8,0.0,0.0,0.0,3
173680,0,0,0.2454025359418116,3.0,32.8,10.933333333333332,2.6666666666666665,4.0,4,0.0,0.0,2.0,4
173684,0,0,0.10050653905566545,5.0,133.6,26.72,3.2,6.0,9,0.0,0.0,4.0,4
173691,0,0,0.1690450784375384,2.0,59.9,29.95,4.0,4.0,15,0.0,0.0,2.0,1
173695,0,0,0.07763325353570326,5.0,135.5,27.1,5.2,7.0,18,0.0,0.0,5.0,4
173702,0,0,0.21119157755495377,3.0,54.5,18.166666666666668,2.6666666666666665,4.0,10,0.0,0.0,2.0,4
173713,1,0,0.19048543176233518,4.0,62.3,15.575,2.5,5.0,14,0.0,0.0,4.0,4
173715,0,0,0.25877711067065234,1.0,17.9,17.9,3.0,2.0,2,0.0,0.0,0.0,4
173726,1,0,0.29620875890996234,2.0,21.0,10.5,2.5,3.0,15,0.0,0.0,0.0,4
173732,0,0,0.2628812584761999,2.0,29.3,14.65,2.0,3.0,10,0.0,0.0,1.0,3
173737,0,0,0.07737533284136003,4.0,119.5,29.875,2.0,5.0,12,0.0,0.0,8.0,4
173744,0,0,0.1904856228193888,5.0,79.1,15.819999999999999,3.0,6.0,11,0.0,0.0,3.0,1
173749,0,0,0.19415101037767177,1.0,30.8,30.8,4.0,2.0,3,0.0,0.0,2.0,4
173760,0,0,0.25188990587944154,3.0,29.3,9.766666666666667,2.0,4.0,14,0.0,0.0,3.0,4
173763,0,0,0.208971523582736,2.0,18.700000000000003,9.350000000000001,4.0,3.0,12,0.0,0.0,3.0,4
173764,0,0,0.06973025293761063,4.0,190.2,47.55,3.0,5.0,11,0.0,0.0,1.0,1
173792,0,0,0.22747672071084674,2.0,42.5,21.25,3.0,3.0,16,0.0,0.0,1.0,1
173793,1,0,0.22150012986537757,2.0,32.8,16.4,3.0,3.0,11,0.0,0.0,2.0,4
173797,0,0,0.2836964463230202,3.0,28.5,9.5,2.6666666666666665,4.0,13,0.0,0.0,1.0,4
173802,0,0,0.1770744582138096,2.0,74.80000000000001,37.400000000000006,4.5,4.0,17,0.0,0.0,0.0,2
173803,0,0,0.2098240463243277,2.0,19.0,9.5,4.5,3.0,3,0.0,0.0,2.0,1
173807,0,0,0.24789625408048635,2.0,37.099999999999994,18.549999999999997,2.0,3.0,7,0.0,0.0,1.0,4
173818,0,0,0.022074044168646945,9.0,255.0,28.333333333333332,4.444444444444445,9.0,16,0.0,0.0,10.0,1
173826,0,0,0.26416833567250225,2.0,8.5,4.25,3.5,3.0,1,0.0,0.0,1.0,4
173829,0,0,0.15741517151266168,2.0,65.6,32.8,3.0,3.0,7,0.0,0.0,3.0,4
173832,0,0,0.2393815615835736,3.0,29.0,9.666666666666666,4.0,6.0,18,0.0,0.0,2.0,4
173840,0,0,0.2523325034922977,1.0,41.9,41.9,2.0,2.0,0,0.0,0.0,0.0,3
173850,0,0,0.1014551460616579,5.0,128.6,25.72,4.0,6.0,16,0.0,0.0,4.0,3
173855,0,0,0.30863856581124066,0.0,0.0,0.0,0.0,1.0,18,0.0,0.0,0.0,1
173859,0,0,0.19354600841318947,2.0,47.7,23.85,3.5,6.0,18,0.0,0.0,2.0,3
173874,0,0,0.21604931126061427,1.0,6.6,6.6,6.0,2.0,0,0.0,0.0,0.0,4
173875,0,0,0.19755518770062772,2.0,16.8,8.4,3.5,3.0,7,0.0,0.0,4.0,4
173882,0,0,0.1576534095913366,3.0,33.5,11.166666666666666,4.333333333333333,6.0,18,0.0,0.0,6.0,4
173886,0,0,0.1841838689118139,3.0,37.7,12.566666666666668,3.6666666666666665,4.0,4,0.0,0.0,4.0,4
173898,0,0,0.1440808179222418,4.0,105.7,26.425,4.5,5.0,16,0.0,0.0,1.0,1
173903,0,0,0.3027066416517354,1.0,17.4,17.4,1.0,2.0,10,0.0,0.0,0.0,2
173905,0,0,0.15254215608009541,2.0,47.3,23.65,5.5,5.0,17,0.0,0.0,3.0,4
173911,0,0,0.24982293018946974,1.0,18.1,18.1,4.0,2.0,13,0.0,0.0,0.0,3
173916,0,0,0.1774101548043528,2.0,71.9,35.95,2.0,3.0,7,0.0,0.0,2.0,3
173921,0,0,0.15355874968241073,3.0,32.5,10.833333333333334,3.3333333333333335,4.0,12,0.0,0.0,7.0,2
173936,0,0,0.2742042295617283,2.0,14.2,7.1,3.5,3.0,2,0.0,0.0,0.0,1
173946,0,0,0.08168467763635699,5.0,129.3,25.860000000000003,3.6,6.0,8,0.0,0.0,6.0,1
173950,0,0,0.23680985861434153,3.0,63.0,21.0,2.6666666666666665,7.0,18,0.0,0.0,0.0,3
173953,0,0,0.11811847471408506,5.0,111.9,22.380000000000003,3.8,6.0,7,0.0,0.0,4.0,4
173964,0,0,0.2098162087909275,2.0,11.8,5.9,4.5,3.0,10,0.0,0.0,3.0,4
173978,0,0,0.16750816815300723,4.0,82.7,20.675,3.75,5.0,8,0.0,0.0,2.0,2
173988,0,0,0.2748520162592728,1.0,18.3,18.3,2.0,2.0,0,0.0,0.0,0.0,4
173994,0,0,0.2541633047417046,2.0,27.4,13.7,3.0,4.0,18,0.0,0.0,1.0,3
173996,0,0,0.0942606369138394,4.0,114.30000000000001,28.575000000000003,3.75,5.0,11,0.0,0.0,5.0,3
173997,1,0,0.26359112298951504,3.0,35.0,11.666666666666666,3.0,6.0,17,0.0,0.0,1.0,2
173999,0,0,0.2842615684161273,1.0,11.4,11.4,2.0,2.0,3,0.0,0.0,0.0,4
174003,0,0,0.10895353572598566,4.0,91.3,22.825,4.25,7.0,18,1.0,1.99,6.0,3
174004,0,0,0.24291802432964435,3.0,34.3,11.433333333333332,3.0,4.0,12,0.0,0.0,2.0,3
174013,0,0,0.2047345930815018,2.0,28.5,14.25,5.5,3.0,2,1.0,4.99,1.0,2
174015,1,0,0.2150493536625592,2.0,52.5,26.25,4.0,3.0,13,0.0,0.0,0.0,4
174032,0,0,0.19328059559716135,2.0,49.7,24.85,5.0,3.0,2,0.0,0.0,0.0,1
174052,0,0,0.19671036461843147,6.0,94.0,15.666666666666666,3.6666666666666665,6.0,9,0.0,0.0,2.0,3
174055,0,0,0.2877853512047683,2.0,12.399999999999999,6.199999999999999,2.5,4.0,15,0.0,0.0,1.0,4
174062,0,0,0.2169936959439194,3.0,39.6,13.200000000000001,4.333333333333333,4.0,9,1.0,1.99,2.0,3
174069,0,0,0.07115723497599755,5.0,112.0,22.4,4.0,6.0,10,0.0,0.0,9.0,4
174073,0,0,0.19937943887889453,3.0,65.8,21.933333333333334,3.3333333333333335,4.0,9,0.0,0.0,1.0,4
174082,0,0,0.1832265007219662,1.0,31.1,31.1,5.0,2.0,8,0.0,0.0,2.0,4
174083,0,0,0.2912223977737424,1.0,7.2,7.2,2.0,2.0,6,0.0,0.0,0.0,4
174095,0,0,0.22816933717814988,1.0,3.4,3.4,3.0,2.0,2,0.0,0.0,2.0,1
174105,0,0,0.04654311595941979,7.0,138.0,19.714285714285715,4.857142857142857,10.0,18,1.0,1.99,13.0,4
174107,0,0,0.2673753009031761,2.0,14.899999999999999,7.449999999999999,4.0,3.0,3,0.0,0.0,0.0,4
174113,0,0,0.1659004482041764,5.0,87.0,17.4,6.0,6.0,6,0.0,0.0,1.0,2
174117,0,0,0.2426251898674707,2.0,26.1,13.05,3.0,3.0,2,0.0,0.0,1.0,2
174119,0,0,0.18639804596358767,2.0,57.2,28.6,3.0,3.0,11,0.0,0.0,2.0,4
174128,0,0,0.22545052681085567,6.0,74.2,12.366666666666667,3.0,6.0,6,0.0,0.0,3.0,4
174135,1,0,0.20483030495271046,4.0,36.4,9.1,2.0,5.0,10,0.0,0.0,6.0,4
174137,0,0,0.1629600373545093,5.0,76.7,15.34,3.2,6.0,13,0.0,0.0,5.0,4
174139,0,0,0.20472523490302952,2.0,29.3,14.65,4.0,3.0,3,0.0,0.0,2.0,4
174140,0,0,0.19302352812507634,3.0,66.7,22.233333333333334,2.3333333333333335,4.0,7,0.0,0.0,2.0,3
174143,0,0,0.2359764493646427,6.0,76.0,12.666666666666666,3.6666666666666665,6.0,7,1.0,4.99,2.0,2
174144,0,0,0.17198292254008374,3.0,43.699999999999996,14.566666666666665,2.6666666666666665,4.0,3,0.0,0.0,5.0,4
174158,1,0,0.3077150800454693,3.0,23.4,7.8,2.3333333333333335,4.0,13,1.0,4.99,1.0,3
174168,0,0,0.22372048271648326,3.0,51.4,17.133333333333333,4.333333333333333,4.0,5,0.0,0.0,0.0,4
174177,0,0,0.2665837858326168,1.0,22.0,22.0,3.0,3.0,18,0.0,0.0,0.0,2
174178,0,0,0.24576162735103704,1.0,9.1,9.1,3.0,2.0,2,0.0,0.0,1.0,4
174182,0,0,0.08866413570661938,5.0,96.19999999999999,19.24,4.8,6.0,15,0.0,0.0,8.0,4
174197,0,0,0.1849434749608924,1.0,23.7,23.7,5.0,2.0,3,0.0,0.0,2.0,4
174199,0,0,0.26032787135843,1.0,14.2,14.2,3.0,2.0,0,0.0,0.0,0.0,4
174221,0,0,0.193793974077892,3.0,21.9,7.3,2.6666666666666665,4.0,10,0.0,0.0,6.0,4
174223,0,0,0.19270953154387882,6.0,112.4,18.733333333333334,2.8333333333333335,6.0,11,0.0,0.0,1.0,1
174229,0,0,0.24239188875877365,2.0,23.400000000000002,11.700000000000001,4.5,3.0,1,0.0,0.0,0.0,4
174241,0,0,0.166743043376039,4.0,50.6,12.65,3.25,7.0,17,0.0,0.0,6.0,4
174245,0,0,0.25679399835457706,2.0,9.5,4.75,4.5,4.0,16,0.0,0.0,1.0,4
174262,0,0,0.1430648057856819,3.0,60.0,20.0,3.6666666666666665,4.0,12,0.0,0.0,5.0,4
174264,0,0,0.02511279657247311,6.0,251.1,41.85,3.5,6.0,10,0.0,0.0,6.0,3
174268,0,0,0.2253681099229486,3.0,64.0,21.333333333333332,3.0,4.0,8,0.0,0.0,0.0,4
174277,0,0,0.27572698687275043,2.0,27.0,13.5,2.5,3.0,5,0.0,0.0,0.0,4
174279,0,0,0.20418174010547405,1.0,6.3,6.3,6.0,2.0,8,0.0,0.0,1.0,4
174289,0,0,0.24783884894537522,1.0,6.2,6.2,2.0,2.0,8,0.0,0.0,2.0,1
174290,0,0,0.20483471376520088,1.0,1.1,1.1,7.0,2.0,0,0.0,0.0,0.0,4
174299,0,0,0.12413067282221706,3.0,94.5,31.5,2.6666666666666665,4.0,11,0.0,0.0,4.0,2
174305,0,0,0.19659098818401172,4.0,59.0,14.75,3.25,5.0,7,0.0,0.0,3.0,3
174306,0,0,0.09642182825973518,4.0,106.3,26.575,5.5,5.0,8,0.0,0.0,4.0,4
174308,0,0,0.1139356611060244,5.0,118.10000000000001,23.62,2.4,6.0,9,0.0,0.0,5.0,4
174321,0,0,0.21916960946537076,5.0,59.9,11.98,3.6,6.0,14,0.0,0.0,3.0,1
174325,0,0,0.21276419337897365,4.0,18.9,4.725,3.75,7.0,17,0.0,0.0,6.0,4
174328,0,0,0.11536354414521328,3.0,93.8,31.266666666666666,5.0,5.0,17,0.0,0.0,3.0,1
174334,0,0,0.15451202571879372,2.0,69.0,34.5,4.0,3.0,8,0.0,0.0,2.0,1
174335,0,0,0.25715258510031325,1.0,18.7,18.7,3.0,2.0,1,0.0,0.0,0.0,4
174351,0,0,0.10141777994040062,6.0,118.5,19.75,5.5,6.0,11,0.0,0.0,5.0,4
174360,0,0,0.20004129985103866,7.0,63.5,9.071428571428571,3.4285714285714284,7.0,14,0.0,0.0,7.0,4
174365,0,0,0.09984909949645064,4.0,124.10000000000001,31.025000000000002,3.0,5.0,8,0.0,0.0,4.0,4
174372,0,0,0.17763863911276018,5.0,70.6,14.12,4.0,6.0,12,1.0,11.98,4.0,2
174373,0,0,0.1197789048920445,6.0,117.7,19.616666666666667,3.5,6.0,10,0.0,0.0,5.0,3
174385,1,0,0.2421358032715156,3.0,44.1,14.700000000000001,3.0,4.0,8,0.0,0.0,1.0,4
174386,0,0,0.16453700979543334,4.0,58.900000000000006,14.725000000000001,4.25,5.0,4,0.0,0.0,4.0,3
174394,0,0,0.21738600612246897,3.0,59.900000000000006,19.96666666666667,2.6666666666666665,4.0,9,0.0,0.0,1.0,1
174396,0,0,0.24500034159221126,2.0,20.8,10.4,1.5,3.0,10,0.0,0.0,3.0,4
174403,0,0,0.16818640792353315,5.0,61.6,12.32,3.6,6.0,16,0.0,0.0,6.0,4
174404,0,0,0.27120291504055893,1.0,3.4,3.4,3.0,2.0,1,0.0,0.0,0.0,4
174406,0,0,0.19980003404041066,4.0,26.0,6.5,3.25,5.0,4,0.0,0.0,6.0,4
174409,0,0,0.15975005429213657,4.0,79.2,19.8,2.75,5.0,13,0.0,0.0,4.0,4
174416,0,0,0.268154578670168,5.0,71.1,14.219999999999999,2.0,6.0,16,0.0,0.0,1.0,4
174421,0,0,0.25135027000383836,2.0,19.8,9.9,2.5,4.0,16,0.0,0.0,2.0,1
174429,0,0,0.1531543299643162,4.0,97.39999999999999,24.349999999999998,3.5,6.0,15,0.0,0.0,2.0,3
174434,0,0,0.19463096169432412,1.0,34.4,34.4,6.0,2.0,0,0.0,0.0,0.0,4
174437,0,0,0.2130090067551261,2.0,63.3,31.65,2.5,3.0,1,0.0,0.0,0.0,4
174445,0,0,0.058468666387736866,5.0,165.1,33.019999999999996,5.4,6.0,4,0.0,0.0,4.0,4
174451,0,0,0.2320521105065203,2.0,14.799999999999999,7.3999999999999995,5.0,3.0,8,0.0,0.0,1.0,2
174452,0,0,0.0446268563699658,6.0,150.9,25.150000000000002,3.5,6.0,5,0.0,0.0,11.0,4
174468,0,0,0.1042087854134995,3.0,96.4,32.13333333333333,3.3333333333333335,4.0,8,0.0,0.0,5.0,4
174478,0,0,0.06797369209060267,5.0,140.70000000000002,28.140000000000004,3.2,6.0,6,0.0,0.0,7.0,4
174482,0,0,0.15697613210007982,3.0,48.9,16.3,2.3333333333333335,4.0,8,0.0,0.0,6.0,4
174484,0,0,0.0802810050632618,4.0,121.1,30.275,3.25,5.0,4,0.0,0.0,6.0,2
174487,1,0,0.26760686338523376,1.0,6.7,6.7,2.0,2.0,6,0.0,0.0,1.0,2
174494,0,0,0.2457620794138982,1.0,50.3,50.3,2.0,2.0,0,0.0,0.0,0.0,4
174502,0,0,0.09684215264069403,4.0,91.8,22.95,3.75,5.0,11,0.0,0.0,7.0,4
174505,0,0,0.27002739261648784,2.0,19.9,9.95,2.5,3.0,9,0.0,0.0,1.0,4
174516,0,0,0.14885531854364745,3.0,74.9,24.96666666666667,2.6666666666666665,4.0,11,0.0,0.0,4.0,4
174524,0,0,0.1785314503142734,3.0,70.0,23.333333333333332,4.333333333333333,4.0,12,0.0,0.0,1.0,1
174525,0,0,0.2911437436853888,1.0,2.3,2.3,2.0,2.0,1,0.0,0.0,0.0,4
174530,1,0,0.17516335429141233,4.0,90.0,22.5,2.75,6.0,17,0.0,0.0,2.0,3
174537,0,0,0.11556452597367131,4.0,99.5,24.875,3.25,5.0,14,0.0,0.0,5.0,4
174547,0,0,0.22751415536746694,2.0,26.1,13.05,4.5,3.0,12,0.0,0.0,1.0,4
174559,0,0,0.21132729037951412,2.0,41.5,20.75,4.0,3.0,12,0.0,0.0,1.0,3
174560,0,0,0.10000027089403898,3.0,75.2,25.066666666666666,4.666666666666667,4.0,2,0.0,0.0,6.0,4
174561,0,0,0.1418737002283921,4.0,94.1,23.525,2.25,5.0,10,0.0,0.0,4.0,2
174566,0,0,0.16785892668884783,4.0,91.7,22.925,3.0,6.0,15,0.0,0.0,2.0,3
174567,0,0,0.2662238084163967,3.0,33.4,11.133333333333333,3.0,5.0,15,0.0,0.0,1.0,2
174578,0,0,0.27062127745108244,1.0,10.0,10.0,3.0,2.0,7,0.0,0.0,0.0,4
174585,1,0,0.27141375774633975,3.0,50.7,16.900000000000002,1.6666666666666667,4.0,6,0.0,0.0,0.0,3
174594,0,0,0.19140454447475866,2.0,62.599999999999994,31.299999999999997,4.0,3.0,1,0.0,0.0,0.0,4
174599,0,0,0.19749253161924868,3.0,44.5,14.833333333333334,3.6666666666666665,5.0,16,0.0,0.0,3.0,3
174600,0,0,0.21268038415870055,3.0,35.9,11.966666666666667,4.666666666666667,4.0,13,0.0,0.0,2.0,2
174608,0,0,0.269710993396223,1.0,17.8,17.8,3.0,5.0,18,0.0,0.0,0.0,4
174611,0,0,0.1354567566973004,6.0,77.10000000000001,12.850000000000001,3.5,6.0,9,0.0,0.0,8.0,4
174624,0,0,0.20592151179850499,2.0,40.4,20.2,4.0,3.0,2,0.0,0.0,1.0,4
174651,0,0,0.0983328435868544,4.0,123.4,30.85,4.25,5.0,7,0.0,0.0,3.0,1
174655,1,0,0.35914916581325856,4.0,19.799999999999997,4.949999999999999,1.5,5.0,12,0.0,0.0,1.0,1
174659,0,0,0.14924982899486156,6.0,113.0,18.833333333333332,3.8333333333333335,6.0,11,0.0,0.0,3.0,4
174663,0,0,0.15908014580343913,3.0,107.60000000000001,35.86666666666667,2.6666666666666665,4.0,5,0.0,0.0,0.0,4
174670,0,0,0.26014927054578557,2.0,6.3,3.15,3.0,3.0,6,0.0,0.0,2.0,4
174671,1,0,0.31790249049067637,4.0,23.1,5.775,2.25,5.0,16,0.0,0.0,2.0,4
174672,0,0,0.2467801782550382,4.0,50.4,12.6,3.5,5.0,6,0.0,0.0,1.0,4
174683,0,0,0.18691843114721207,1.0,5.4,5.4,8.0,2.0,0,0.0,0.0,0.0,4
174689,0,0,0.2552488722398454,3.0,17.1,5.7,3.0,4.0,12,0.0,0.0,3.0,3
174704,0,0,0.2617589360305408,3.0,21.799999999999997,7.266666666666666,3.0,4.0,5,0.0,0.0,2.0,4
174709,0,0,0.2864644990330232,2.0,12.8,6.4,2.5,3.0,13,0.0,0.0,1.0,4
174713,0,0,0.2317764748475033,2.0,14.8,7.4,3.0,3.0,13,0.0,0.0,3.0,4
174737,0,0,0.2850875756949857,2.0,18.1,9.05,3.0,3.0,8,0.0,0.0,0.0,4
174744,0,0,0.09130350937209224,3.0,103.39999999999999,34.46666666666666,4.333333333333333,4.0,12,0.0,0.0,5.0,4
174749,0,0,0.14260290399599046,8.0,129.1,16.1375,3.875,8.0,12,1.0,1.99,5.0,2
174753,0,0,0.011638311985287149,5.0,209.7,41.94,5.0,6.0,9,0.0,0.0,15.0,4
174756,0,0,0.21647934109326947,4.0,59.3,14.825,3.5,5.0,14,0.0,0.0,2.0,4
174758,0,0,0.2164710239488034,1.0,74.4,74.4,3.0,2.0,9,0.0,0.0,0.0,4
174761,0,0,0.31020575825938335,1.0,1.9,1.9,1.0,2.0,0,0.0,0.0,0.0,4
174763,0,0,0.31169357243883633,5.0,58.900000000000006,11.780000000000001,2.2,6.0,12,0.0,0.0,0.0,4
174771,0,0,0.23844316409407798,3.0,41.2,13.733333333333334,3.3333333333333335,4.0,4,0.0,0.0,1.0,4
174772,0,0,0.2248840468372352,4.0,75.6,18.9,2.0,5.0,10,0.0,0.0,1.0,3
174786,0,0,0.257433382686131,2.0,9.6,4.8,2.0,6.0,17,0.0,0.0,3.0,4
174793,0,0,0.08516440564471832,6.0,134.8,22.46666666666667,3.1666666666666665,6.0,13,0.0,0.0,7.0,2
174808,0,0,0.1980539713277135,1.0,30.9,30.9,6.0,2.0,4,0.0,0.0,0.0,1
174809,0,0,0.19104860351119782,1.0,32.4,32.4,3.0,2.0,4,0.0,0.0,3.0,4
174812,0,0,0.21295595951445642,3.0,37.699999999999996,12.566666666666665,4.0,4.0,5,0.0,0.0,2.0,1
174854,0,0,0.28945220611503686,2.0,5.2,2.6,3.5,4.0,16,1.0,1.99,1.0,1
174860,0,0,0.22369200752579896,2.0,39.8,19.9,2.0,3.0,8,0.0,0.0,2.0,3
174868,0,0,0.3020107849496805,4.0,37.4,9.35,2.25,5.0,10,0.0,0.0,1.0,4
174870,0,0,0.25553281248859006,2.0,25.5,12.75,3.5,3.0,1,0.0,0.0,0.0,3
174888,1,0,0.32613436167571525,1.0,1.3,1.3,1.0,2.0,15,0.0,0.0,0.0,4
174892,0,0,0.2096674633000119,2.0,41.9,20.95,5.0,3.0,7,0.0,0.0,0.0,3
174896,1,0,0.3070724560343784,1.0,7.0,7.0,1.0,2.0,2,0.0,0.0,0.0,4
174898,0,0,0.11416753808442118,2.0,61.1,30.55,3.0,4.0,15,0.0,0.0,7.0,4
174900,0,0,0.2845274042011484,2.0,10.0,5.0,4.0,3.0,12,0.0,0.0,0.0,4
174916,0,0,0.268762620413347,2.0,25.200000000000003,12.600000000000001,3.5,3.0,14,0.0,0.0,0.0,4
174920,1,0,0.1931700688852137,4.0,33.7,8.425,3.25,5.0,13,0.0,0.0,6.0,4
174922,1,0,0.2896481303375831,3.0,19.9,6.633333333333333,1.6666666666666667,4.0,6,0.0,0.0,2.0,2
174930,0,0,0.2512356621329201,1.0,1.9,1.9,3.0,2.0,1,0.0,0.0,1.0,4
174933,0,0,0.1417355359433277,2.0,79.0,39.5,3.5,3.0,16,0.0,0.0,3.0,4
174934,0,0,0.25106638334868153,1.0,24.5,24.5,3.0,2.0,0,0.0,0.0,0.0,4
174935,0,0,0.165733281847603,3.0,86.0,28.666666666666668,3.3333333333333335,4.0,6,0.0,0.0,1.0,3
174950,0,0,0.23108250567836644,2.0,46.599999999999994,23.299999999999997,2.5,5.0,18,0.0,0.0,1.0,4
174951,0,0,0.17060467147926486,3.0,60.800000000000004,20.26666666666667,3.6666666666666665,4.0,14,0.0,0.0,3.0,1
174960,0,0,0.022873683994624274,7.0,249.5,35.642857142857146,5.0,7.0,13,0.0,0.0,7.0,1
174968,0,0,0.1251882579381562,4.0,85.2,21.3,3.5,5.0,5,0.0,0.0,5.0,4
174973,0,0,0.22369320542795462,2.0,41.0,20.5,4.0,3.0,3,0.0,0.0,0.0,3
174981,1,0,0.25694294656749017,2.0,31.7,15.85,2.0,3.0,7,0.0,0.0,1.0,4
174983,0,0,0.25760311098067323,2.0,17.6,8.8,3.0,3.0,1,0.0,0.0,1.0,4
174996,0,0,0.19573696820083838,3.0,52.1,17.366666666666667,3.0,5.0,16,0.0,0.0,3.0,4
175005,0,0,0.1836145967092014,3.0,62.599999999999994,20.866666666666664,4.0,4.0,13,1.0,9.99,2.0,4
175014,0,0,0.139522776896184,4.0,100.39999999999999,25.099999999999998,2.75,5.0,6,0.0,0.0,3.0,3
175015,0,0,0.27848070452780405,1.0,4.7,4.7,3.0,2.0,12,0.0,0.0,0.0,2
175033,0,0,0.23188335968565046,1.0,7.1,7.1,5.0,2.0,0,0.0,0.0,0.0,4
175051,0,0,0.06449358054488077,5.0,105.80000000000001,21.160000000000004,4.8,6.0,12,0.0,0.0,10.0,4
175059,0,0,0.14518657653474015,5.0,65.8,13.16,4.4,6.0,5,0.0,0.0,6.0,4
175076,0,0,0.034534771560460586,6.0,153.9,25.650000000000002,4.0,7.0,15,0.0,0.0,13.0,3
175077,0,0,0.12468946329525693,5.0,113.89999999999999,22.779999999999998,3.0,6.0,10,0.0,0.0,4.0,3
175088,0,0,0.183651467270621,7.0,118.19999999999999,16.885714285714283,3.4285714285714284,8.0,16,0.0,0.0,2.0,1
175092,0,0,0.24184565138592776,1.0,20.6,20.6,3.0,2.0,10,0.0,0.0,1.0,3
175097,0,0,0.12096228958206262,5.0,115.3,23.06,3.0,6.0,7,0.0,0.0,4.0,2
175106,0,0,0.25332237567849375,2.0,25.4,12.7,2.5,3.0,1,0.0,0.0,1.0,4
175108,0,0,0.18743889354309454,5.0,88.1,17.619999999999997,3.4,6.0,12,0.0,0.0,2.0,2
175121,0,0,0.335916087562806,4.0,23.9,5.975,3.5,5.0,16,0.0,0.0,0.0,1
175136,0,0,0.27474446216581483,1.0,5.6,5.6,3.0,2.0,7,0.0,0.0,0.0,4
175148,0,0,0.17443906225033937,2.0,41.4,20.7,3.0,3.0,11,0.0,0.0,4.0,4
175150,0,0,0.24090602963374774,2.0,47.0,23.5,3.0,3.0,14,0.0,0.0,0.0,4
175151,0,0,0.033339452207481066,4.0,186.1,46.525,3.75,5.0,13,0.0,0.0,8.0,4
175163,0,0,0.31941992765557087,3.0,19.2,6.3999999999999995,3.0,7.0,18,0.0,0.0,0.0,2
175172,0,0,0.20028914499738074,1.0,46.0,46.0,4.0,2.0,3,0.0,0.0,1.0,4
175173,0,0,0.1747382330578505,3.0,51.4,17.133333333333333,3.0,4.0,7,0.0,0.0,4.0,4
175177,0,0,0.11650868596156672,5.0,112.2,22.44,3.2,6.0,16,0.0,0.0,5.0,4
175180,0,0,0.07993068601716458,4.0,87.4,21.85,4.0,5.0,8,0.0,0.0,9.0,4
175186,0,0,0.06908442589557137,4.0,141.3,35.325,4.0,5.0,6,0.0,0.0,5.0,4
175210,0,0,0.08627982754836169,4.0,114.9,28.725,5.75,5.0,7,0.0,0.0,4.0,4
175225,0,0,0.05549833923870644,6.0,101.5,16.916666666666668,4.166666666666667,8.0,18,0.0,0.0,14.0,4
175227,0,0,0.19014755925001597,4.0,53.1,13.275,2.5,6.0,17,0.0,0.0,5.0,4
175236,0,0,0.350001637708115,3.0,19.2,6.3999999999999995,1.3333333333333333,4.0,8,0.0,0.0,0.0,4
175241,0,0,0.19141053149695247,2.0,51.2,25.6,4.0,3.0,3,0.0,0.0,1.0,4
175244,1,0,0.1782813007272025,4.0,66.6,16.65,3.75,5.0,11,0.0,0.0,3.0,1
175256,0,0,0.17366575304577495,1.0,12.9,12.9,4.0,2.0,3,0.0,0.0,4.0,4
175257,0,0,0.31590495783585365,3.0,24.6,8.200000000000001,2.3333333333333335,4.0,7,0.0,0.0,0.0,4
175264,0,0,0.18002003866582528,3.0,61.4,20.466666666666665,3.0,4.0,13,0.0,0.0,3.0,4
175266,0,0,0.09384168573924237,4.0,136.9,34.225,4.5,5.0,6,0.0,0.0,2.0,4
175268,0,0,0.2045608522883543,2.0,28.0,14.0,6.5,3.0,3,0.0,0.0,0.0,4
175274,0,0,0.21705875495050908,3.0,26.799999999999997,8.933333333333332,2.6666666666666665,4.0,4,0.0,0.0,4.0,4
175288,0,0,0.1304598540028636,5.0,84.4,16.880000000000003,4.8,6.0,9,0.0,0.0,5.0,3
175294,0,0,0.1508856492346109,7.0,81.0,11.571428571428571,4.142857142857143,8.0,18,1.0,99.99,5.0,1
175297,0,0,0.09797125524806974,4.0,97.3,24.325,4.0,5.0,8,0.0,0.0,6.0,4
175322,0,0,0.25179544688046473,3.0,30.4,10.133333333333333,4.333333333333333,5.0,18,0.0,0.0,1.0,3
175335,1,0,0.22319942689916084,2.0,52.400000000000006,26.200000000000003,3.5,3.0,13,0.0,0.0,0.0,4
175340,0,0,0.21832264412870014,2.0,36.6,18.3,3.0,5.0,17,0.0,0.0,2.0,4
175353,0,0,0.28335158436210683,2.0,6.800000000000001,3.4000000000000004,2.0,3.0,12,0.0,0.0,2.0,4
175355,0,0,0.09050762645940279,4.0,105.7,26.425,3.75,5.0,4,0.0,0.0,6.0,4
175389,0,0,0.05190629952004895,6.0,145.3,24.21666666666667,4.166666666666667,7.0,16,0.0,0.0,10.0,4
175390,0,0,0.24666156804803585,1.0,9.7,9.7,4.0,2.0,0,0.0,0.0,0.0,4
175408,0,0,0.20627858163051746,2.0,48.599999999999994,24.299999999999997,3.5,3.0,8,0.0,0.0,1.0,4
175409,0,0,0.26704601505727643,3.0,30.4,10.133333333333333,3.0,4.0,7,0.0,0.0,1.0,3
175410,0,0,0.25383665562931956,3.0,53.0,17.666666666666668,2.3333333333333335,4.0,4,0.0,0.0,0.0,4
175418,0,0,0.2735957688358549,2.0,24.0,12.0,3.0,3.0,7,0.0,0.0,0.0,4
175423,0,0,0.21010756090031577,1.0,14.1,14.1,6.0,2.0,0,0.0,0.0,0.0,4
175426,0,0,0.19403215109027908,2.0,33.400000000000006,16.700000000000003,3.5,3.0,12,0.0,0.0,3.0,2
175444,0,0,0.20239275615940092,3.0,75.2,25.066666666666666,2.0,4.0,7,0.0,0.0,1.0,4
175456,1,0,0.2583423934118352,1.0,21.4,21.4,3.0,2.0,6,0.0,0.0,0.0,3
175461,0,0,0.2896596052145992,2.0,18.200000000000003,9.100000000000001,2.5,3.0,3,0.0,0.0,0.0,4
175477,0,0,0.2695218478401282,1.0,22.4,22.4,1.0,2.0,3,0.0,0.0,1.0,3
175479,0,0,0.1453973539107765,5.0,96.6,19.32,3.2,6.0,14,1.0,19.99,4.0,2
175481,0,0,0.2710724228733314,1.0,12.6,12.6,3.0,2.0,13,0.0,0.0,0.0,1
175494,0,0,0.23487098467750286,3.0,35.6,11.866666666666667,2.0,4.0,11,0.0,0.0,3.0,1
175499,0,0,0.21119068150027295,2.0,38.2,19.1,5.0,3.0,1,0.0,0.0,0.0,4
175504,0,0,0.19581873433981867,1.0,32.8,32.8,6.0,2.0,0,0.0,0.0,0.0,4
175506,0,0,0.2776193637553292,2.0,21.200000000000003,10.600000000000001,3.0,3.0,6,0.0,0.0,0.0,4
175518,0,0,0.07519932022471636,6.0,105.6,17.599999999999998,4.166666666666667,6.0,14,1.0,1.99,11.0,4
175528,1,0,0.17720689277999793,3.0,69.8,23.266666666666666,2.3333333333333335,4.0,14,0.0,0.0,3.0,4
175537,0,0,0.21472600792739752,1.0,30.1,30.1,5.0,2.0,4,0.0,0.0,0.0,2
175539,1,0,0.28650608196430893,4.0,31.0,7.75,4.0,5.0,14,0.0,0.0,1.0,4
175542,0,0,0.23103208634321587,2.0,40.2,20.1,3.0,3.0,14,0.0,0.0,1.0,3
175551,0,0,0.10470945394842271,4.0,108.9,27.225,5.5,5.0,11,0.0,0.0,3.0,3
175557,0,0,0.13898025694122876,3.0,55.2,18.400000000000002,4.666666666666667,6.0,17,0.0,0.0,5.0,4
175568,0,0,0.19736893681655854,3.0,51.4,17.133333333333333,3.6666666666666665,4.0,6,0.0,0.0,2.0,3
175576,0,0,0.024551121823571782,6.0,215.1,35.85,3.5,6.0,9,0.0,0.0,10.0,4
175579,0,0,0.2086469927137298,7.0,98.1,14.014285714285714,4.142857142857143,7.0,10,0.0,0.0,2.0,3
175587,0,0,0.22175485305954812,1.0,17.1,17.1,3.0,2.0,6,0.0,0.0,2.0,3
175595,0,0,0.21365911201093934,7.0,77.8,11.114285714285714,4.142857142857143,9.0,17,0.0,0.0,4.0,1
175596,0,0,0.20153695232079885,3.0,47.8,15.933333333333332,4.666666666666667,4.0,2,0.0,0.0,1.0,1
175610,0,0,0.19670014492219398,3.0,47.099999999999994,15.699999999999998,4.333333333333333,4.0,8,0.0,0.0,2.0,4
175617,0,0,0.1475658581863168,3.0,68.2,22.733333333333334,2.3333333333333335,4.0,14,0.0,0.0,5.0,1
175622,0,0,0.2652408096120278,1.0,7.9,7.9,3.0,2.0,1,0.0,0.0,0.0,2
175657,0,0,0.05986383401402198,4.0,72.4,18.1,4.5,5.0,11,0.0,0.0,13.0,4
175660,0,0,0.10881481274226258,4.0,87.5,21.875,3.75,5.0,8,0.0,0.0,6.0,1
175675,0,0,0.2670661420724798,3.0,24.4,8.133333333333333,4.0,4.0,8,1.0,4.99,1.0,1
175680,0,0,0.03820964845738253,5.0,179.9,35.980000000000004,4.2,6.0,15,0.0,0.0,8.0,4
175681,0,0,0.23373461738765358,2.0,18.299999999999997,9.149999999999999,2.5,3.0,12,0.0,0.0,3.0,4
175685,0,0,0.29775296288499353,3.0,26.700000000000003,8.9,2.6666666666666665,4.0,2,0.0,0.0,0.0,2
175695,0,0,0.2834700422173933,2.0,13.2,6.6,1.5,5.0,18,0.0,0.0,2.0,3
175702,0,0,0.1100380307150044,5.0,119.5,23.9,2.8,6.0,12,0.0,0.0,5.0,4
175707,0,0,0.10617554410607138,5.0,104.8,20.96,5.2,7.0,18,0.0,0.0,5.0,3
175709,0,0,0.24867548867715789,2.0,31.7,15.85,3.5,3.0,4,0.0,0.0,0.0,4
175712,0,0,0.17582871460680577,2.0,38.0,19.0,7.5,3.0,3,0.0,0.0,0.0,3
175716,0,0,0.1722498829848394,5.0,79.60000000000001,15.920000000000002,4.4,6.0,11,0.0,0.0,3.0,4
175719,0,0,0.09112460242204413,5.0,101.2,20.240000000000002,4.6,6.0,6,0.0,0.0,7.0,4
175732,0,0,0.14913986976816365,2.0,48.400000000000006,24.200000000000003,6.5,3.0,8,0.0,0.0,2.0,3
175736,0,0,0.24223141620302913,3.0,31.3,10.433333333333334,4.0,4.0,2,0.0,0.0,1.0,2
175738,0,0,0.30792797928153287,2.0,11.6,5.8,1.5,4.0,17,0.0,0.0,1.0,1
175739,0,0,0.14785096280979199,4.0,60.099999999999994,15.024999999999999,3.5,5.0,11,0.0,0.0,6.0,4
175748,0,0,0.17216938200457402,1.0,26.6,26.6,8.0,2.0,0,0.0,0.0,0.0,4
175753,0,0,0.2756728318077532,2.0,20.9,10.45,2.0,3.0,7,0.0,0.0,1.0,4
175759,0,0,0.17476586170486413,2.0,50.099999999999994,25.049999999999997,5.5,3.0,9,0.0,0.0,1.0,2
175768,0,0,0.21071356378155837,6.0,58.5,9.75,2.6666666666666665,7.0,15,0.0,0.0,6.0,3
175772,0,0,0.1690166861856086,4.0,86.4,21.6,3.5,5.0,12,0.0,0.0,2.0,4
175774,0,0,0.3309083481644193,2.0,14.4,7.2,1.0,3.0,8,0.0,0.0,0.0,3
175795,0,0,0.27021310497062867,1.0,11.8,11.8,2.0,2.0,12,0.0,0.0,1.0,4
175797,0,0,0.2160962848404184,1.0,0.7,0.7,7.0,2.0,14,0.0,0.0,0.0,4
175833,0,0,0.04489664204858013,4.0,136.2,34.05,4.75,5.0,6,0.0,0.0,9.0,4
175841,0,0,0.2392486198342807,3.0,47.3,15.766666666666666,2.6666666666666665,4.0,5,0.0,0.0,1.0,4
175842,0,0,0.14246425703687027,4.0,102.89999999999999,25.724999999999998,5.0,6.0,18,0.0,0.0,1.0,1
175843,0,0,0.0751150934321343,6.0,155.6,25.933333333333334,4.5,6.0,14,0.0,0.0,5.0,3
175858,0,0,0.2488678547477129,3.0,48.8,16.266666666666666,3.3333333333333335,4.0,12,0.0,0.0,0.0,1
175864,0,0,0.18575376108170355,3.0,55.7,18.566666666666666,4.333333333333333,5.0,16,0.0,0.0,2.0,1
175870,0,0,0.2546664558304367,1.0,3.7,3.7,4.0,2.0,4,0.0,0.0,0.0,3
175884,0,0,0.24152803434816156,2.0,27.799999999999997,13.899999999999999,3.0,3.0,2,0.0,0.0,1.0,4
175885,0,0,0.18024480055115194,5.0,75.3,15.059999999999999,3.0,6.0,8,0.0,0.0,4.0,4
175886,0,0,0.12987795880034794,5.0,90.6,18.119999999999997,4.2,6.0,10,0.0,0.0,5.0,4
175907,0,0,0.3003939085232933,1.0,17.7,17.7,1.0,2.0,7,0.0,0.0,0.0,3
175913,0,0,0.1770575925958242,2.0,65.3,32.65,2.5,3.0,3,0.0,0.0,2.0,4
175915,0,0,0.22663235648822075,5.0,69.5,13.9,3.2,6.0,12,0.0,0.0,2.0,4
175920,0,0,0.1975578560684875,4.0,39.8,9.95,4.25,5.0,6,0.0,0.0,4.0,4
175925,0,0,0.09225454531163643,6.0,141.7,23.616666666666664,3.8333333333333335,6.0,14,0.0,0.0,5.0,3
175930,0,0,0.11094636289149455,5.0,93.4,18.68,4.0,6.0,14,1.0,4.99,7.0,4
175948,0,0,0.1815102976646898,1.0,33.8,33.8,7.0,2.0,1,0.0,0.0,0.0,4
175955,0,0,0.06747308566650781,7.0,179.9,25.7,5.142857142857143,7.0,8,0.0,0.0,4.0,3
175970,0,0,0.23926225285116293,3.0,46.1,15.366666666666667,1.6666666666666667,4.0,7,0.0,0.0,2.0,3
175972,0,0,0.06418096374315713,5.0,129.4,25.880000000000003,4.2,6.0,9,0.0,0.0,8.0,4
175978,0,0,0.03155111736091359,5.0,182.7,36.54,4.8,6.0,16,0.0,0.0,9.0,3
175985,0,0,0.23508257337373153,1.0,24.1,24.1,4.0,2.0,1,0.0,0.0,0.0,4
175995,0,0,0.30660991272381444,2.0,15.399999999999999,7.699999999999999,2.0,3.0,5,0.0,0.0,0.0,4
175997,1,0,0.28567301148724583,1.0,10.3,10.3,1.0,2.0,7,0.0,0.0,1.0,4
176002,0,0,0.23203979482767828,2.0,44.1,22.05,3.0,3.0,1,0.0,0.0,0.0,1
176005,0,0,0.14610766788308113,3.0,104.2,34.733333333333334,3.3333333333333335,4.0,13,0.0,0.0,1.0,4
176024,1,0,0.19268537256955523,3.0,66.89999999999999,22.299999999999997,4.0,5.0,17,0.0,0.0,1.0,4
176031,0,0,0.17289675178514005,2.0,34.5,17.25,4.5,3.0,2,0.0,0.0,3.0,4
176035,1,0,0.300846981506011,3.0,27.700000000000003,9.233333333333334,3.0,4.0,12,0.0,0.0,0.0,4
176042,0,0,0.03906079597467974,7.0,140.9,20.12857142857143,3.5714285714285716,8.0,15,0.0,0.0,15.0,4
176049,0,0,0.2655836399985473,3.0,39.8,13.266666666666666,3.3333333333333335,4.0,10,0.0,0.0,0.0,2
176062,0,0,0.25389426477745203,3.0,42.2,14.066666666666668,3.6666666666666665,4.0,7,0.0,0.0,0.0,4
176070,0,0,0.0720944021691726,5.0,137.6,27.52,6.4,6.0,6,0.0,0.0,4.0,3
176077,0,0,0.2055111354343314,5.0,89.8,17.96,3.0,6.0,9,0.0,0.0,1.0,2
176085,0,0,0.22383825834181292,3.0,33.9,11.299999999999999,1.6666666666666667,4.0,8,0.0,0.0,4.0,4
176097,0,0,0.23393466324321574,1.0,30.8,30.8,3.0,2.0,10,0.0,0.0,1.0,4
176099,0,0,0.24511565916976674,1.0,10.5,10.5,4.0,2.0,0,0.0,0.0,0.0,3
176101,0,0,0.17218768821948072,4.0,98.0,24.5,1.75,5.0,9,0.0,0.0,2.0,4
176110,0,0,0.2167569250099282,3.0,29.6,9.866666666666667,3.6666666666666665,4.0,9,0.0,0.0,3.0,1
176111,1,0,0.27483907276703073,3.0,23.1,7.7,3.6666666666666665,4.0,4,1.0,4.99,1.0,4
176130,0,0,0.2321209887326165,3.0,31.0,10.333333333333334,4.0,4.0,12,0.0,0.0,2.0,3
176135,1,0,0.27515899857578385,2.0,15.2,7.6,3.5,3.0,2,0.0,0.0,0.0,4
176138,0,0,0.26406067075407824,4.0,27.9,6.975,3.0,5.0,10,0.0,0.0,3.0,4
176142,0,0,0.0035156697403025167,9.0,377.2,41.91111111111111,4.222222222222222,9.0,15,1.0,4.99,14.0,4
176146,0,0,0.26987351830259737,3.0,34.6,11.533333333333333,4.0,5.0,16,0.0,0.0,0.0,4
176148,0,0,0.24965206528307615,1.0,8.3,8.3,4.0,2.0,2,0.0,0.0,0.0,4
176151,0,0,0.26866191827338054,1.0,4.2,4.2,3.0,2.0,1,0.0,0.0,0.0,2
176157,1,0,0.2648478639854106,3.0,23.0,7.666666666666667,3.0,4.0,11,0.0,0.0,2.0,4
176159,0,0,0.20227247056679792,2.0,42.4,21.2,4.0,3.0,1,0.0,0.0,1.0,4
176161,0,0,0.13299086172096056,2.0,57.1,28.55,7.0,3.0,6,0.0,0.0,2.0,3
176175,0,0,0.2711664290236344,5.0,62.599999999999994,12.52,3.6,6.0,7,0.0,0.0,0.0,4
176177,0,0,0.13998573447851576,4.0,66.2,16.55,4.5,5.0,8,0.0,0.0,5.0,4
176183,0,0,0.15981643056001615,2.0,76.7,38.35,5.0,3.0,1,0.0,0.0,0.0,4
176196,0,0,0.12543371632309433,4.0,62.099999999999994,15.524999999999999,5.0,5.0,5,0.0,0.0,6.0,4
176201,0,0,0.07407443157852583,5.0,176.7,35.339999999999996,3.8,6.0,9,0.0,0.0,2.0,2
176205,1,0,0.2505460139578765,4.0,53.4,13.35,1.75,5.0,6,0.0,0.0,2.0,4
176232,0,0,0.14104042588903123,2.0,79.8,39.9,5.0,3.0,2,0.0,0.0,1.0,1
176233,0,0,0.2842541188480021,2.0,13.7,6.85,1.0,3.0,9,0.0,0.0,2.0,1
176237,0,0,0.12059709073811212,6.0,84.4,14.066666666666668,4.166666666666667,6.0,12,0.0,0.0,8.0,4
176246,0,0,0.1574698664906129,3.0,90.6,30.2,5.0,5.0,16,0.0,0.0,0.0,1
176252,0,0,0.017938102651782417,5.0,251.5,50.3,3.4,6.0,7,0.0,0.0,8.0,4
176255,0,0,0.05442926138969878,7.0,198.8,28.400000000000002,5.428571428571429,8.0,15,0.0,0.0,4.0,2
176268,1,0,0.3130366246644796,2.0,13.8,6.9,1.0,3.0,12,0.0,0.0,1.0,4
176269,0,0,0.2174097931395479,1.0,5.9,5.9,6.0,2.0,1,0.0,0.0,0.0,4
176299,0,0,0.2928107224559651,2.0,20.6,10.3,2.5,3.0,4,1.0,4.99,0.0,3
176304,0,0,0.27937328037657166,1.0,19.5,19.5,2.0,2.0,6,0.0,0.0,0.0,4
176315,0,0,0.08688863858751944,5.0,110.2,22.04,5.2,6.0,7,0.0,0.0,6.0,2
176320,0,0,0.0905377972986065,4.0,126.3,31.575,4.0,5.0,10,0.0,0.0,4.0,4
176322,0,0,0.05805636848782571,5.0,140.7,28.139999999999997,5.0,6.0,6,0.0,0.0,7.0,4
176328,0,0,0.14374973736199737,3.0,82.5,27.5,4.333333333333333,4.0,5,0.0,0.0,2.0,4
176329,0,0,0.18492945512870423,1.0,28.0,28.0,7.0,2.0,1,0.0,0.0,0.0,3
176332,0,0,0.28998891782607067,3.0,28.4,9.466666666666667,3.3333333333333335,4.0,11,0.0,0.0,0.0,2
176343,0,0,0.13035948140138917,6.0,106.3,17.716666666666665,4.166666666666667,7.0,16,0.0,0.0,5.0,4
176346,0,0,0.22151624089956623,2.0,53.5,26.75,3.5,3.0,6,1.0,1.99,0.0,1
176351,0,0,0.2716184944776585,1.0,16.0,16.0,3.0,2.0,17,0.0,0.0,0.0,1
176353,0,0,0.15648986962205216,3.0,69.0,23.0,5.0,4.0,11,0.0,0.0,2.0,3
176354,0,0,0.18033030822422347,3.0,38.1,12.700000000000001,4.0,4.0,6,0.0,0.0,4.0,4
176366,0,0,0.2434657781901541,3.0,27.0,9.0,2.3333333333333335,4.0,6,0.0,0.0,3.0,4
176369,0,0,0.05673318733136093,6.0,213.1,35.516666666666666,4.0,6.0,14,0.0,0.0,2.0,1
176378,1,0,0.260990619170477,1.0,14.5,14.5,3.0,2.0,2,0.0,0.0,0.0,3
176383,0,0,0.10921731718102227,3.0,65.2,21.733333333333334,3.0,4.0,15,0.0,0.0,8.0,4
176384,0,0,0.22077017990196512,3.0,26.799999999999997,8.933333333333332,3.0,6.0,18,0.0,0.0,4.0,4
176397,0,0,0.13497170957125734,2.0,88.5,44.25,2.5,3.0,2,0.0,0.0,3.0,4
176399,0,0,0.0772369598770859,5.0,140.1,28.02,5.6,6.0,11,0.0,0.0,4.0,4
176400,0,0,0.039084150850492994,6.0,125.3,20.883333333333333,3.8333333333333335,9.0,17,0.0,0.0,15.0,4
176408,0,0,0.1628440981998304,2.0,36.9,18.45,2.0,3.0,14,0.0,0.0,6.0,2
176409,0,0,0.05566257814174105,5.0,106.3,21.259999999999998,4.2,6.0,15,0.0,0.0,12.0,4
176411,1,0,0.2631684017625969,4.0,63.3,15.825,2.5,5.0,11,0.0,0.0,0.0,4
176419,1,0,0.11759341951617973,6.0,88.6,14.766666666666666,4.0,6.0,13,0.0,0.0,8.0,4
176424,0,0,0.22114458992501418,3.0,34.5,11.5,1.6666666666666667,4.0,6,0.0,0.0,4.0,4
176427,0,0,0.29052674673521106,2.0,5.8,2.9,2.5,3.0,4,0.0,0.0,1.0,4
176429,0,0,0.2994761794535543,1.0,15.7,15.7,1.0,2.0,6,0.0,0.0,0.0,1
176436,0,0,0.1093739133773513,5.0,108.6,21.72,4.2,6.0,13,0.0,0.0,5.0,3
176444,0,0,0.08355392042609429,6.0,147.0,24.5,5.166666666666667,6.0,8,0.0,0.0,4.0,2
176460,0,0,0.2432533606826007,1.0,13.6,13.6,4.0,2.0,0,0.0,0.0,0.0,4
176461,0,0,0.2664182022596482,1.0,12.6,12.6,3.0,2.0,7,0.0,0.0,0.0,2
176465,0,0,0.257150501590488,1.0,34.6,34.6,2.0,2.0,0,0.0,0.0,0.0,1
176475,1,0,0.09687789628026298,5.0,123.9,24.78,2.4,6.0,8,0.0,0.0,6.0,4
176490,0,0,0.013771466180396432,8.0,226.3,28.2875,5.625,8.0,12,0.0,0.0,15.0,3
176492,0,0,0.25751142988821224,1.0,2.5,2.5,4.0,2.0,5,0.0,0.0,0.0,4
176493,0,0,0.2759769170144991,2.0,31.1,15.55,2.5,3.0,13,0.0,0.0,0.0,4
176494,0,0,0.07056123279489607,5.0,127.2,25.44,5.8,6.0,12,0.0,0.0,6.0,2
176502,0,0,0.13038501383180667,4.0,93.2,23.3,3.5,5.0,11,0.0,0.0,4.0,3
176506,0,0,0.03243403088053141,7.0,169.3,24.185714285714287,4.285714285714286,9.0,17,0.0,0.0,13.0,1
176510,0,0,0.28638353767832153,1.0,0.6,0.6,3.0,4.0,17,0.0,0.0,0.0,4
176517,0,0,0.15081287485908865,3.0,71.7,23.900000000000002,5.333333333333333,6.0,17,0.0,0.0,2.0,3
176518,0,0,0.22282940469968415,3.0,53.6,17.866666666666667,2.6666666666666665,4.0,2,0.0,0.0,1.0,1
176520,0,0,0.056734713364286635,4.0,63.5,15.875,4.0,7.0,18,0.0,0.0,15.0,4
176521,0,0,0.0657796500781725,4.0,110.0,27.5,3.5,5.0,7,0.0,0.0,9.0,3
176527,0,0,0.1700313184301117,8.0,116.4,14.55,2.875,8.0,13,0.0,0.0,5.0,3
176528,0,0,0.13111915066881397,3.0,78.8,26.266666666666666,3.6666666666666665,4.0,9,0.0,0.0,4.0,3
176529,0,0,0.20621779185437739,2.0,35.3,17.65,5.5,3.0,1,0.0,0.0,0.0,2
176547,0,0,0.14958252142477965,3.0,64.6,21.53333333333333,3.3333333333333335,4.0,3,0.0,0.0,4.0,4
176552,0,0,0.09199205228624113,8.0,155.3,19.4125,3.0,8.0,12,0.0,0.0,7.0,3
176554,0,0,0.2479809371984931,1.0,8.2,8.2,4.0,2.0,0,0.0,0.0,0.0,4
176558,0,0,0.22215537353106415,3.0,26.5,8.833333333333334,3.6666666666666665,4.0,7,0.0,0.0,3.0,3
176561,1,0,0.2928413770527922,2.0,16.5,8.25,3.0,3.0,13,0.0,0.0,0.0,4
176564,0,0,0.262883487729489,1.0,11.4,11.4,3.0,2.0,0,0.0,0.0,0.0,4
176587,0,0,0.06059516763598805,4.0,118.7,29.675,4.5,5.0,5,0.0,0.0,8.0,3
176592,0,0,0.03024070456323381,7.0,166.0,23.714285714285715,4.428571428571429,7.0,14,0.0,0.0,14.0,4
176597,0,0,0.08053854276545504,4.0,134.3,33.575,3.25,5.0,11,0.0,0.0,5.0,3
176598,0,0,0.10905123693228234,3.0,108.30000000000001,36.1,4.0,4.0,11,0.0,0.0,3.0,4
176609,0,0,0.2851217462446191,2.0,9.3,4.65,2.5,3.0,5,0.0,0.0,1.0,4
176615,0,0,0.2569781830900178,4.0,57.0,14.25,2.25,5.0,9,0.0,0.0,1.0,3
176631,0,0,0.23159877203348564,3.0,40.7,13.566666666666668,4.0,4.0,10,0.0,0.0,1.0,2
176641,0,0,0.18595322160680655,4.0,56.2,14.05,2.0,5.0,9,0.0,0.0,5.0,2
176645,0,0,0.24178134794003403,2.0,30.700000000000003,15.350000000000001,4.5,3.0,16,0.0,0.0,0.0,2
176650,0,0,0.019528262603619326,5.0,224.3,44.86,3.8,7.0,16,0.0,0.0,10.0,4
176651,0,0,0.08733594193907557,4.0,111.0,27.75,3.0,6.0,18,0.0,0.0,7.0,4
176656,0,0,0.24489021541050857,1.0,9.1,9.1,3.0,2.0,1,0.0,0.0,1.0,4
176659,0,0,0.23284305171012293,3.0,49.400000000000006,16.46666666666667,2.6666666666666665,4.0,3,0.0,0.0,1.0,3
176663,0,0,0.23806165396642273,1.0,39.4,39.4,3.0,2.0,0,0.0,0.0,0.0,4
176668,0,0,0.2439397508206898,1.0,15.8,15.8,4.0,2.0,3,0.0,0.0,0.0,4
176671,0,0,0.10186097898718975,4.0,126.9,31.725,4.75,5.0,7,0.0,0.0,2.0,4
176673,0,0,0.19306407683527743,1.0,50.1,50.1,3.0,2.0,2,0.0,0.0,2.0,3
176675,0,0,0.11384957180939373,5.0,100.5,20.1,4.6,6.0,10,0.0,0.0,5.0,4
176684,0,0,0.2142563358104114,3.0,42.400000000000006,14.133333333333335,2.6666666666666665,4.0,11,0.0,0.0,3.0,4
176686,0,0,0.07956261053857236,7.0,112.7,16.1,4.857142857142857,7.0,11,0.0,0.0,10.0,4
176689,1,0,0.32279785533987193,2.0,3.8000000000000003,1.9000000000000001,2.5,3.0,9,0.0,0.0,0.0,4
176695,0,0,0.024345916694100477,7.0,254.9,36.41428571428572,6.142857142857143,7.0,9,1.0,39.97,4.0,2
176712,0,0,0.05930030981888269,5.0,149.0,29.8,3.8,6.0,7,0.0,0.0,7.0,4
176719,0,0,0.24808990015278223,2.0,22.6,11.3,2.5,5.0,18,0.0,0.0,2.0,2
176720,0,0,0.22920119015876414,1.0,10.3,10.3,5.0,2.0,0,0.0,0.0,0.0,4
176726,0,0,0.2083044719540431,4.0,63.2,15.8,4.25,5.0,7,0.0,0.0,1.0,1
176737,1,0,0.1395094734123494,4.0,83.5,20.875,3.75,5.0,10,0.0,0.0,4.0,3
176746,0,0,0.17890942072953767,3.0,73.5,24.5,3.6666666666666665,4.0,5,0.0,0.0,1.0,3
176747,0,0,0.2936259989312567,2.0,8.2,4.1,2.5,4.0,16,0.0,0.0,1.0,1
176748,0,0,0.15540897258925415,3.0,34.1,11.366666666666667,7.333333333333333,4.0,3,0.0,0.0,3.0,3
176754,0,0,0.21250472532261463,5.0,78.0,15.6,2.6,6.0,6,0.0,0.0,2.0,1
176766,0,0,0.2968077820879666,2.0,8.2,4.1,3.5,5.0,17,0.0,0.0,0.0,1
176769,0,0,0.05957300065074654,5.0,151.6,30.32,2.2,6.0,7,0.0,0.0,8.0,3
176782,0,0,0.36807297574640807,5.0,20.6,4.12,1.8,6.0,12,0.0,0.0,2.0,4
176783,0,0,0.15966796876239137,5.0,91.3,18.259999999999998,4.0,6.0,12,0.0,0.0,3.0,4
176787,1,0,0.18563590360732588,6.0,90.4,15.066666666666668,2.6666666666666665,6.0,12,0.0,0.0,4.0,3
176799,0,0,0.23745322876189548,4.0,37.3,9.325,1.25,5.0,14,0.0,0.0,5.0,4
176806,0,0,0.22782473496403205,2.0,30.6,15.3,3.5,3.0,1,0.0,0.0,1.0,4
176810,0,0,0.05776592961623809,8.0,166.0,20.75,3.5,8.0,12,0.0,0.0,10.0,4
176826,0,0,0.25477104660682814,4.0,26.5,6.625,2.5,5.0,11,0.0,0.0,4.0,3
176827,0,0,0.17588322287995106,2.0,64.30000000000001,32.150000000000006,5.0,3.0,4,0.0,0.0,0.0,2
176828,0,0,0.16800002895719746,2.0,72.5,36.25,3.0,3.0,14,0.0,0.0,2.0,3
176831,0,0,0.29607088145279964,4.0,34.2,8.55,1.75,5.0,13,0.0,0.0,2.0,1
176834,0,0,0.026644345532187468,7.0,259.0,37.0,4.285714285714286,7.0,8,0.0,0.0,5.0,2
176840,0,0,0.15985280887036554,5.0,80.19999999999999,16.04,3.8,6.0,5,0.0,0.0,4.0,4
176861,0,0,0.30863856581124066,0.0,0.0,0.0,0.0,1.0,18,0.0,0.0,0.0,1
176862,0,0,0.26686227810699226,2.0,30.0,15.0,3.0,3.0,13,0.0,0.0,0.0,2
176863,0,0,0.23173116939134775,2.0,51.1,25.55,2.5,3.0,1,0.0,0.0,0.0,4
176875,0,0,0.2437274073974138,3.0,49.199999999999996,16.4,2.0,4.0,4,0.0,0.0,1.0,1
176876,0,0,0.012240781474459094,7.0,254.2,36.31428571428571,6.714285714285714,8.0,15,1.0,9.99,11.0,1
176903,0,0,0.27405394809767736,1.0,6.7,6.7,2.0,2.0,11,0.0,0.0,1.0,4
176904,0,0,0.13793561290034537,2.0,64.80000000000001,32.400000000000006,7.0,3.0,6,0.0,0.0,1.0,3
176913,0,0,0.12642360152859114,4.0,108.10000000000001,27.025000000000002,4.5,5.0,12,0.0,0.0,2.0,2
176915,0,0,0.14957634813660048,3.0,85.9,28.633333333333336,3.6666666666666665,4.0,11,0.0,0.0,2.0,2
176923,0,0,0.24309781529065883,2.0,19.3,9.65,2.0,3.0,5,1.0,1.99,3.0,4
176934,0,0,0.2139944849586432,2.0,50.2,25.1,2.5,3.0,2,0.0,0.0,1.0,3
176961,0,0,0.18048898465130905,6.0,82.7,13.783333333333333,4.333333333333333,6.0,11,1.0,4.99,4.0,3
176967,0,0,0.17291571110823756,3.0,73.0,24.333333333333332,3.3333333333333335,4.0,12,0.0,0.0,2.0,3
176974,0,0,0.19570791949976535,2.0,76.0,38.0,1.5,3.0,12,1.0,19.99,1.0,1
176979,1,0,0.2263081597788436,5.0,65.7,13.14,2.4,6.0,11,0.0,0.0,3.0,3
177005,1,0,0.39583741377916787,5.0,28.099999999999998,5.619999999999999,2.0,6.0,15,0.0,0.0,0.0,1
177007,0,0,0.2889075934579926,4.0,30.1,7.525,2.5,5.0,11,0.0,0.0,2.0,1
177013,0,0,0.17845816948478208,3.0,69.3,23.099999999999998,3.3333333333333335,4.0,14,0.0,0.0,2.0,1
177019,0,0,0.23752771530792527,2.0,39.3,19.65,2.5,3.0,12,0.0,0.0,1.0,1
177029,0,0,0.1922777446089094,4.0,92.80000000000001,23.200000000000003,2.0,5.0,8,0.0,0.0,1.0,3
177035,0,0,0.15102798524348418,2.0,40.6,20.3,5.5,3.0,2,0.0,0.0,3.0,1
177046,0,0,0.09556343959144423,5.0,138.0,27.6,4.6,6.0,14,0.0,0.0,3.0,2
177055,0,0,0.2549722324835139,1.0,18.5,18.5,2.0,2.0,2,0.0,0.0,1.0,4
177056,0,0,0.04883335116681211,3.0,176.1,58.699999999999996,7.666666666666667,4.0,3,0.0,0.0,1.0,1
177059,0,0,0.1071817557091126,6.0,131.0,21.833333333333332,4.166666666666667,6.0,7,0.0,0.0,4.0,2
177061,0,0,0.3455082105822625,2.0,11.4,5.7,1.0,5.0,18,0.0,0.0,0.0,4
177064,0,0,0.2568512455925584,1.0,19.4,19.4,2.0,2.0,5,0.0,0.0,1.0,4
177065,0,0,0.24852644927260098,1.0,2.4,2.4,2.0,2.0,4,0.0,0.0,2.0,2
177082,0,0,0.18548159157201477,4.0,63.0,15.75,3.5,5.0,6,0.0,0.0,3.0,3
177083,0,0,0.3378575068762867,3.0,18.7,6.233333333333333,1.6666666666666667,4.0,5,0.0,0.0,0.0,1
177087,0,0,0.2065959992771643,1.0,20.7,20.7,3.0,2.0,13,0.0,0.0,3.0,4
177094,0,0,0.050448649678054465,5.0,182.7,36.54,4.2,6.0,14,0.0,0.0,5.0,3
177101,0,0,0.06410383356005153,5.0,125.7,25.14,5.0,6.0,18,1.0,49.99,7.0,3
177103,0,0,0.047632014171966566,8.0,165.9,20.7375,3.375,8.0,13,0.0,0.0,12.0,4
177113,1,0,0.2464267290544365,1.0,2.5,2.5,4.0,2.0,16,0.0,0.0,1.0,4
177114,0,0,0.0926897958989013,4.0,75.6,18.9,3.75,5.0,10,0.0,0.0,9.0,4
177121,0,0,0.1791831249631059,1.0,12.1,12.1,6.0,2.0,3,0.0,0.0,2.0,4
177123,0,0,0.056122541230546844,6.0,138.6,23.099999999999998,4.0,8.0,16,0.0,0.0,10.0,3
177124,0,0,0.21968216678791433,3.0,33.5,11.166666666666666,3.0,4.0,5,0.0,0.0,3.0,4
177126,0,0,0.23313168555864877,2.0,7.6,3.8,3.0,3.0,2,0.0,0.0,3.0,3
177127,0,0,0.26325719548599685,2.0,16.8,8.4,4.0,3.0,5,0.0,0.0,0.0,1
177130,0,0,0.2331962806099457,4.0,51.1,12.775,2.0,5.0,9,0.0,0.0,3.0,4
177135,0,0,0.33383039180962254,2.0,12.9,6.45,1.0,3.0,7,0.0,0.0,0.0,4
177142,0,0,0.1407387304567181,3.0,66.1,22.03333333333333,3.0,4.0,8,0.0,0.0,5.0,4
177149,0,0,0.18298468048476943,4.0,76.2,19.05,4.75,5.0,12,0.0,0.0,1.0,2
177156,0,0,0.1705941505142265,2.0,66.5,33.25,4.0,3.0,2,0.0,0.0,1.0,4
177163,0,0,0.10176118086880546,5.0,129.5,25.9,3.4,6.0,6,0.0,0.0,4.0,4
177188,0,0,0.06304645059675908,4.0,165.5,41.375,3.5,5.0,11,0.0,0.0,4.0,1
177193,0,0,0.2196304295837419,3.0,46.0,15.333333333333334,4.0,4.0,7,0.0,0.0,1.0,2
177203,0,0,0.26087414576206663,1.0,13.6,13.6,3.0,2.0,0,0.0,0.0,0.0,4
177206,1,0,0.17606364851650685,4.0,78.2,19.55,2.75,5.0,12,0.0,0.0,3.0,4
177215,0,0,0.1141857671417055,4.0,53.8,13.45,4.75,5.0,6,0.0,0.0,8.0,3
177223,0,0,0.2672120006600683,1.0,4.8,4.8,3.0,2.0,1,0.0,0.0,0.0,1
177232,0,0,0.04747635633926238,6.0,144.8,24.133333333333336,3.6666666666666665,6.0,7,0.0,0.0,11.0,4
177233,0,0,0.3064571891291317,3.0,16.0,5.333333333333333,2.6666666666666665,4.0,9,0.0,0.0,1.0,4
177234,0,0,0.1990406487993055,3.0,26.4,8.799999999999999,3.0,4.0,10,0.0,0.0,5.0,4
177245,1,0,0.2679604836265632,1.0,27.7,27.7,2.0,2.0,3,0.0,0.0,0.0,3
177246,0,0,0.1713172523920387,3.0,61.3,20.433333333333334,4.333333333333333,4.0,3,0.0,0.0,2.0,4
177254,1,0,0.30900319819953787,5.0,30.0,6.0,2.2,6.0,10,0.0,0.0,3.0,4
177266,0,0,0.018064737938748836,5.0,205.4,41.08,4.4,6.0,11,0.0,0.0,12.0,4
177275,0,0,0.3304851789463533,3.0,20.9,6.966666666666666,2.3333333333333335,4.0,16,0.0,0.0,0.0,1
177278,0,0,0.2245171353670578,4.0,47.9,11.975,2.75,5.0,6,0.0,0.0,3.0,4
177283,0,0,0.14784322929161609,3.0,54.3,18.099999999999998,6.0,4.0,10,0.0,0.0,3.0,1
177285,0,0,0.2945027744700401,3.0,36.599999999999994,12.199999999999998,2.0,4.0,8,0.0,0.0,0.0,1
177286,0,0,0.28762523592868866,4.0,43.6,10.9,3.25,5.0,9,0.0,0.0,0.0,1
177289,0,0,0.2854620472367585,1.0,6.2,6.2,2.0,2.0,0,0.0,0.0,0.0,3
177290,0,0,0.1562485575972526,3.0,76.6,25.53333333333333,2.0,5.0,15,0.0,0.0,4.0,4
177292,0,0,0.15956454927340194,2.0,32.9,16.45,4.5,3.0,3,0.0,0.0,4.0,3
177297,0,0,0.14908294627440927,3.0,91.4,30.46666666666667,1.6666666666666667,4.0,4,0.0,0.0,3.0,4
177320,0,0,0.2684823121693963,1.0,3.7,3.7,2.0,2.0,2,0.0,0.0,1.0,4
177322,0,0,0.0890909647246669,6.0,109.4,18.233333333333334,3.3333333333333335,6.0,9,0.0,0.0,9.0,4
177326,0,0,0.2127760571298003,4.0,71.4,17.85,3.5,5.0,14,0.0,0.0,1.0,4
177331,0,0,0.1966022134635446,1.0,27.5,27.5,4.0,2.0,3,0.0,0.0,2.0,4
177336,0,0,0.27544801472128827,1.0,10.2,10.2,2.0,2.0,16,0.0,0.0,1.0,4
177355,0,0,0.25065200651774544,2.0,15.6,7.8,2.5,3.0,3,0.0,0.0,2.0,4
177363,0,0,0.1925609609701215,3.0,35.6,11.866666666666667,3.6666666666666665,4.0,13,0.0,0.0,4.0,2
177370,0,0,0.1690967889360645,3.0,70.6,23.53333333333333,4.666666666666667,4.0,5,0.0,0.0,1.0,2
177371,0,0,0.19768667060202494,3.0,38.0,12.666666666666666,1.6666666666666667,4.0,7,0.0,0.0,5.0,4
177399,0,0,0.3086066130510221,0.0,0.0,0.0,0.0,1.0,17,0.0,0.0,0.0,2
177412,0,0,0.27871609218576404,2.0,10.3,5.15,3.0,3.0,13,0.0,0.0,1.0,1
177420,0,0,0.21920725179342898,5.0,52.2,10.440000000000001,3.4,6.0,14,0.0,0.0,4.0,2
177422,0,0,0.3057773944081338,4.0,28.1,7.025,3.25,5.0,12,0.0,0.0,1.0,4
177444,0,0,0.1462323878955308,3.0,79.8,26.599999999999998,3.3333333333333335,4.0,7,0.0,0.0,3.0,4
177452,0,0,0.14025640648732282,5.0,98.7,19.740000000000002,3.4,6.0,11,0.0,0.0,4.0,2
177456,0,0,0.12209582996601631,3.0,82.8,27.599999999999998,4.0,4.0,7,0.0,0.0,4.0,3
177485,0,0,0.08013125118009559,7.0,188.7,26.957142857142856,3.4285714285714284,7.0,13,0.0,0.0,3.0,2
177487,0,0,0.21423451296393947,2.0,56.7,28.35,3.0,3.0,1,0.0,0.0,0.0,3
177492,0,0,0.2759473985501496,3.0,21.799999999999997,7.266666666666666,2.3333333333333335,4.0,10,0.0,0.0,2.0,1
177498,0,0,0.19846835479213734,4.0,55.5,13.875,2.5,5.0,9,0.0,0.0,4.0,4
177500,0,0,0.23632908270379935,4.0,39.7,9.925,3.25,5.0,11,0.0,0.0,3.0,4
177502,0,0,0.29870593235278725,1.0,3.6,3.6,2.0,2.0,11,0.0,0.0,0.0,3
177510,0,0,0.2917291785776264,1.0,1.7,1.7,2.0,2.0,1,0.0,0.0,0.0,4
177518,0,0,0.25244979039250254,3.0,37.2,12.4,4.0,4.0,4,0.0,0.0,0.0,1
177528,0,0,0.03576147000599458,5.0,120.60000000000001,24.12,5.0,6.0,14,0.0,0.0,14.0,4
177561,0,0,0.03979590151160497,4.0,162.5,40.625,4.5,5.0,12,0.0,0.0,8.0,4
177571,1,0,0.23938905173252484,1.0,1.3,1.3,5.0,2.0,4,0.0,0.0,0.0,3
177578,0,0,0.13029032836014368,6.0,96.2,16.033333333333335,2.8333333333333335,6.0,10,0.0,0.0,7.0,4
177580,0,0,0.26216160865533816,2.0,27.8,13.9,3.5,4.0,16,0.0,0.0,0.0,1
177588,0,0,0.1752303522693653,5.0,61.599999999999994,12.319999999999999,3.8,6.0,7,0.0,0.0,5.0,4
177599,0,0,0.23640335398508608,3.0,48.4,16.133333333333333,2.6666666666666665,4.0,6,0.0,0.0,1.0,2
177600,0,0,0.10676364376158051,3.0,134.6,44.86666666666667,3.3333333333333335,4.0,5,0.0,0.0,1.0,2
177609,1,0,0.1856821575106579,3.0,36.9,12.299999999999999,2.6666666666666665,4.0,8,0.0,0.0,5.0,4
177631,0,0,0.2432533606826007,1.0,13.6,13.6,4.0,2.0,0,0.0,0.0,0.0,4
177632,0,0,0.038226707779368714,8.0,204.2,25.525,5.5,8.0,10,0.0,0.0,8.0,4
177665,0,0,0.31238673346290174,2.0,5.5,2.75,2.5,3.0,2,0.0,0.0,0.0,4
177667,0,0,0.14501409276899171,4.0,61.900000000000006,15.475000000000001,2.5,5.0,14,0.0,0.0,7.0,4
177674,0,0,0.2557150915855219,5.0,55.5,11.1,3.0,6.0,8,0.0,0.0,2.0,4
177679,0,0,0.08166678606488277,3.0,132.0,44.0,3.3333333333333335,4.0,7,0.0,0.0,4.0,2
177683,0,0,0.12775841114725806,6.0,110.0,18.333333333333332,5.0,9.0,18,0.0,0.0,4.0,2
177689,0,0,0.1686120622173587,3.0,78.39999999999999,26.13333333333333,4.0,4.0,9,0.0,0.0,1.0,1
177697,0,0,0.2752827992922811,1.0,13.2,13.2,1.0,2.0,5,1.0,19.99,1.0,1
177703,0,0,0.28494888324301537,3.0,24.4,8.133333333333333,1.6666666666666667,4.0,9,0.0,0.0,2.0,4
177704,1,0,0.16564290587810124,5.0,89.5,17.9,3.8,6.0,13,0.0,0.0,3.0,4
177716,0,0,0.052805085893450114,5.0,113.10000000000001,22.62,4.0,7.0,17,0.0,0.0,12.0,4
177719,0,0,0.2676133504634709,2.0,17.6,8.8,2.0,4.0,17,0.0,0.0,2.0,4
177728,0,0,0.21856683401039453,2.0,14.0,7.0,6.0,3.0,8,0.0,0.0,1.0,4
177729,0,0,0.25156615563834295,1.0,25.3,25.3,2.0,2.0,5,0.0,0.0,1.0,4
177747,0,0,0.2327012426093296,3.0,41.0,13.666666666666666,4.0,4.0,11,0.0,0.0,1.0,3
177749,0,0,0.2670767205395338,2.0,20.0,10.0,4.0,5.0,17,0.0,0.0,0.0,2
177753,0,0,0.1890922609220456,7.0,82.5,11.785714285714286,4.0,9.0,17,0.0,0.0,5.0,1
177763,0,0,0.21810621706164107,1.0,63.4,63.4,3.0,2.0,0,0.0,0.0,0.0,4
177775,0,0,0.07277170820967391,5.0,122.9,24.580000000000002,3.8,6.0,14,0.0,0.0,8.0,4
177790,0,0,0.24143145926889673,1.0,15.7,15.7,4.0,2.0,0,0.0,0.0,0.0,4
177805,0,0,0.26078713171761203,1.0,8.5,8.5,4.0,3.0,17,0.0,0.0,0.0,3
177809,0,0,0.018338457763513158,7.0,236.4,33.77142857142857,5.571428571428571,7.0,12,0.0,0.0,10.0,3
177811,0,0,0.1721831717035405,3.0,70.9,23.633333333333336,2.6666666666666665,5.0,17,0.0,0.0,3.0,4
177813,0,0,0.3013794748650296,3.0,14.100000000000001,4.7,3.3333333333333335,4.0,13,0.0,0.0,1.0,4
177814,0,0,0.17019471740090156,1.0,48.4,48.4,7.0,2.0,1,0.0,0.0,0.0,2
177818,0,0,0.18263970043972538,3.0,45.699999999999996,15.233333333333333,4.333333333333333,4.0,9,0.0,0.0,3.0,4
177845,0,0,0.24123816736953058,1.0,12.4,12.4,3.0,2.0,3,0.0,0.0,1.0,1
177866,0,0,0.2701350487438865,2.0,23.0,11.5,2.0,3.0,6,0.0,0.0,1.0,3
177891,0,0,0.21021177374885708,1.0,6.1,6.1,3.0,2.0,3,0.0,0.0,3.0,4
177904,0,0,0.27796937044119713,2.0,28.9,14.45,2.0,3.0,2,0.0,0.0,0.0,3
177911,0,0,0.24084249530918547,1.0,36.2,36.2,3.0,2.0,1,0.0,0.0,0.0,3
177914,1,0,0.35515701836246466,3.0,11.1,3.6999999999999997,2.3333333333333335,4.0,15,0.0,0.0,0.0,4
177916,0,0,0.06338955148721825,6.0,158.3,26.383333333333336,4.833333333333333,6.0,14,0.0,0.0,6.0,1
177919,0,0,0.28407576550249886,1.0,8.7,8.7,2.0,2.0,3,0.0,0.0,0.0,1
177926,0,0,0.20644430081786302,3.0,22.7,7.566666666666666,4.0,4.0,9,0.0,0.0,4.0,3
177943,0,0,0.13381512963025055,4.0,122.9,30.725,3.25,5.0,12,0.0,0.0,1.0,2
177944,0,0,0.2869671726205103,3.0,15.1,5.033333333333333,2.3333333333333335,4.0,6,0.0,0.0,2.0,2
177945,0,0,0.13523447377717324,2.0,58.6,29.3,3.0,3.0,3,0.0,0.0,5.0,4
177952,0,0,0.08334881091028525,5.0,154.9,30.98,3.8,6.0,8,0.0,0.0,3.0,1
177959,0,0,0.06216363624772329,8.0,129.3,16.1625,3.875,8.0,13,0.0,0.0,13.0,4
177963,0,0,0.1442330339079648,5.0,96.1,19.22,3.6,7.0,17,0.0,0.0,4.0,2
177967,0,0,0.30090354071314424,2.0,6.0,3.0,2.0,3.0,6,0.0,0.0,1.0,3
177971,0,0,0.09928148058649484,4.0,59.7,14.925,4.75,5.0,9,0.0,0.0,9.0,4
177972,0,0,0.09138561858390574,4.0,110.0,27.5,5.75,5.0,9,0.0,0.0,4.0,4
177973,0,0,0.049851372345222224,5.0,145.3,29.060000000000002,4.2,6.0,14,0.0,0.0,9.0,4
177995,0,0,0.21060026358457787,2.0,29.5,14.75,3.5,3.0,2,0.0,0.0,2.0,3
178002,0,0,0.22240240924944316,6.0,93.80000000000001,15.633333333333335,3.1666666666666665,6.0,10,0.0,0.0,1.0,1
178003,0,0,0.14492429473885246,3.0,84.9,28.3,5.0,4.0,2,0.0,0.0,1.0,4
178005,0,0,0.2428107011746038,1.0,8.5,8.5,5.0,4.0,17,0.0,0.0,0.0,4
178007,0,0,0.24342736077370433,1.0,13.4,13.4,4.0,2.0,0,0.0,0.0,0.0,4
178014,0,0,0.2473338230666439,1.0,8.4,8.4,3.0,2.0,6,0.0,0.0,1.0,1
178016,0,0,0.18838093779353016,2.0,48.699999999999996,24.349999999999998,4.5,3.0,5,0.0,0.0,1.0,3
178026,0,0,0.2496441033167904,1.0,27.1,27.1,3.0,2.0,1,0.0,0.0,0.0,4
178035,0,0,0.1832881626274507,2.0,29.700000000000003,14.850000000000001,4.5,3.0,9,0.0,0.0,3.0,3
178036,0,0,0.2545791228830382,1.0,19.6,19.6,3.0,2.0,0,0.0,0.0,0.0,3
178040,0,0,0.2170500679270167,3.0,25.299999999999997,8.433333333333332,4.333333333333333,6.0,16,0.0,0.0,3.0,1
178043,1,0,0.09907800490794444,4.0,69.0,17.25,6.0,5.0,8,0.0,0.0,7.0,4
178072,0,0,0.045993394730576745,8.0,127.6,15.95,4.0,8.0,14,0.0,0.0,16.0,4
178094,0,0,0.1878347853834863,2.0,46.1,23.05,3.5,3.0,2,0.0,0.0,2.0,4
178107,0,0,0.22568765890550507,3.0,36.7,12.233333333333334,3.6666666666666665,4.0,12,0.0,0.0,2.0,1
178109,0,0,0.140155760786257,4.0,85.6,21.4,3.5,5.0,13,0.0,0.0,4.0,1
178117,0,0,0.08919019982142648,8.0,167.1,20.8875,4.25,9.0,16,0.0,0.0,5.0,1
178118,0,0,0.1834273597962562,2.0,72.9,36.45,2.5,3.0,3,0.0,0.0,1.0,4
178123,0,0,0.23475051918561016,1.0,5.7,5.7,5.0,2.0,2,0.0,0.0,0.0,4
178130,0,0,0.25138973418672783,2.0,50.6,25.3,1.5,3.0,3,0.0,0.0,0.0,4
178133,0,0,0.15118711814132524,4.0,62.7,15.675,3.75,5.0,7,0.0,0.0,5.0,1
178143,1,0,0.25274835140992813,3.0,35.8,11.933333333333332,4.333333333333333,4.0,5,0.0,0.0,0.0,4
178147,0,0,0.2710534510946282,2.0,24.1,12.05,2.0,3.0,11,0.0,0.0,1.0,1
178150,0,0,0.26235375680163153,4.0,37.4,9.35,3.25,6.0,16,0.0,0.0,2.0,1
178151,1,0,0.2425771662630494,3.0,26.1,8.700000000000001,3.6666666666666665,4.0,6,0.0,0.0,2.0,4
178156,0,0,0.07465303359123042,7.0,194.0,27.714285714285715,3.4285714285714284,7.0,11,0.0,0.0,3.0,1
178162,0,0,0.3153145702621788,2.0,7.2,3.6,2.5,3.0,11,0.0,0.0,0.0,1
178169,0,0,0.1534720814666127,2.0,91.1,45.55,4.0,3.0,1,0.0,0.0,0.0,1
178174,0,0,0.2123832213037533,3.0,42.3,14.1,3.0,4.0,16,0.0,0.0,3.0,3
178177,0,0,0.12019551982578669,3.0,82.4,27.46666666666667,3.0,4.0,5,0.0,0.0,5.0,4
178179,0,0,0.16183196259508278,5.0,113.9,22.78,3.4,6.0,14,0.0,0.0,1.0,1
178185,0,0,0.2979512196423088,2.0,16.4,8.2,2.5,3.0,11,0.0,0.0,0.0,1
178188,0,0,0.2855971579814444,1.0,12.1,12.1,2.0,2.0,8,0.0,0.0,0.0,1
178189,0,0,0.3261842678778896,4.0,28.299999999999997,7.074999999999999,3.5,5.0,14,0.0,0.0,0.0,4
178193,0,0,0.2723794899810864,2.0,30.5,15.25,2.0,3.0,1,0.0,0.0,0.0,1
178194,0,0,0.09738947712387451,4.0,128.2,32.05,4.0,5.0,9,0.0,0.0,3.0,3
178201,1,0,0.18372932096750774,3.0,83.1,27.7,2.6666666666666665,4.0,12,0.0,0.0,1.0,4
178202,0,0,0.10691591952569132,8.0,147.1,18.3875,3.75,8.0,17,0.0,0.0,6.0,4
178204,0,0,0.07877526853170055,6.0,96.2,16.033333333333335,4.0,6.0,9,0.0,0.0,11.0,3
178211,0,0,0.18814235128578358,3.0,85.7,28.566666666666666,1.6666666666666667,4.0,4,0.0,0.0,1.0,4
178213,0,0,0.21282923378694893,1.0,29.5,29.5,5.0,2.0,1,0.0,0.0,0.0,2
178218,0,0,0.2804781272046874,5.0,73.3,14.66,1.8,6.0,7,0.0,0.0,0.0,4
178221,0,0,0.2539845842038689,4.0,45.2,11.3,3.0,6.0,17,0.0,0.0,2.0,4
178226,0,0,0.12780520147342855,2.0,75.0,37.5,5.0,6.0,17,0.0,0.0,3.0,4
178231,0,0,0.17942572024881534,3.0,51.3,17.099999999999998,3.0,5.0,15,0.0,0.0,4.0,4
178250,0,0,0.21389145321583902,1.0,26.2,26.2,5.0,2.0,0,0.0,0.0,0.0,1
178263,1,0,0.1599835483389892,3.0,74.0,24.666666666666668,4.333333333333333,6.0,17,0.0,0.0,2.0,3
178269,0,0,0.1753525321165901,5.0,93.2,18.64,3.8,6.0,14,0.0,0.0,2.0,3
178274,0,0,0.19611364851318414,2.0,75.0,37.5,2.5,3.0,1,0.0,0.0,0.0,4
178279,0,0,0.011149829536040132,8.0,286.2,35.775,6.625,9.0,15,1.0,1.99,10.0,1
178291,0,0,0.2621863579475577,4.0,43.6,10.9,2.25,5.0,9,0.0,0.0,2.0,1
178325,1,0,0.23929003840379479,3.0,36.7,12.233333333333334,1.6666666666666667,4.0,11,0.0,0.0,3.0,2
178328,0,0,0.13142336072496924,2.0,80.9,40.45,7.0,3.0,1,0.0,0.0,0.0,3
178329,0,0,0.19570148219532568,1.0,47.5,47.5,3.0,2.0,2,0.0,0.0,2.0,4
178332,1,0,0.15987860307576454,4.0,64.7,16.175,3.25,8.0,18,0.0,0.0,5.0,3
178334,0,0,0.19429082234531408,3.0,72.6,24.2,2.0,4.0,14,0.0,0.0,2.0,4
178340,0,0,0.22697698526651694,1.0,5.8,5.8,3.0,2.0,2,0.0,0.0,2.0,2
178344,0,0,0.29283942110087985,2.0,21.2,10.6,2.0,3.0,2,0.0,0.0,0.0,4
178353,0,0,0.27864006627538,4.0,47.599999999999994,11.899999999999999,3.25,5.0,6,0.0,0.0,0.0,4
178361,0,0,0.13517282856070673,4.0,59.4,14.85,3.75,6.0,18,0.0,0.0,7.0,3
178364,0,0,0.1817051873196033,2.0,59.8,29.9,5.0,3.0,2,0.0,0.0,0.0,4
178365,0,0,0.17968922592037936,4.0,72.8,18.2,4.0,5.0,7,0.0,0.0,2.0,3
178366,0,0,0.2122130625847085,2.0,43.5,21.75,3.5,3.0,6,0.0,0.0,1.0,4
178373,0,0,0.18866747657224978,3.0,76.0,25.333333333333332,3.0,4.0,12,0.0,0.0,1.0,2
178383,0,0,0.22538071105285037,1.0,15.9,15.9,5.0,2.0,1,0.0,0.0,0.0,4
178384,0,0,0.28315041815031167,3.0,37.1,12.366666666666667,2.3333333333333335,4.0,3,0.0,0.0,0.0,2
178392,0,0,0.2620936631358535,3.0,41.4,13.799999999999999,1.3333333333333333,4.0,15,0.0,0.0,2.0,4
178404,0,0,0.1768772917346937,2.0,62.1,31.05,4.0,3.0,3,0.0,0.0,1.0,4
178411,0,0,0.14368112297344401,2.0,30.3,15.15,5.5,5.0,17,0.0,0.0,5.0,4
178420,0,0,0.14244829481047486,3.0,59.4,19.8,3.3333333333333335,4.0,3,0.0,0.0,5.0,4
178424,0,0,0.1711547125265533,3.0,32.0,10.666666666666666,2.0,4.0,10,0.0,0.0,7.0,4
178438,0,0,0.2459198851091795,1.0,13.9,13.9,3.0,2.0,7,0.0,0.0,1.0,4
178440,0,0,0.03395985893633757,8.0,219.5,27.4375,5.375,9.0,16,1.0,4.99,8.0,2
178444,0,0,0.2348752940804806,2.0,31.1,15.55,2.5,3.0,14,0.0,0.0,2.0,4
178445,0,0,0.13826553910251005,3.0,73.1,24.366666666666664,4.666666666666667,4.0,5,0.0,0.0,3.0,4
178451,0,0,0.28908139709397446,1.0,9.4,9.4,2.0,2.0,6,0.0,0.0,0.0,4
178452,0,0,0.30010001902692757,3.0,32.0,10.666666666666666,2.6666666666666665,4.0,14,0.0,0.0,0.0,4
178473,0,0,0.241739865690986,2.0,38.2,19.1,2.0,3.0,2,0.0,0.0,1.0,4
178479,0,0,0.1879597443110443,3.0,60.5,20.166666666666668,2.3333333333333335,4.0,10,0.0,0.0,3.0,3
178485,0,0,0.15311811078149595,4.0,68.3,17.075,4.5,6.0,16,0.0,0.0,4.0,1
178487,0,0,0.25288062641376674,5.0,59.3,11.86,2.8,6.0,11,0.0,0.0,2.0,3
178490,0,0,0.13288407396601487,4.0,114.39999999999999,28.599999999999998,3.25,5.0,14,0.0,0.0,2.0,2
178516,0,0,0.24315757828466744,2.0,21.200000000000003,10.600000000000001,2.5,3.0,5,0.0,0.0,2.0,4
178518,0,0,0.11066532635232046,4.0,110.80000000000001,27.700000000000003,5.75,5.0,12,0.0,0.0,2.0,1
178530,0,0,0.2043673934192799,1.0,3.7,3.7,7.0,2.0,2,0.0,0.0,0.0,4
178535,0,0,0.2927352009332637,1.0,1.1,1.1,1.0,2.0,7,0.0,0.0,1.0,2
178537,1,0,0.2599932347492411,3.0,21.200000000000003,7.066666666666667,2.3333333333333335,4.0,12,0.0,0.0,3.0,4
178538,0,0,0.2103174096843716,3.0,41.2,13.733333333333334,3.0,4.0,10,0.0,0.0,3.0,4
178547,0,0,0.12648607272453705,5.0,106.7,21.34,3.6,6.0,8,0.0,0.0,4.0,3
178553,0,0,0.2921353172947438,2.0,11.6,5.8,3.0,3.0,4,0.0,0.0,0.0,3
178561,0,0,0.2633996472462082,1.0,10.9,10.9,3.0,2.0,2,0.0,0.0,0.0,2
178566,0,0,0.16481873768321956,3.0,39.3,13.1,2.6666666666666665,4.0,7,0.0,0.0,6.0,3
178569,0,0,0.12007727233245913,5.0,88.9,17.78,3.0,6.0,10,0.0,0.0,7.0,4
178580,0,0,0.06389456339238563,5.0,171.9,34.38,4.8,6.0,8,0.0,0.0,3.0,1
178585,0,0,0.31174837836361347,2.0,11.1,5.55,2.0,3.0,2,0.0,0.0,0.0,4
178591,0,0,0.163664114736911,2.0,10.2,5.1,5.5,3.0,9,0.0,0.0,5.0,4
178606,0,0,0.08676749687125544,5.0,147.3,29.46,4.6,6.0,8,1.0,39.98,2.0,2
178621,0,0,0.3128198197215373,3.0,17.8,5.933333333333334,3.6666666666666665,5.0,17,0.0,0.0,0.0,4
178622,0,0,0.2009087388970172,2.0,41.8,20.9,4.5,3.0,8,0.0,0.0,1.0,4
178636,0,0,0.14702826809054073,3.0,68.7,22.900000000000002,5.666666666666667,4.0,7,0.0,0.0,2.0,4
178663,0,0,0.2103974490528975,4.0,84.5,21.125,3.25,5.0,13,0.0,0.0,0.0,4
178678,0,0,0.14427778824640694,2.0,65.4,32.7,4.5,4.0,16,0.0,0.0,3.0,4
178681,0,0,0.15841099483764545,2.0,51.4,25.7,3.5,5.0,18,0.0,0.0,4.0,4
178685,0,0,0.2060784367681319,2.0,38.400000000000006,19.200000000000003,3.0,3.0,4,0.0,0.0,2.0,2
178690,0,0,0.09221897677409086,3.0,100.8,33.6,5.333333333333333,4.0,6,0.0,0.0,4.0,3
178695,0,0,0.2047624722014681,2.0,41.199999999999996,20.599999999999998,4.0,3.0,2,0.0,0.0,1.0,4
178696,0,0,0.21936174098096228,4.0,64.3,16.075,1.5,5.0,13,0.0,0.0,3.0,4
178712,0,0,0.2392990341906121,2.0,25.5,12.75,3.5,3.0,5,0.0,0.0,1.0,4
178713,0,0,0.1702104482499704,6.0,87.69999999999999,14.616666666666665,5.166666666666667,6.0,11,0.0,0.0,3.0,1
178715,0,0,0.2103629074156913,4.0,54.5,13.625,3.25,6.0,15,0.0,0.0,3.0,4
178724,0,0,0.2689565666118111,1.0,8.8,8.8,3.0,2.0,4,0.0,0.0,0.0,4
178733,1,0,0.08997752412951089,6.0,109.4,18.233333333333334,3.1666666666666665,6.0,8,0.0,0.0,9.0,4
178752,0,0,0.28445909868943564,1.0,25.1,25.1,1.0,2.0,0,0.0,0.0,0.0,1
178753,0,0,0.18003495815455917,2.0,81.6,40.8,3.0,3.0,1,0.0,0.0,0.0,4
178756,0,0,0.1398058293684621,3.0,75.8,25.266666666666666,4.333333333333333,4.0,7,0.0,0.0,3.0,4
178759,0,0,0.17320915542368956,1.0,65.0,65.0,5.0,2.0,4,0.0,0.0,1.0,4
178766,0,0,0.21723153966479256,4.0,61.0,15.25,2.75,5.0,4,0.0,0.0,2.0,4
178767,0,0,0.24183830861460287,1.0,14.6,14.6,3.0,2.0,3,0.0,0.0,1.0,4
178779,1,0,0.15625661640840185,7.0,108.6,15.514285714285714,3.142857142857143,7.0,12,0.0,0.0,5.0,3
178784,0,0,0.1338834033715836,5.0,81.5,16.3,3.8,6.0,11,0.0,0.0,6.0,4
178822,0,0,0.27551986437148496,2.0,24.5,12.25,2.5,3.0,2,0.0,0.0,0.0,2
178823,1,0,0.16070200731409298,3.0,47.1,15.700000000000001,2.3333333333333335,4.0,10,0.0,0.0,6.0,4
178824,0,0,0.25116794733432446,3.0,42.400000000000006,14.133333333333335,2.6666666666666665,4.0,8,0.0,0.0,1.0,4
178827,0,0,0.14466534013577464,4.0,87.3,21.825,2.75,5.0,7,0.0,0.0,4.0,4
178828,1,0,0.3027035471951317,3.0,15.6,5.2,2.0,5.0,16,0.0,0.0,2.0,4
178831,0,0,0.17755838249103711,2.0,54.400000000000006,27.200000000000003,3.5,3.0,4,0.0,0.0,2.0,3
178836,0,0,0.07802641159615388,6.0,155.4,25.900000000000002,5.166666666666667,6.0,12,0.0,0.0,4.0,3
178841,0,0,0.2176938424099346,2.0,24.400000000000002,12.200000000000001,2.5,3.0,4,0.0,0.0,3.0,4
178845,0,0,0.1818149376711524,3.0,47.9,15.966666666666667,4.0,4.0,6,0.0,0.0,3.0,4
178847,0,0,0.29659644883239167,1.0,6.7,6.7,2.0,2.0,11,0.0,0.0,0.0,4
178849,0,0,0.1386948985933414,4.0,68.6,17.15,3.0,5.0,5,0.0,0.0,6.0,4
178853,0,0,0.05439866940569332,4.0,151.89999999999998,37.974999999999994,4.5,5.0,10,0.0,0.0,6.0,4
178854,0,0,0.1589240975068326,2.0,76.3,38.15,3.0,3.0,9,0.0,0.0,2.0,1
178858,1,0,0.21415260569168726,2.0,39.599999999999994,19.799999999999997,4.0,3.0,12,0.0,0.0,1.0,3
178860,0,0,0.07915853130956263,4.0,92.2,23.05,3.5,5.0,7,0.0,0.0,9.0,4
178863,0,0,0.2213857365764391,3.0,43.6,14.533333333333333,4.0,4.0,2,0.0,0.0,1.0,4
178874,0,0,0.2634653799130288,3.0,34.3,11.433333333333332,4.0,4.0,7,0.0,0.0,0.0,4
178875,0,0,0.05707764853816692,4.0,158.2,39.55,3.5,6.0,17,0.0,0.0,6.0,4
178879,0,0,0.14780551679575557,3.0,52.9,17.633333333333333,5.333333333333333,6.0,17,0.0,0.0,4.0,4
178884,0,0,0.25107232459036194,1.0,21.6,21.6,3.0,2.0,0,0.0,0.0,0.0,1
178896,0,0,0.14126304520950142,3.0,85.39999999999999,28.466666666666665,4.333333333333333,4.0,7,0.0,0.0,2.0,4
178898,0,0,0.27113597816564744,2.0,37.2,18.6,1.0,3.0,14,0.0,0.0,1.0,3
178907,0,0,0.07197115063166253,4.0,134.6,33.65,5.25,5.0,4,0.0,0.0,4.0,1
178914,0,0,0.19153117427017458,3.0,55.2,18.400000000000002,2.6666666666666665,4.0,10,0.0,0.0,3.0,3
178915,0,0,0.2704108216155752,4.0,51.099999999999994,12.774999999999999,2.25,5.0,9,0.0,0.0,1.0,4
178916,0,0,0.20216542956273714,2.0,36.2,18.1,4.5,3.0,2,0.0,0.0,1.0,1
178920,0,0,0.2627883961731443,1.0,12.5,12.5,3.0,2.0,1,0.0,0.0,0.0,4
178922,0,0,0.15268184542333926,6.0,107.9,17.983333333333334,4.333333333333333,6.0,14,0.0,0.0,3.0,4
178928,0,0,0.26751280582006937,1.0,7.4,7.4,3.0,2.0,2,0.0,0.0,0.0,3
178930,0,0,0.05039749590625121,6.0,169.8,28.3,3.3333333333333335,6.0,8,0.0,0.0,8.0,1
178941,0,0,0.26667935844940244,3.0,23.3,7.766666666666667,3.0,5.0,16,0.0,0.0,2.0,3
178943,1,0,0.30954777392481736,0.0,0.0,0.0,0.0,1.0,16,0.0,0.0,0.0,4
178945,0,0,0.025880660369867737,8.0,138.9,17.3625,5.375,8.0,14,0.0,0.0,19.0,4
178954,0,0,0.24786158175868173,2.0,16.8,8.4,2.5,3.0,5,0.0,0.0,2.0,1
178958,0,0,0.2619624410952624,6.0,81.7,13.616666666666667,2.6666666666666665,6.0,16,0.0,0.0,1.0,1
178960,0,0,0.3265816614591787,2.0,8.5,4.25,1.0,5.0,18,0.0,0.0,1.0,4
178961,0,0,0.24988866123028097,4.0,20.299999999999997,5.074999999999999,3.25,5.0,5,0.0,0.0,4.0,4
178965,0,0,0.18404872174158626,3.0,42.2,14.066666666666668,3.3333333333333335,4.0,7,0.0,0.0,4.0,4
178968,0,0,0.11463770261080068,10.0,152.7,15.27,4.7,9.0,13,1.0,4.99,7.0,2
178971,0,0,0.18902956325796016,2.0,59.3,29.65,3.5,3.0,7,0.0,0.0,1.0,2
178983,0,0,0.17210043948813572,3.0,63.800000000000004,21.26666666666667,4.0,4.0,3,0.0,0.0,2.0,4
178986,0,0,0.0882875247766402,6.0,166.7,27.78333333333333,2.1666666666666665,6.0,9,0.0,0.0,4.0,3
178987,0,0,0.044180985816074686,4.0,144.0,36.0,4.5,6.0,17,0.0,0.0,9.0,4
179000,0,0,0.2619478883840771,1.0,22.4,22.4,2.0,3.0,16,0.0,0.0,1.0,3
179008,0,0,0.11752875368096788,4.0,85.1,21.275,3.25,5.0,9,0.0,0.0,6.0,3
179025,1,0,0.20895238840563649,3.0,46.7,15.566666666666668,2.3333333333333335,4.0,7,0.0,0.0,3.0,4
179034,0,0,0.2930804548334995,3.0,18.299999999999997,6.099999999999999,3.0,4.0,10,0.0,0.0,1.0,1
179041,0,0,0.07523440498621398,5.0,112.10000000000001,22.42,3.4,6.0,14,0.0,0.0,9.0,1
179049,0,0,0.2917634890104091,2.0,11.3,5.65,2.5,4.0,18,0.0,0.0,1.0,3
179050,1,0,0.19198604464167943,6.0,82.3,13.716666666666667,4.166666666666667,6.0,9,0.0,0.0,3.0,1
179052,0,0,0.14236876418206218,3.0,75.4,25.133333333333336,4.0,4.0,4,0.0,0.0,3.0,4
179058,0,0,0.26537431839823883,3.0,37.0,12.333333333333334,1.6666666666666667,5.0,17,0.0,0.0,2.0,4
179068,0,0,0.3630043069602089,4.0,25.2,6.3,2.25,6.0,18,0.0,0.0,0.0,4
179071,0,0,0.10310159470304135,5.0,116.2,23.240000000000002,2.4,6.0,7,0.0,0.0,6.0,1
179074,0,0,0.1079384399667868,6.0,90.6,15.1,3.5,6.0,11,0.0,0.0,9.0,4
179079,0,0,0.19197269827150934,4.0,71.4,17.85,3.5,5.0,13,0.0,0.0,2.0,1
179081,0,0,0.2212558238303945,1.0,44.8,44.8,4.0,2.0,8,0.0,0.0,0.0,1
179085,1,0,0.2325543464984087,3.0,53.400000000000006,17.8,3.0,4.0,18,0.0,0.0,1.0,3
179086,0,0,0.26749640434587835,2.0,28.700000000000003,14.350000000000001,1.5,3.0,3,0.0,0.0,1.0,4
179087,0,0,0.21848824369706688,4.0,77.2,19.3,3.25,5.0,5,1.0,9.99,0.0,1
179107,0,0,0.13151007438070728,3.0,57.199999999999996,19.066666666666666,3.3333333333333335,4.0,3,0.0,0.0,6.0,3
179112,0,0,0.19460194528399252,3.0,63.3,21.099999999999998,3.0,4.0,7,1.0,1.99,2.0,1
179118,0,0,0.2158822710456051,6.0,87.3,14.549999999999999,3.5,6.0,14,0.0,0.0,2.0,3
179129,1,0,0.11232367782950149,3.0,97.8,32.6,5.0,4.0,16,0.0,0.0,3.0,3
179136,0,0,0.08962759588797818,4.0,140.4,35.1,3.5,5.0,8,0.0,0.0,3.0,3
179139,0,0,0.1692891692491898,5.0,61.3,12.26,3.2,6.0,9,0.0,0.0,6.0,4
179147,0,0,0.07986210561377612,7.0,129.0,18.428571428571427,3.0,7.0,16,0.0,0.0,10.0,4
179155,0,0,0.24582537005775776,3.0,33.5,11.166666666666666,4.0,4.0,9,0.0,0.0,1.0,4
179166,0,0,0.2647453500044278,3.0,23.8,7.933333333333334,4.0,4.0,9,0.0,0.0,1.0,4
179168,0,0,0.262143632547528,1.0,13.3,13.3,3.0,2.0,4,0.0,0.0,0.0,1
179169,0,0,0.1217136820934769,3.0,69.5,23.166666666666668,6.0,4.0,16,0.0,0.0,4.0,4
179171,0,0,0.16594927408238166,5.0,79.0,15.8,2.8,8.0,18,0.0,0.0,5.0,4
179192,0,0,0.2665128729055127,1.0,0.6,0.6,3.0,3.0,18,0.0,0.0,1.0,4
179198,0,0,0.1850652971890605,3.0,65.7,21.900000000000002,3.0,4.0,8,0.0,0.0,2.0,2
179199,0,0,0.276431058199745,1.0,15.0,15.0,1.0,2.0,2,0.0,0.0,1.0,4
179220,0,0,0.24517446455536754,1.0,9.5,9.5,4.0,2.0,1,0.0,0.0,0.0,1
179225,0,0,0.24199765560234002,3.0,47.5,15.833333333333334,3.6666666666666665,4.0,5,0.0,0.0,0.0,4
179236,0,0,0.23991520688531087,1.0,7.0,7.0,4.0,2.0,13,0.0,0.0,1.0,4
179243,0,0,0.05992348663385663,3.0,169.9,56.63333333333333,6.333333333333333,4.0,8,0.0,0.0,1.0,2
179250,0,0,0.055827525299577234,8.0,96.1,12.0125,5.125,8.0,14,1.0,1.99,17.0,3
179252,0,0,0.20926968838764826,4.0,48.0,12.0,3.0,6.0,17,0.0,0.0,4.0,4
179256,0,0,0.24965000689533273,3.0,57.0,19.0,2.3333333333333335,4.0,8,0.0,0.0,0.0,4
179257,0,0,0.03825327456263619,5.0,164.70000000000002,32.940000000000005,4.4,6.0,6,0.0,0.0,9.0,4
179264,0,0,0.27796069336299506,2.0,24.7,12.35,2.5,3.0,4,0.0,0.0,0.0,3
179270,0,0,0.10422761400292938,3.0,84.7,28.233333333333334,3.6666666666666665,5.0,15,0.0,0.0,6.0,3
179274,0,0,0.18424596290333634,4.0,66.9,16.725,2.5,5.0,16,0.0,0.0,4.0,4
179277,0,0,0.08766612004783192,6.0,148.5,24.75,3.5,8.0,17,0.0,0.0,5.0,1
179286,0,0,0.2310729764079442,4.0,39.400000000000006,9.850000000000001,3.5,5.0,10,0.0,0.0,3.0,3
179296,0,0,0.25424827764361807,1.0,13.1,13.1,4.0,2.0,12,0.0,0.0,0.0,4
179303,0,0,0.234957874741622,1.0,51.7,51.7,2.0,4.0,18,0.0,0.0,1.0,1
179307,0,0,0.04227625635813917,7.0,224.79999999999998,32.114285714285714,3.857142857142857,7.0,13,0.0,0.0,5.0,4
179309,0,0,0.22319740726323378,2.0,27.099999999999998,13.549999999999999,5.5,3.0,5,0.0,0.0,0.0,4
179318,0,0,0.23157430909000645,2.0,48.3,24.15,2.0,3.0,12,0.0,0.0,1.0,1
179342,0,0,0.07290679916255238,4.0,163.3,40.825,4.25,5.0,4,0.0,0.0,2.0,4
179358,0,0,0.14122394929755586,7.0,122.0,17.428571428571427,2.7142857142857144,7.0,11,0.0,0.0,5.0,4
179366,0,0,0.15743588203544928,4.0,75.8,18.95,2.0,5.0,10,0.0,0.0,5.0,4
179370,0,0,0.10912187127926934,5.0,120.2,24.04,3.8,6.0,10,0.0,0.0,4.0,2
179381,0,0,0.2965233400958014,1.0,16.6,16.6,1.0,2.0,1,0.0,0.0,0.0,4
179394,0,0,0.29030395236806333,3.0,8.5,2.8333333333333335,2.0,4.0,10,0.0,0.0,3.0,4
179396,0,0,0.2781280672762786,3.0,48.599999999999994,16.2,2.0,6.0,17,0.0,0.0,0.0,4
179403,0,0,0.11644340048899414,2.0,49.3,24.65,7.0,3.0,7,0.0,0.0,4.0,2
179413,0,0,0.1758616190576257,1.0,12.3,12.3,5.0,2.0,2,0.0,0.0,3.0,4
179446,0,0,0.17843591848560764,3.0,49.7,16.566666666666666,4.0,4.0,7,0.0,0.0,3.0,2
179456,1,0,0.29966381279988424,3.0,27.5,9.166666666666666,2.0,4.0,14,0.0,0.0,1.0,4
179461,0,0,0.10146485813145081,3.0,142.4,47.46666666666667,3.3333333333333335,4.0,8,0.0,0.0,1.0,4
179464,0,0,0.2525458254667637,1.0,14.7,14.7,1.0,2.0,2,0.0,0.0,2.0,1
179465,0,0,0.025790323240472243,6.0,153.8,25.633333333333336,4.833333333333333,6.0,12,0.0,0.0,15.0,4
179471,0,0,0.28709130440697783,2.0,31.2,15.6,1.5,3.0,5,0.0,0.0,0.0,4
179478,0,0,0.19330633690076715,2.0,57.9,28.95,2.0,3.0,2,0.0,0.0,2.0,4
179479,0,0,0.21824615451408028,2.0,9.3,4.65,4.0,3.0,6,0.0,0.0,3.0,4
179484,0,0,0.22169329879361677,2.0,37.6,18.8,4.5,3.0,6,0.0,0.0,0.0,1
179489,0,0,0.029672750224591305,5.0,233.29999999999998,46.66,3.6,6.0,6,0.0,0.0,5.0,4
179496,0,0,0.28958221295617276,1.0,4.9,4.9,2.0,2.0,2,0.0,0.0,0.0,4
179499,0,0,0.1579133604903249,5.0,119.19999999999999,23.839999999999996,4.2,6.0,13,0.0,0.0,0.0,1
179502,0,0,0.18462243826628535,4.0,70.5,17.625,4.25,6.0,16,0.0,0.0,2.0,2
179503,1,0,0.273817317003066,1.0,19.4,19.4,2.0,2.0,0,0.0,0.0,0.0,4
179504,0,0,0.12790045715331655,5.0,102.3,20.46,4.4,6.0,15,0.0,0.0,4.0,4
179509,0,0,0.07723064122183249,4.0,151.10000000000002,37.775000000000006,3.0,5.0,11,0.0,0.0,4.0,4
179536,0,0,0.1847497135539733,3.0,43.6,14.533333333333333,4.666666666666667,4.0,15,0.0,0.0,3.0,3
179537,0,0,0.28350055138774727,1.0,10.2,10.2,2.0,2.0,1,0.0,0.0,0.0,4
179546,0,0,0.2653545532320042,1.0,3.1,3.1,4.0,4.0,17,0.0,0.0,0.0,4
179550,0,0,0.28455208026026385,1.0,15.2,15.2,2.0,2.0,3,1.0,9.99,0.0,4
179553,0,0,0.08406722281093701,5.0,148.3,29.660000000000004,4.6,6.0,8,0.0,0.0,3.0,3
179556,0,0,0.22007627921443348,3.0,50.0,16.666666666666668,3.3333333333333335,4.0,4,0.0,0.0,1.0,1
179557,0,0,0.2919927370228634,1.0,0.8,0.8,1.0,2.0,4,0.0,0.0,1.0,4
179572,0,0,0.2816103962360693,3.0,24.8,8.266666666666667,2.0,4.0,13,0.0,0.0,2.0,4
179579,0,0,0.22844005534803558,1.0,31.0,31.0,4.0,2.0,0,0.0,0.0,0.0,4
179581,0,0,0.21016055735924147,1.0,29.3,29.3,4.0,2.0,2,0.0,0.0,1.0,1
179582,0,0,0.22203877862336496,2.0,56.3,28.15,3.0,3.0,9,0.0,0.0,0.0,4
179585,0,0,0.2515063864513633,2.0,40.0,20.0,2.5,3.0,3,0.0,0.0,0.0,4
179593,0,0,0.0909343829779453,7.0,163.5,23.357142857142858,3.857142857142857,7.0,10,0.0,0.0,4.0,3
179594,0,0,0.2561321622458874,1.0,26.9,26.9,3.0,2.0,11,0.0,0.0,0.0,1
179601,0,0,0.07166121678527837,6.0,147.2,24.53333333333333,2.8333333333333335,6.0,14,1.0,4.99,8.0,1
179613,0,0,0.22466615887382488,3.0,42.599999999999994,14.199999999999998,3.3333333333333335,4.0,17,0.0,0.0,2.0,1
179639,0,0,0.2510169775668377,3.0,49.3,16.433333333333334,3.0,4.0,6,0.0,0.0,0.0,4
179640,0,0,0.12789388620339925,3.0,88.39999999999999,29.466666666666665,5.333333333333333,4.0,9,0.0,0.0,2.0,4
179643,0,0,0.06981062361311789,3.0,110.4,36.800000000000004,6.333333333333333,4.0,5,0.0,0.0,5.0,4
179644,0,0,0.2504906965053898,3.0,44.0,14.666666666666666,4.0,5.0,18,0.0,0.0,0.0,1
179654,0,0,0.08895885573790765,6.0,109.8,18.3,5.666666666666667,6.0,9,0.0,0.0,7.0,4
179655,0,0,0.11826514078506137,4.0,48.3,12.075,4.25,7.0,17,0.0,0.0,9.0,4
179662,0,0,0.29868605339072923,1.0,0.6,0.6,2.0,2.0,7,0.0,0.0,0.0,4
179672,0,0,0.24692166385528197,1.0,10.4,10.4,4.0,2.0,1,0.0,0.0,0.0,4
179682,0,0,0.2764881042817065,3.0,22.7,7.566666666666666,3.3333333333333335,4.0,6,0.0,0.0,1.0,4
179684,0,0,0.18230714454353347,2.0,53.6,26.8,5.5,3.0,4,0.0,0.0,0.0,1
179687,1,0,0.10494725947362096,5.0,79.1,15.819999999999999,3.6,6.0,13,0.0,0.0,9.0,4
179691,0,0,0.21165036662565181,1.0,13.5,13.5,5.0,2.0,5,0.0,0.0,1.0,4
179699,0,0,0.14284560758105355,5.0,92.3,18.46,3.0,7.0,17,0.0,0.0,5.0,2
179701,0,0,0.18815368723698397,3.0,82.7,27.566666666666666,2.0,4.0,7,0.0,0.0,1.0,1
179708,0,0,0.30855348657992987,1.0,3.6,3.6,1.0,2.0,2,0.0,0.0,0.0,2
179715,0,0,0.07853920814306134,5.0,123.3,24.66,3.8,6.0,9,0.0,0.0,7.0,4
179718,0,0,0.39274601920673147,5.0,28.8,5.76,1.8,6.0,9,0.0,0.0,0.0,2
179723,0,0,0.28605666966369697,2.0,22.299999999999997,11.149999999999999,2.5,3.0,7,0.0,0.0,0.0,4
179741,0,0,0.16985884034537976,2.0,14.100000000000001,7.050000000000001,8.0,3.0,5,0.0,0.0,2.0,4
179748,0,0,0.2574000240724614,2.0,22.7,11.35,1.5,3.0,7,0.0,0.0,2.0,1
179782,0,0,0.22183785395019623,1.0,41.4,41.4,3.0,2.0,7,0.0,0.0,1.0,3
179794,0,0,0.1664872853051448,3.0,52.1,17.366666666666667,4.0,4.0,16,0.0,0.0,4.0,4
179795,0,0,0.20405476385285592,3.0,45.2,15.066666666666668,2.6666666666666665,4.0,4,0.0,0.0,3.0,4
179802,0,0,0.07292025443510872,4.0,127.60000000000001,31.900000000000002,3.75,5.0,5,0.0,0.0,6.0,4
179804,0,0,0.1298055333312787,8.0,128.8,16.1,3.625,9.0,16,0.0,0.0,6.0,4
179809,1,0,0.34316654486911347,3.0,16.7,5.566666666666666,2.3333333333333335,4.0,16,0.0,0.0,0.0,4
179810,0,0,0.28619563325819686,1.0,7.4,7.4,2.0,2.0,1,0.0,0.0,0.0,4
179812,0,0,0.2361916743959576,2.0,20.4,10.2,3.5,5.0,18,0.0,0.0,2.0,4
179820,0,0,0.222809087921866,3.0,25.2,8.4,3.6666666666666665,4.0,4,0.0,0.0,3.0,4
179829,0,0,0.24836107603818022,1.0,17.1,17.1,3.0,2.0,13,0.0,0.0,1.0,4
179838,0,0,0.2988161075219372,2.0,13.1,6.55,3.0,4.0,16,0.0,0.0,0.0,2
179839,0,0,0.10674490687030683,4.0,103.8,25.95,3.5,5.0,10,0.0,0.0,5.0,4
179840,0,0,0.04485505649032384,5.0,139.29999999999998,27.859999999999996,3.8,6.0,15,0.0,0.0,11.0,4
179857,0,0,0.20738573158022966,3.0,38.4,12.799999999999999,2.6666666666666665,4.0,17,0.0,0.0,4.0,4
179860,0,0,0.016926822576923007,8.0,244.1,30.5125,4.75,8.0,14,0.0,0.0,12.0,3
179863,0,0,0.24300906907916572,1.0,22.2,22.2,2.0,3.0,17,0.0,0.0,2.0,4
179878,0,0,0.2604071580350509,1.0,33.9,33.9,2.0,2.0,0,0.0,0.0,0.0,4
179885,0,0,0.059558085832075364,5.0,167.1,33.42,5.4,6.0,13,0.0,0.0,4.0,4
179886,0,0,0.2793002458174682,1.0,13.6,13.6,2.0,2.0,0,0.0,0.0,0.0,4
179889,0,0,0.2133833449310363,4.0,57.0,14.25,4.0,6.0,18,0.0,0.0,2.0,2
179897,0,0,0.02965392216668736,9.0,250.89999999999998,27.877777777777776,4.0,9.0,14,0.0,0.0,8.0,1
179898,0,0,0.2867527528228502,4.0,47.8,11.95,3.0,5.0,10,0.0,0.0,0.0,4
179904,0,0,0.23322176444398118,1.0,25.3,25.3,4.0,2.0,0,0.0,0.0,0.0,4
179915,1,0,0.28302731544415227,1.0,7.8,7.8,2.0,2.0,1,0.0,0.0,0.0,1
179923,0,0,0.2885370652797525,3.0,25.1,8.366666666666667,2.3333333333333335,4.0,4,0.0,0.0,1.0,4
179932,0,0,0.19020649195088282,4.0,90.60000000000001,22.650000000000002,2.25,5.0,5,0.0,0.0,1.0,3
179937,0,0,0.19493393341062767,2.0,62.7,31.35,4.0,3.0,6,0.0,0.0,0.0,4
179938,0,0,0.05006742309469346,5.0,167.0,33.4,5.4,6.0,13,1.0,4.99,6.0,4
179939,0,0,0.21566199510992654,2.0,25.200000000000003,12.600000000000001,6.0,3.0,2,0.0,0.0,0.0,4
179945,0,0,0.16486268840926507,4.0,46.6,11.65,3.5,5.0,7,0.0,0.0,6.0,4
179952,0,0,0.23383869120961112,6.0,92.6,15.433333333333332,3.0,7.0,16,0.0,0.0,1.0,4
179958,0,0,0.22176614862638466,3.0,57.4,19.133333333333333,4.0,4.0,11,0.0,0.0,0.0,2
179964,0,0,0.17954344041426928,5.0,71.5,14.3,4.6,6.0,9,0.0,0.0,3.0,1
179965,0,0,0.0864568802138851,3.0,119.4,39.800000000000004,2.6666666666666665,4.0,3,0.0,0.0,5.0,2
179992,0,0,0.2793525709906,3.0,10.7,3.5666666666666664,2.6666666666666665,5.0,18,0.0,0.0,3.0,4
180013,0,0,0.30519710163982816,2.0,18.8,9.4,2.0,3.0,10,0.0,0.0,0.0,4
180016,0,0,0.22497084179435875,1.0,14.5,14.5,5.0,2.0,2,0.0,0.0,0.0,1
180017,1,0,0.26000227347204696,2.0,22.400000000000002,11.200000000000001,3.0,4.0,17,0.0,0.0,1.0,1
180024,0,0,0.3198777466364033,3.0,22.4,7.466666666666666,2.3333333333333335,4.0,9,0.0,0.0,0.0,1
180028,0,0,0.18875588620296996,2.0,42.099999999999994,21.049999999999997,1.5,3.0,3,0.0,0.0,4.0,4
180032,0,0,0.08731915623831246,7.0,135.8,19.400000000000002,5.428571428571429,7.0,10,0.0,0.0,6.0,2
180035,0,0,0.1796780860927023,2.0,40.3,20.15,3.5,3.0,3,0.0,0.0,3.0,4
180039,0,0,0.2325130396271363,3.0,35.3,11.766666666666666,4.333333333333333,4.0,4,0.0,0.0,1.0,4
180044,0,0,0.2893352064542537,2.0,12.299999999999999,6.1499999999999995,2.5,3.0,16,0.0,0.0,1.0,3
180045,0,0,0.2855889872317565,1.0,6.1,6.1,2.0,2.0,1,0.0,0.0,0.0,2
180046,0,0,0.26840490981146914,2.0,22.4,11.2,2.0,3.0,3,0.0,0.0,1.0,3
180070,0,0,0.20124294433820034,5.0,84.3,16.86,3.2,7.0,18,0.0,0.0,2.0,3
180072,0,0,0.26273482508615753,2.0,27.6,13.8,3.0,3.0,3,0.0,0.0,0.0,3
180111,0,0,0.29406069863401174,2.0,15.5,7.75,1.5,3.0,8,0.0,0.0,1.0,2
180118,0,0,0.2358662252230948,1.0,18.3,18.3,1.0,2.0,7,0.0,0.0,3.0,4
180125,0,0,0.23995221422521718,2.0,22.8,11.4,3.0,5.0,17,0.0,0.0,2.0,4
180130,0,0,0.024977940554801945,8.0,165.1,20.6375,4.75,9.0,15,0.0,0.0,17.0,4
180131,0,0,0.282243175948866,1.0,5.0,5.0,1.0,2.0,1,0.0,0.0,1.0,1
180137,0,0,0.17831068605342285,3.0,63.9,21.3,4.666666666666667,4.0,5,0.0,0.0,1.0,1
180147,0,0,0.17172003051460308,3.0,36.9,12.299999999999999,6.0,4.0,7,0.0,0.0,3.0,4
180150,0,0,0.10216381577002126,5.0,101.2,20.240000000000002,3.8,6.0,17,0.0,0.0,7.0,4
180153,0,0,0.25515258767183724,3.0,53.7,17.900000000000002,2.3333333333333335,4.0,7,0.0,0.0,0.0,4
180156,0,0,0.20492279520835818,3.0,40.9,13.633333333333333,3.3333333333333335,4.0,9,0.0,0.0,3.0,4
180160,0,0,0.2803741896365138,1.0,13.5,13.5,2.0,2.0,2,0.0,0.0,0.0,3
180167,0,0,0.10812902537122916,7.0,164.2,23.457142857142856,4.142857142857143,9.0,16,0.0,0.0,2.0,1
180179,0,0,0.21982395306468167,1.0,21.7,21.7,5.0,2.0,0,0.0,0.0,0.0,4
180189,0,0,0.29613201519354376,1.0,15.1,15.1,1.0,2.0,2,0.0,0.0,0.0,1
180191,0,0,0.28678534612008694,1.0,2.9,2.9,2.0,2.0,0,0.0,0.0,0.0,1
180197,0,0,0.13702637172715568,4.0,85.0,21.25,3.75,5.0,11,0.0,0.0,4.0,1
180199,0,0,0.08674241400630905,5.0,90.89999999999999,18.18,4.6,7.0,18,0.0,0.0,9.0,4
180203,0,0,0.25237667967719923,1.0,13.8,13.8,3.0,4.0,17,0.0,0.0,1.0,4
180208,1,0,0.13739972095701775,2.0,56.900000000000006,28.450000000000003,4.5,3.0,10,0.0,0.0,4.0,4
180210,0,0,0.26006623682358254,1.0,19.5,19.5,3.0,2.0,6,0.0,0.0,0.0,3
180215,0,0,0.20527402303825062,3.0,40.4,13.466666666666667,2.3333333333333335,4.0,12,0.0,0.0,4.0,4
180216,0,0,0.1975428068944872,2.0,29.6,14.8,4.5,3.0,4,0.0,0.0,2.0,4
180231,0,0,0.3175326959107809,1.0,2.7,2.7,1.0,2.0,9,0.0,0.0,0.0,3
180232,0,0,0.05437096667739407,6.0,128.8,21.46666666666667,4.333333333333333,6.0,11,0.0,0.0,11.0,4
180233,0,0,0.2975285613625632,2.0,12.9,6.45,2.5,3.0,3,0.0,0.0,0.0,2
180235,0,0,0.06068388203959015,5.0,198.8,39.760000000000005,3.4,6.0,10,0.0,0.0,2.0,1
180237,0,0,0.15124156503649838,4.0,59.8,14.95,3.25,5.0,11,0.0,0.0,6.0,4
180238,0,0,0.29517074104423,2.0,15.2,7.6,2.5,3.0,3,0.0,0.0,0.0,4
180245,0,0,0.19450633564276523,1.0,34.6,34.6,6.0,2.0,1,0.0,0.0,0.0,3
180257,0,0,0.06893195079032706,5.0,159.0,31.8,5.8,6.0,13,0.0,0.0,3.0,2
180261,0,0,0.17912719880039876,3.0,35.4,11.799999999999999,4.333333333333333,4.0,5,0.0,0.0,4.0,4
180263,0,0,0.262030362550842,1.0,11.4,11.4,3.0,2.0,1,0.0,0.0,0.0,2
180270,0,0,0.23485046089876768,2.0,30.6,15.3,2.0,3.0,6,0.0,0.0,2.0,1
180274,0,0,0.2062151424947553,1.0,59.7,59.7,4.0,2.0,2,0.0,0.0,0.0,3
180275,0,0,0.23498553867892968,1.0,11.4,11.4,5.0,2.0,8,0.0,0.0,0.0,4
180283,0,0,0.19043675360531118,2.0,57.900000000000006,28.950000000000003,2.5,3.0,8,0.0,0.0,2.0,4
180284,0,0,0.27210524215206433,1.0,11.4,11.4,3.0,2.0,10,0.0,0.0,0.0,4
